time_s,ee_x,ee_y,ee_z,error_true_m,error_measured_m
0.005,0.3913614999999999,-0.0009794652485835562,0.24634517669302677,0.14384592968467252,0.14460793275067407
0.01,0.39138777521394646,-0.0009794878118838338,0.24623686254200583,0.14382777852359935,0.14460793275067407
0.015,0.39142518101422014,-0.0009795091926832178,0.24608425199476955,0.14380258440721966,0.14460793275067407
0.02,0.3914581011243018,-0.0009795133515549436,0.24595198998169557,0.14378119404587558,0.14460793275067407
0.025,0.391477870188091,-0.000979495787804888,0.24587186176051828,0.14376817104312287,0.14489980327788432
0.030000000000000002,0.39148402973386065,-0.000979465138068505,0.24584634487157256,0.14376392946076377,0.14489980327788432
0.035,0.3914776530727935,-0.0009794285091421612,0.24587055691229695,0.1437675693095755,0.14489980327788432
0.04,0.3914639596301399,-0.0009793951831562,0.24592318662280363,0.14377563504423393,0.14489980327788432
0.045,0.39144954588926917,-0.000979372613147678,0.2459780764255974,0.14378399301903028,0.14369782893162902
0.049999999999999996,0.3912591075974673,-0.00044289811288328903,0.24555528610016106,0.1431512647253551,0.14369782893162902
0.05499999999999999,0.3909036590333804,0.0005943807246594449,0.24469318140791216,0.14192403895581462,0.14369782893162902
0.05999999999999999,0.39038777941089575,0.002098964994727399,0.2434262072939869,0.14014420716489387,0.14369782893162902
0.06499999999999999,0.38971627907934697,0.003233028185438816,0.24236676491248907,0.13859220878228856,0.1394349508494133
0.06999999999999999,0.3889465378001592,0.0037532028704194737,0.2419781770517841,0.13761213570368247,0.1394349508494133
0.075,0.3884074297520831,0.003706720967442118,0.24200599513992352,0.13730539992988927,0.1394349508494133
0.08,0.3881761942739334,0.003131986442355735,0.2422295603700878,0.137629172257517,0.1394349508494133
0.085,0.38822411751146507,0.002360311848366624,0.24223503662691526,0.13820565086819672,0.134253796565817
0.09000000000000001,0.3885283180784573,0.0017050640120188734,0.2418330787462588,0.13874135655986827,0.134253796565817
0.09500000000000001,0.38889862793623337,0.001387696623430381,0.24157236838685572,0.13912445593593492,0.134253796565817
0.10000000000000002,0.3891456744193931,0.0014447099007924647,0.24190063283071103,0.13934044461620412,0.134253796565817
0.10500000000000002,0.38922597576818774,0.0017496113151694902,0.24287588838412622,0.13947313516671786,0.1389961195660714
0.11000000000000003,0.3890977522679486,0.002570758220764223,0.24331653277002174,0.13895030991003188,0.1389961195660714
0.11500000000000003,0.38877870154708083,0.003872716185028915,0.24326463775980092,0.13781850899830705,0.1389961195660714
0.12000000000000004,0.38827899772699714,0.005622340084537622,0.24275814027752832,0.13611973659537632,0.1389961195660714
0.12500000000000003,0.3876162837186782,0.007274117491302926,0.24225056998769842,0.13438680412888018,0.13514245703671138
0.13000000000000003,0.38682082724301187,0.008254120184597464,0.2418950024661944,0.13308025299760154,0.13514245703671138
0.13500000000000004,0.3859095125540056,0.00862570559370212,0.24167884429510444,0.1321621431700137,0.13514245703671138
0.14000000000000004,0.3850054427770337,0.008433760137192494,0.24137972251049736,0.13161528414047705,0.13514245703671138
0.14500000000000005,0.38443740801739573,0.007727716314524493,0.24099074810376114,0.1316210151888179,0.13453164114192226
0.15000000000000005,0.3841901158851542,0.0065398401481584385,0.2404793735551155,0.132141427174456,0.13453164114192226
0.15500000000000005,0.3842280607996653,0.005102558733806372,0.2396150983587781,0.1329257183652526,0.13453164114192226
0.16000000000000006,0.3845153445978261,0.004082387965694948,0.23840092156025666,0.13348281742430276,0.13453164114192226
0.16500000000000006,0.3850338723635139,0.0036723869260118793,0.23711496322605288,0.13374336987281873,0.13408328944318196
0.17000000000000007,0.3853686780288401,0.003826606920460868,0.23625654766080645,0.13361014172997365,0.13408328944318196
0.17500000000000007,0.38553141808429275,0.0045066017350465955,0.2358113340448901,0.13310546283971142,0.13408328944318196
0.18000000000000008,0.3855353730381351,0.005676940241779435,0.23575090403374346,0.13225455297325578,0.13408328944318196
0.18500000000000008,0.38540457794697724,0.007305302143341259,0.2366429742346307,0.1312591197052547,0.13185037615828402
0.19000000000000009,0.3850620811981666,0.00935656299620352,0.23759141883136004,0.12986494946435487,0.13185037615828402
0.1950000000000001,0.3845271320320308,0.011564478969272665,0.23859040215577806,0.12827664077329617,0.13185037615828402
0.2000000000000001,0.3838443737838012,0.01306076542249027,0.23963595850962027,0.12711930904114205,0.13185037615828402
0.2050000000000001,0.3830331593906432,0.013891849985892133,0.2407231660977869,0.12636255503222465,0.12598637772078744
0.2100000000000001,0.3821059633467489,0.014120833909884882,0.2418468859445854,0.12596738565474155,0.12598637772078744
0.2150000000000001,0.3812723431642091,0.013798833404144301,0.24225834944047475,0.12578395360029318,0.12598637772078744
0.2200000000000001,0.3807287136164121,0.01297290228465606,0.24142231533183145,0.1257244970018428,0.12598637772078744
0.22500000000000012,0.38046045809303186,0.01167540895091821,0.23956863334352146,0.12586022185425433,0.12636183185029262
0.23000000000000012,0.3804710987900871,0.01039383848437456,0.2374547539572135,0.1261258122512744,0.12636183185029262
0.23500000000000013,0.3807144077603063,0.009752744212320535,0.23509105010673523,0.1260585760466032,0.12636183185029262
0.24000000000000013,0.3811643144669649,0.00970007244371454,0.23247420454773127,0.1256833195796907,0.12636183185029262
0.24500000000000013,0.3817937367097353,0.010196699408056339,0.22961558371752058,0.12502772077054738,0.1254468595839763
0.2500000000000001,0.3822196634003471,0.011189593005699777,0.2275134777663315,0.12411427355045851,0.1254468595839763
0.2550000000000001,0.3824929706939035,0.012651982854287164,0.22649185117002504,0.12303082740357281,0.1254468595839763
0.2600000000000001,0.382627393233774,0.014555155953323053,0.22648470157772677,0.12177662708595155,0.1254468595839763
0.2650000000000001,0.38262920901971953,0.016870667027215083,0.2274052193581878,0.12037075322434033,0.1262468862796606
0.27000000000000013,0.38245070934875963,0.018466564608638585,0.22836915217723017,0.1193759999082135,0.1262468862796606
0.27500000000000013,0.38211595202568766,0.019387766952959563,0.2293726551498211,0.11876074504846165,0.1262468862796606
0.28000000000000014,0.3816410304511042,0.01969702376440427,0.23041180079999884,0.11848503480740337,0.1262468862796606
0.28500000000000014,0.3810376204494659,0.019434969897899557,0.2314827334729537,0.11852840381272786,0.11945454752051739
0.29000000000000015,0.3802822627569267,0.018644385354050608,0.23199876764020516,0.11869245501835524,0.11945454752051739
0.29500000000000015,0.37939188509490834,0.017357561495401144,0.23201199880996387,0.11898576439523621,0.11945454752051739
0.30000000000000016,0.37840829033909096,0.015609211673034104,0.23149356914027294,0.11942156440751855,0.11945454752051739
0.30500000000000016,0.3777687095739628,0.01363350687974367,0.23063789565741222,0.12019078156416631,0.11807662530160767
0.31000000000000016,0.3774066884933756,0.012351741317718084,0.2294601329481006,0.12058985076226962,0.11807662530160767
0.31500000000000017,0.3772918584912666,0.011704188487040485,0.227978485958318,0.12063572189151046,0.11807662530160767
0.3200000000000002,0.3773993548728212,0.011652976587753168,0.22621005422678497,0.12034460363100631,0.11807662530160767
0.3250000000000002,0.3777023305355784,0.01216012842329261,0.22416931446067515,0.11973993056107778,0.12097001026940057
0.3300000000000002,0.37814137109185236,0.013188331696884298,0.22265771704677853,0.11897777847756548,0.12097001026940057
0.3350000000000002,0.3784420680312641,0.014684218303139577,0.22219403412130392,0.11800218554817286,0.12097001026940057
0.3400000000000002,0.37861071838942917,0.01661315575153169,0.22270192773120354,0.11682631707853004,0.12097001026940057
0.3450000000000002,0.37860241440391296,0.018941223863717126,0.2237545750464853,0.11538260083078206,0.11548637963918129
0.3500000000000002,0.37841948177574747,0.02055045426635621,0.22484151352858678,0.1143632206334279,0.11548637963918129
0.3550000000000002,0.3780855404702556,0.02148278056304101,0.22595859771002957,0.11373721542975568,0.11548637963918129
0.3600000000000002,0.37761615797506976,0.0217994159859999,0.22710197648410674,0.11346416371827163,0.11548637963918129
0.3650000000000002,0.3770226272771372,0.02154042008440928,0.2282680996659947,0.11352302080164349,0.11137833908902663
0.3700000000000002,0.37626857845057615,0.020728807896213827,0.22886490296665876,0.11372774762432292,0.11137833908902663
0.3750000000000002,0.37537133838783576,0.019418242631446085,0.22894987593737462,0.11407170371204035,0.11137833908902663
0.3800000000000002,0.3743397045564586,0.017654584865063175,0.22856391268907425,0.11455590851368468,0.11137833908902663
0.38500000000000023,0.37365989277228234,0.01550303026205746,0.22783878637313554,0.11550115031828899,0.1168492701985103
0.39000000000000024,0.3732494380463761,0.014085500657258446,0.22679258792426593,0.11603716705910808,0.1168492701985103
0.39500000000000024,0.3730806129773582,0.013335421489683188,0.22543867832229011,0.11618369729141105,0.1168492701985103
0.40000000000000024,0.3731314245218311,0.013178064109817287,0.22379187896291533,0.11598408213585731,0.1168492701985103
0.40500000000000025,0.3733760851148648,0.013571083274016658,0.2218669837220245,0.11546502713077296,0.1179608630856032
0.41000000000000025,0.37386350108754396,0.014494211279008896,0.22026628132789275,0.114794507083613,0.1179608630856032
0.41500000000000026,0.3743095129118422,0.015897041711479383,0.21952060318135241,0.1139134111974517,0.1179608630856032
0.42000000000000026,0.3746199254855701,0.017740640958536866,0.21976334831696784,0.11280658387737028,0.1179608630856032
0.42500000000000027,0.3747521129868608,0.019991591722646064,0.2206466074205179,0.1114248903479521,0.11158093812118178
0.43000000000000027,0.3747066937206279,0.02149551682243287,0.22156341525341464,0.11049445616426114,0.11158093812118178
0.4350000000000003,0.3745052720575572,0.02232610596276066,0.22251685641243732,0.10996034831691476,0.11158093812118178
0.4400000000000003,0.37416205856808193,0.022560884971979212,0.22350665190638,0.10976971418030736,0.11158093812118178
0.4450000000000003,0.3736881603360711,0.022242659146115156,0.2245296231582979,0.10989927862670372,0.11040060569590784
0.4500000000000003,0.37303197898121715,0.02141722158060284,0.22499783490190717,0.11015359625453917,0.11040060569590784
0.4550000000000003,0.37221523407568735,0.020102139824669293,0.22495998135258202,0.11055183744436026,0.11040060569590784
0.4600000000000003,0.37125003011682606,0.018313908465413347,0.22445025210142336,0.11111705166025893,0.11040060569590784
0.4650000000000003,0.3701734244212902,0.01681366571103997,0.22400588943940516,0.1114475591263536,0.10858253069150667
0.4700000000000003,0.3693955940683191,0.015987890721158606,0.2232289761324315,0.11141529658774862,0.10858253069150667
0.4750000000000003,0.3688919873285673,0.01577490249917642,0.22214071213324038,0.11104136211731977,0.10858253069150667
0.4800000000000003,0.368625823006108,0.01613343429388365,0.2207573052995048,0.11033571565862457,0.10858253069150667
0.4850000000000003,0.36856812683203105,0.017022308122609894,0.21909413456115936,0.10932278509621061,0.11325619608916185
0.4900000000000003,0.3687782880941629,0.018381131877558333,0.21774547443303827,0.10819886510313226,0.11325619608916185
0.49500000000000033,0.3692325542677475,0.020196000330501066,0.21668052059233672,0.10695823811617952,0.11325619608916185
0.5000000000000003,0.3699024794520718,0.022459720127301547,0.21586146003501236,0.10559563225212498,0.11325619608916185
0.5050000000000003,0.37040726840217775,0.02512285953172232,0.21602941124312944,0.10402264961710911,0.10515683126939787
0.5100000000000003,0.3707030529295554,0.02706145283122799,0.21628878430368026,0.10287991957006244,0.10515683126939787
0.5150000000000003,0.37082463078321126,0.028322614355984703,0.21662090013658303,0.10212751960020058,0.10515683126939787
0.5200000000000004,0.3707936754845782,0.028942488267277026,0.2170149794968259,0.10173703352044053,0.10515683126939787
0.5250000000000004,0.3706273778339582,0.028939080980105024,0.21746177498339744,0.10169952948378655,0.09911708008989306
0.5300000000000004,0.370257545915853,0.028347962728233318,0.2173714768230186,0.10184255206113756,0.09911708008989306
0.5350000000000004,0.36970379118041763,0.02722547760119967,0.2168008445216899,0.10216172469148492,0.09911708008989306
0.5400000000000004,0.36897578490426414,0.02562862489092772,0.2157920904259556,0.10265549405070927,0.09911708008989306
0.5450000000000004,0.36807830532534336,0.02360054916511671,0.21438126331381405,0.10333611410510692,0.10204793154307791
0.5500000000000004,0.3672161975367678,0.02224457456819885,0.21316650559777847,0.10362084860219258,0.10204793154307791
0.5550000000000004,0.36660925126145394,0.021530593275769557,0.2116617221187074,0.10358685200370825,0.10204793154307791
0.5600000000000004,0.3662242175213437,0.02143216284865918,0.2099022706083029,0.10323084318242257,0.10204793154307791
0.5650000000000004,0.3660303333357533,0.02191894321395797,0.2078902900276609,0.1025617522567571,0.10075973024044016
0.5700000000000004,0.3661142537502806,0.02295868431467761,0.2062231829661231,0.1017112917905964,0.10075973024044016
0.5750000000000004,0.3664537651396406,0.024515013766045403,0.2048641529236117,0.1006863746076852,0.10075973024044016
0.5800000000000004,0.3668124572217536,0.02652138688411281,0.20426354593730056,0.09940416917515259,0.10075973024044016
0.5850000000000004,0.3670683732577199,0.028897746957893666,0.20463865415799112,0.09785302341521189,0.1024604750862725
0.5900000000000004,0.3671614480182808,0.03051399238711338,0.20507729089238147,0.0967716086292681,0.1024604750862725
0.5950000000000004,0.36711515643786713,0.03142154126577825,0.20557549035725442,0.09611729978918765,0.1024604750862725
0.6000000000000004,0.3669439077828756,0.0316881254549991,0.2061289080566531,0.0958413402820568,0.1024604750862725
0.6050000000000004,0.3666567254507402,0.03137499216383578,0.20673674811634987,0.09590565428332211,0.09316001592476776
0.6100000000000004,0.36615775767682496,0.03049464048593645,0.20680507589223546,0.09619850809603964,0.09316001592476776
0.6150000000000004,0.36546377490663146,0.02914313440397375,0.20639870432535246,0.09668063220812492,0.09316001592476776
0.6200000000000004,0.3646245683111136,0.027358102534028816,0.20574835972058225,0.09739724706752073,0.09316001592476776
0.6250000000000004,0.363730168574361,0.025732894604701472,0.2055398193692994,0.09801952320307072,0.09619723795835677
0.6300000000000004,0.36307527461335964,0.02482228968626677,0.20498403655182823,0.09825995631953174,0.09619723795835677
0.6350000000000005,0.36263240578824063,0.024553850646362084,0.20410092749598505,0.09814151676758212,0.09619723795835677
0.6400000000000005,0.3623785004804515,0.024881071182208503,0.2029098686804005,0.09768519910743537,0.09619723795835677
0.6450000000000005,0.3622903400557025,0.025731126316087923,0.20142212642469642,0.09694315089834746,0.09875003251347268
0.6500000000000005,0.3624749888347602,0.027056560934345712,0.20023330107134277,0.09604126176814902,0.09875003251347268
0.6550000000000005,0.3627953297323073,0.028817471903508578,0.19958795126809142,0.09492299788014737,0.09875003251347268
0.6600000000000005,0.3630292337738676,0.030964683924994255,0.199932622205347,0.09348028516999726,0.09875003251347268
0.6650000000000005,0.36310862523793125,0.03346485723580219,0.20089495065647525,0.09170836787748086,0.09087862477704402
0.6700000000000005,0.3630458729859711,0.035195704170284337,0.20189042090904225,0.09043203276362777,0.09087862477704402
0.6750000000000005,0.36286330529714045,0.0362096582282452,0.20291558797252518,0.08960749694899589,0.09087862477704402
0.6800000000000005,0.36257391894258817,0.03657526212020147,0.2039668029126518,0.08918479821305068,0.09087862477704402
0.6850000000000005,0.3621816902576958,0.03639100272374305,0.20505298907894537,0.08909657589619721,0.09059248208080649
0.6900000000000005,0.3615811467674981,0.03567970829179897,0.20558381293021488,0.08922172677923157,0.09059248208080649
0.6950000000000005,0.36079725164603615,0.03448064683058127,0.2056114320019212,0.08955768876295687,0.09059248208080649
0.7000000000000005,0.35984441955319335,0.032830777922950805,0.2051732195904465,0.09011005019988373,0.09059248208080649
0.7050000000000005,0.3588654224127133,0.030779957270325085,0.20481125217679316,0.09099285916396896,0.08959851077402656
0.7100000000000005,0.3581178454731685,0.029477153168621754,0.20411642630834334,0.09147732425687337,0.08959851077402656
0.7150000000000005,0.35758463573489,0.028857582929467933,0.20311001980779886,0.09158005242716565,0.08959851077402656
0.7200000000000005,0.3572359412481164,0.02885909716312796,0.2018091946317182,0.09132499226508888,0.08959851077402656
0.7250000000000005,0.35705233852133245,0.029382450654734438,0.20022055290263663,0.09078466968528659,0.08793830438199421
0.7300000000000005,0.35714730485023394,0.03040635595065511,0.19894595439072446,0.09005665303495863,0.08793830438199421
0.7350000000000005,0.35749749381039636,0.0318986864091632,0.19795266499597072,0.08915123267736003,0.08793830438199421
0.7400000000000005,0.3580746864230397,0.03383031775410889,0.1971999092389896,0.08808482593458698,0.08793830438199421
0.7450000000000006,0.35854059736763333,0.036135863695520305,0.1974350303402933,0.08667299761420358,0.08833079314559375
0.7500000000000006,0.35884031927429016,0.0376846236729915,0.1977526362057181,0.08573470675928707,0.08833079314559375
0.7550000000000006,0.3590028884339002,0.038529004109022914,0.19813383934141912,0.08522620920218987,0.08833079314559375
0.7600000000000006,0.3590418976970984,0.03873672633427029,0.19857391796395427,0.08509505328684068,0.08833079314559375
0.7650000000000006,0.3589646549969693,0.0383809711086768,0.19907481254198595,0.0852912142735335,0.08715015129905114
0.7700000000000006,0.3586462307553371,0.037508664201343925,0.1990532944682975,0.08570556389798971,0.08715015129905114
0.7750000000000006,0.35811151988892226,0.036157395716542876,0.1985604344005693,0.08634175823209632,0.08715015129905114
0.7800000000000006,0.3573606446321807,0.034496573976017124,0.19763262197695786,0.08710078560037621,0.08715015129905114
0.7850000000000006,0.35632812570515715,0.033302703112436105,0.19630241786988245,0.0873788262176415,0.08678379739376473
0.7900000000000006,0.3553148429251624,0.03275192353943368,0.19520129371734504,0.08720701357957832,0.08678379739376473
0.7950000000000006,0.3545198701802168,0.03282016328772687,0.19381435997877425,0.08673989190463385,0.08678379739376473
0.8000000000000006,0.35391019152573244,0.033460113103380686,0.19217328830689537,0.08599489935154891,0.08678379739376473
0.8050000000000006,0.35345364172753196,0.03462863111705352,0.19027826581186874,0.0850012929265802,0.0856929784657208
0.8100000000000006,0.35328985664781654,0.03625317550359959,0.1887130163597359,0.08385023825020001,0.0856929784657208
0.8150000000000006,0.35339251195286936,0.03830524442804325,0.18744433907463057,0.08255088018303401,0.0856929784657208
0.8200000000000006,0.3536034465660741,0.04074166963194911,0.1867777216245369,0.08099202335544696,0.0856929784657208
0.8250000000000006,0.3537720329015769,0.04334087639598137,0.1871011654038412,0.07917112948469784,0.07960578681076559
0.8300000000000006,0.35382044465314977,0.04516135762249196,0.18749472395842334,0.07784792154802216,0.07960578681076559
0.8350000000000006,0.35377033295289356,0.046257298452156634,0.1879529579771635,0.07697179936201043,0.07960578681076559
0.8400000000000006,0.35363323642907585,0.04669841182987284,0.18847037606456887,0.07648866307765784,0.07960578681076559
0.8450000000000006,0.3534178440002606,0.04653086269634988,0.18904153662406523,0.07637082310145984,0.07433750350510107
0.8500000000000006,0.3529694083035817,0.0458272790778244,0.18909247430152892,0.07654682243572414,0.07433750350510107
0.8550000000000006,0.35231384803787047,0.044627336883408066,0.18867317419928645,0.07701407338839245,0.07433750350510107
0.8600000000000007,0.35156646666196945,0.04298434385031677,0.1882347509446802,0.07777085968094105,0.07433750350510107
0.8650000000000007,0.350837930977822,0.04094776549886597,0.1882335241629184,0.07880426117480797,0.0779102835566905
0.8700000000000007,0.3502742839519714,0.039657990514130256,0.1878759400208433,0.079471092644146,0.0779102835566905
0.8750000000000007,0.34985695920645354,0.03903844253437368,0.18718434035932344,0.07978890274953342,0.0779102835566905
0.8800000000000007,0.3495698375852242,0.039038749883059935,0.1861804090593902,0.07977733956338365,0.0779102835566905
0.8850000000000007,0.3493935639554701,0.03961256327438722,0.18488371003538676,0.07946614937699746,0.07823903513228353
0.8900000000000007,0.3494901595687995,0.04068846197444391,0.1838788136029446,0.07891151429259755,0.07823903513228353
0.8950000000000007,0.349650558254042,0.042206929937714556,0.18365364496931944,0.07792573519031637,0.07823903513228353
0.9000000000000007,0.34976887097198783,0.044124136306456715,0.1844027599738012,0.07643511338227126,0.07823903513228353
0.9050000000000007,0.34967704505989455,0.0463871774896443,0.18539982558046605,0.07453394284814478,0.07537944860209235
0.9100000000000007,0.3494980553842578,0.047893872903323496,0.18643064991463554,0.0731384524691167,0.07537944860209235
0.9150000000000007,0.34924840923038797,0.04869772703662273,0.18749078156164345,0.07220671415367932,0.07537944860209235
0.9200000000000007,0.34893507719399824,0.04886761357764135,0.18857579331595598,0.0716915282274533,0.07537944860209235
0.9250000000000007,0.34856303027949603,0.04844892042247485,0.1896813521118593,0.07157063790252963,0.06662392134263644
0.9300000000000007,0.34797168389883343,0.04751197341703656,0.19023308359248786,0.07177512136370653,0.06662392134263644
0.9350000000000007,0.3471875536700093,0.04609673484859114,0.1902817146142196,0.07229572799400094,0.06662392134263644
0.9400000000000007,0.3462822143464213,0.044250339341270574,0.19010876336910856,0.07312936886408812,0.06662392134263644
0.9450000000000007,0.3455848174599391,0.04290392036734572,0.1895922969585312,0.0737987681121695,0.07300880426332414
0.9500000000000007,0.3450481967154962,0.04223565336327325,0.18875613738918967,0.07411129614368343,0.07300880426332414
0.9550000000000007,0.344646594003314,0.0421922307897797,0.1876200536859999,0.07408319382894055,0.07300880426332414
0.9600000000000007,0.3443604523866765,0.042726027520074074,0.18620362931561535,0.07374616941674228,0.07300880426332414
0.9650000000000007,0.344167867864091,0.0437931988504397,0.18452453866783286,0.07314024166332386,0.07548331875782485
0.9700000000000008,0.344234940305148,0.04532849724523288,0.18316608223446748,0.07231240519164904,0.07548331875782485
0.9750000000000008,0.34430034717049474,0.047263040037926723,0.1827636031047168,0.07099859916504982,0.07548331875782485
0.9800000000000008,0.3443199422280901,0.049563438225531074,0.18334788824103815,0.06917656300195912,0.07548331875782485
0.9850000000000008,0.3442690341003555,0.05220138463104316,0.18476678047627648,0.06690669614041532,0.06973943481867131
0.9900000000000008,0.34413275324577125,0.05405442697207043,0.18619111252514972,0.06518727608368079,0.06973943481867131
0.9950000000000008,0.3439300038947683,0.0551782951670238,0.18761825052699055,0.06396982246607513,0.06973943481867131
1.0000000000000007,0.34366913694194284,0.055643791812252597,0.18904544914021143,0.06320181097554597,0.06973943481867131
1.0050000000000006,0.3433564727219806,0.05549816935603466,0.19046992449169142,0.06285713162999157,0.06300551180460179
1.0100000000000005,0.34282972058482164,0.05480890883761787,0.19131741919610976,0.06286498942365863,0.06300551180460179
1.0150000000000003,0.34211790927881874,0.05361832309271663,0.1916398689568026,0.06320656631877629,0.06300551180460179
1.0200000000000002,0.34123802889242494,0.05196668004445347,0.19147509684497083,0.06387839092124195,0.06300551180460179
1.0250000000000001,0.3404718197088049,0.049940836195377064,0.1906580282096364,0.06504737126350327,0.06370993646766561
1.03,0.3398500120287301,0.04866502944317694,0.1895466910679306,0.06582229355157042,0.06370993646766561
1.035,0.33935745458181743,0.04806074516187557,0.18817534901411545,0.06623079189649958,0.06370993646766561
1.0399999999999998,0.33897369065844,0.04807482756895083,0.18654630653757864,0.06630364969829915,0.06370993646766561
1.0449999999999997,0.3386791204346836,0.048659024473703474,0.18467645042192526,0.06608162601861621,0.06734181537841061
1.0499999999999996,0.33864554843409217,0.04974790683485428,0.1831492528265073,0.06559496140371776,0.06734181537841061
1.0549999999999995,0.3388509849087782,0.05130870031783165,0.18193107705556252,0.06485929131198444,0.06734181537841061
1.0599999999999994,0.33899647253569376,0.05325847291694456,0.18174890597257995,0.0635499618999166,0.06734181537841061
1.0649999999999993,0.33908065635484647,0.055570776788157514,0.18253596480137274,0.06169478180326289,0.0601225576965766
1.0699999999999992,0.33905151359132574,0.05731602636232191,0.18336276932540238,0.06019750629216522,0.0601225576965766
1.074999999999999,0.33896343091745684,0.05834116388992398,0.1842250245937273,0.05918156320995683,0.0601225576965766
1.079999999999999,0.33882333725078406,0.05871672572935003,0.18511836577739024,0.05859200702254001,0.0601225576965766
1.0849999999999989,0.3386365641906969,0.058489699356460347,0.18603846777310343,0.05840217062833848,0.057411932382021254
1.0899999999999987,0.3382268819081417,0.05772266469229671,0.18641124430884726,0.05859455488671984,0.057411932382021254
1.0949999999999986,0.3376215210821439,0.056457924772471205,0.18628740437944674,0.059155104955589344,0.057411932382021254
1.0999999999999985,0.33683599796342745,0.05473571246451664,0.18570361898216114,0.060084382182591926,0.057411932382021254
1.1049999999999984,0.33597354892631937,0.05327049956494076,0.18556867659487994,0.06071248247673342,0.06067154677587162
1.1099999999999983,0.33525171325188907,0.05251034859597501,0.18510137385069386,0.060991141478136106,0.06067154677587162
1.1149999999999982,0.33465556764807725,0.05238233345272003,0.18430996112523035,0.06094774693383004,0.06067154677587162
1.119999999999998,0.3341622323507254,0.05283570249960384,0.18323008137515964,0.06060329404062615,0.06067154677587162
1.124999999999998,0.3337517091905184,0.053824682101020746,0.18188099555724208,0.059996968076310324,0.06059687665867887
1.129999999999998,0.33360403959361484,0.055291632166062615,0.1808476328355795,0.05911753377285503,0.06059687665867887
1.1349999999999978,0.3336940763563504,0.057205894058192444,0.18009879027141723,0.057988657800704946,0.06059687665867887
1.1399999999999977,0.333845203805501,0.059506684485918455,0.18001606782681415,0.05643194101802054,0.06059687665867887
1.1449999999999976,0.33392229415516245,0.06214161067739479,0.18089668786474705,0.05430392451184555,0.054925522203837125
1.1499999999999975,0.3339350555327172,0.0639922165520994,0.18180894069131862,0.05271681991178403,0.054925522203837125
1.1549999999999974,0.333900776949203,0.06511517700526642,0.18274913174950375,0.051612072313844244,0.054925522203837125
1.1599999999999973,0.33382560496655367,0.06558166488889197,0.18371347056839987,0.050931762036083635,0.054925522203837125
1.1649999999999971,0.33371450703527034,0.06543931439407052,0.18469815267911413,0.050648351459992226,0.05295533379958693
1.169999999999997,0.3333841852739177,0.06474522372555878,0.1851296889522813,0.05077922042745511,0.05295533379958693
1.174999999999997,0.33286240425417457,0.06354308037106927,0.18505910612868745,0.051305700578677726,0.05295533379958693
1.1799999999999968,0.33216495896126447,0.06187418391677038,0.18452341261249094,0.05222726485424336,0.05295533379958693
1.1849999999999967,0.331322753468525,0.05978212275985671,0.18364796970166936,0.05353486181387561,0.056475139740512104
1.1899999999999966,0.33059514347515945,0.05844455520617825,0.18248933043154245,0.05449349819027648,0.056475139740512104
1.1949999999999965,0.3299748752436236,0.05778214428517116,0.18106887305697494,0.05512919421106967,0.056475139740512104
1.1999999999999964,0.32943781785707943,0.057738499274461286,0.1794034795217835,0.0554692366954052,0.056475139740512104
1.2049999999999963,0.3289662279323686,0.05826356735796623,0.17751042193598893,0.05555855732297415,0.05643184552025176
1.2099999999999962,0.32875484894923684,0.05930172727988217,0.1759702817097818,0.0553228533393006,0.05643184552025176
1.214999999999996,0.32878162164444696,0.06081859739313081,0.17474922231151127,0.05478289722713792,0.05643184552025176
1.219999999999996,0.32880417293047215,0.06273206843902496,0.17446056344659044,0.05358023815277138,0.05643184552025176
1.2249999999999959,0.3287814677469062,0.06500669114714744,0.1751509661269837,0.05167571029564707,0.05349564782545419
1.2299999999999958,0.32862182230016324,0.06696038599362744,0.17588577116779375,0.04992314931616614,0.05349564782545419
1.2349999999999957,0.3284422446121244,0.06818129988258358,0.17666000284784547,0.048643051125526436,0.05349564782545419
1.2399999999999956,0.3282507979643875,0.06872657935946994,0.1774687585457863,0.04778902871635133,0.05349564782545419
1.2449999999999954,0.32804718066227,0.06866106907877573,0.1783072440767404,0.047321756031802074,0.04509576998570433
1.2499999999999953,0.3276312387296685,0.06803607801624807,0.17860387944489317,0.047360021506836096,0.04509576998570433
1.2549999999999952,0.32703030562287383,0.06689652688001665,0.17840850197353844,0.047881835195594996,0.04509576998570433
1.2599999999999951,0.326478428132402,0.06533717744865744,0.17863594794229026,0.048569961333247674,0.04509576998570433
1.264999999999995,0.32584556310800916,0.06393108228907612,0.17926552685461825,0.04897834556029879,0.05208641626418267
1.269999999999995,0.3252938715942298,0.0632031742409464,0.17950683851613444,0.04912999077723633,0.05208641626418267
1.2749999999999948,0.3248164375497832,0.0631000975410611,0.17938772528172123,0.049013510823070906,0.05208641626418267
1.2799999999999947,0.3243970765616066,0.06357132137959878,0.17894663284559817,0.04863651138105423,0.05208641626418267
1.2849999999999946,0.3240214101854265,0.06457117862015445,0.1782054998556448,0.04803363163663366,0.05007838457995363
1.2899999999999945,0.323887616141746,0.06605346342717686,0.17775087361628733,0.04709574476599604,0.05007838457995363
1.2949999999999944,0.323917106298482,0.06797298412653272,0.1777111644101336,0.04576625297535632,0.05007838457995363
1.2999999999999943,0.3236658528067984,0.07019136620480472,0.17777828493821093,0.04407302869212019,0.05007838457995363
1.3049999999999942,0.3231539093978072,0.07268505244792173,0.17792907214724485,0.04206347271037159,0.04818438409762795
1.309999999999994,0.32266276288025914,0.07440480792482104,0.17815582866236673,0.04056947744499595,0.04818438409762795
1.314999999999994,0.3222028057500358,0.07540968754751398,0.1784511087342362,0.03952218066438673,0.04818438409762795
1.3199999999999938,0.3217730337504202,0.07577208175521827,0.17880775011328515,0.03886088620237233,0.04818438409762795
1.3249999999999937,0.3213725585092365,0.07554057738401171,0.17921891922033437,0.03856038031852445,0.03837269514443552
1.3299999999999936,0.32092376803898004,0.07479592457491527,0.17964669484099688,0.03856561315314339,0.03837269514443552
1.3349999999999935,0.32051777291621103,0.07360084751942968,0.18045308484365624,0.03872952554915833,0.03837269514443552
1.3399999999999934,0.32014529823248017,0.0719889590054553,0.1816209022698082,0.03909274474694218,0.03837269514443552
1.3449999999999933,0.3199830857803748,0.0700412201085757,0.1825862215421268,0.04000114860936516,0.04023655281656293
1.3499999999999932,0.3198382446178027,0.06882727097576431,0.18314782727312756,0.04061146032772705,0.04023655281656293
1.354999999999993,0.3197140539784038,0.06827121673445209,0.1833474155054861,0.04089826624836874,0.04023655281656293
1.359999999999993,0.31960791962910423,0.06832191578513941,0.18320993395475146,0.04086413891799287,0.04023655281656293
1.3649999999999929,0.3195125683195698,0.06893182232991386,0.18275797657208365,0.04053713554328594,0.04226241203652277
1.3699999999999928,0.31925861418769297,0.0699585562934894,0.18216047494505927,0.039895253033258395,0.04226241203652277
1.3749999999999927,0.3188046031937377,0.07135769594929825,0.18159070501937147,0.03889597439698063,0.04226241203652277
1.3799999999999926,0.31816208538872076,0.0730997945985995,0.18102398665566433,0.037597492984893656,0.04226241203652277
1.3849999999999925,0.31738305031784964,0.07516895706839777,0.18033337272704833,0.036132082139245354,0.03579116460888182
1.3899999999999924,0.3163822420584627,0.07751202258277974,0.17976775335669765,0.0344010288714581,0.03579116460888182
1.3949999999999922,0.31545906569674925,0.07909148749436076,0.17931647487192146,0.03322584564971581,0.03579116460888182
1.3999999999999921,0.31471810701871744,0.07999796801586126,0.17939973636150386,0.032265691061628854,0.03579116460888182
1.404999999999992,0.3142460345674837,0.080333401013634,0.18043888327194818,0.031182718037992486,0.030870483814952675
1.409999999999992,0.3138124233447931,0.08013471631503671,0.18180243861360673,0.03027480429253682,0.030870483814952675
1.4149999999999918,0.31362234057890703,0.07950489985372433,0.1828984746945446,0.029967973915944645,0.030870483814952675
1.4199999999999917,0.31371526654004495,0.07849323247000059,0.18359151340655852,0.03032965575375136,0.030870483814952675
1.4249999999999916,0.3140667726213167,0.07712590132152124,0.18391011420981657,0.03130467867705652,0.030564446416346626
1.4299999999999915,0.3143718204468475,0.07644179321286897,0.18387910331953908,0.03195968772944674,0.030564446416346626
1.4349999999999914,0.3146398355542669,0.07637092666473455,0.18352252156459878,0.0323135449514355,0.030564446416346626
1.4399999999999913,0.31478746225006915,0.07684187023846634,0.18308626195271982,0.03226519097388493,0.030564446416346626
1.4449999999999912,0.31462866085143165,0.07775622867864312,0.18309742634088733,0.031535378183950136,0.033993687352160365
1.449999999999991,0.3142042656140919,0.07902796481504869,0.18320265027951577,0.030393064654074667,0.033993687352160365
1.454999999999991,0.31353748198219156,0.08063123940934187,0.1834069298313645,0.028874595804229963,0.033993687352160365
1.4599999999999909,0.3126399315005256,0.08253757772373678,0.18368882799898167,0.027032543205168808,0.033993687352160365
1.4649999999999908,0.3115234623831396,0.08472031596044279,0.18403881242028114,0.02492024154375927,0.03281233352003298
1.4699999999999906,0.31051529373908304,0.08615290983585706,0.18444913508666966,0.02332686665597745,0.03281233352003298
1.4749999999999905,0.30961730492202766,0.0868956753572693,0.1849121958503788,0.022177865369838096,0.03281233352003298
1.4799999999999904,0.3088199614905469,0.08702118441004622,0.18542077733458373,0.02141950299004498,0.03281233352003298
1.4849999999999903,0.3081155495685532,0.08657813606742976,0.18596808458109707,0.02104526613153943,0.020842087750995768
1.4899999999999902,0.3077543155818402,0.08575586397905592,0.1861345912626007,0.021337159618399902,0.020842087750995768
1.4949999999999901,0.30771197757750846,0.08458219533043838,0.18596009593246096,0.022232908159088165,0.020842087750995768
1.49999999999999,0.30783714101266396,0.08344528407263124,0.1854670602813262,0.023381311673104727,0.020842087750995768
1.50499999999999,0.3079247699125294,0.08295608290467585,0.18467834897988938,0.02424974387701592,0.023309377975673222
1.5099999999999898,0.3079753792560129,0.08306325105373792,0.18361551129753775,0.024877934182465086,0.023309377975673222
1.5149999999999897,0.30798457577665495,0.08371881036618366,0.18229795438185686,0.0253415272880751,0.023309377975673222
1.5199999999999896,0.30781077683309455,0.08483365203151619,0.18111866533580973,0.025446633257440825,0.023309377975673222
1.5249999999999895,0.3073330981504573,0.08632705037254053,0.18043596356213182,0.024969489416916776,0.027449768163693714
1.5299999999999894,0.3067658309887409,0.08817538437240581,0.1806640878100607,0.023653234534109613,0.027449768163693714
1.5349999999999893,0.305948538066988,0.09029610266562903,0.18098107366727,0.022164617918209836,0.027449768163693714
1.5399999999999892,0.30489196487379133,0.09266370540232738,0.18136609355977532,0.020614921973495227,0.027449768163693714
1.544999999999989,0.3039584404813043,0.09427012190715382,0.18181122447797998,0.01947645524712704,0.01633541699607554
1.549999999999989,0.3031507608882734,0.09517741456983089,0.18230879051000146,0.01860547009955319,0.01633541699607554
1.5549999999999888,0.30245922869279473,0.09545917542811691,0.18285151559285243,0.017909143224014545,0.01633541699607554
1.5599999999999887,0.3018762334399653,0.09516506200768984,0.18343255614095355,0.017360215244442808,0.01633541699607554
1.5649999999999886,0.30156405077214615,0.09440471262440739,0.1849430247606211,0.01613895904302959,0.02136374841604077
1.5699999999999885,0.3015103997131315,0.09344096577633808,0.18601747996986348,0.015518154002128134,0.02136374841604077
1.5749999999999884,0.30154701946870444,0.09272381772644137,0.18668234190664185,0.015254380184267986,0.02136374841604077
1.5799999999999883,0.30158220044929346,0.09247215479357203,0.18698018341430636,0.015122415006829716,0.02136374841604077
1.5849999999999882,0.3016110477527958,0.09266677761845421,0.18693747988989567,0.015066554250586721,0.02057049128560492
1.589999999999988,0.3015849525195269,0.09340234365730052,0.18657805437938862,0.01503960664206902,0.02057049128560492
1.594999999999988,0.3015001964731806,0.09463543704580875,0.18592365612972972,0.015138447143010434,0.02057049128560492
1.5999999999999879,0.30143449136205497,0.0960928457460045,0.18499432401674412,0.015572216654888543,0.02057049128560492
1.6049999999999878,0.30184388722644495,0.09707752388159167,0.18439227697854474,0.015985674983590114,0.01463457165163787
1.6099999999999877,0.30196640172185507,0.09822353944353868,0.18390474682032687,0.01631195030516449,0.01463457165163787
1.6149999999999876,0.3020101811075243,0.09903516964352142,0.18353921696252004,0.01661111386719201,0.01463457165163787
1.6199999999999875,0.3021081156730195,0.09922665732574487,0.1832732824572218,0.0168767677692898,0.01463457165163787
1.6249999999999873,0.3022061463177511,0.09898397877383094,0.1830981219129623,0.017075504782478285,0.01659643154791228
1.6299999999999872,0.30199498842477707,0.09916509045484491,0.1830044863597342,0.01713255779678115,0.01659643154791228
1.6349999999999871,0.301748971611032,0.09961023571297331,0.18387943338346507,0.016219848517596516,0.01659643154791228
1.639999999999987,0.30157625331945515,0.09997990682043044,0.1856620581967068,0.014424338924802806,0.01659643154791228
1.644999999999987,0.301519855318614,0.1000820265202193,0.1882798733053964,0.011818547215165622,0.015846804648676414
1.6499999999999868,0.30134850443548106,0.09995681787643822,0.19110152461469054,0.009000177392210994,0.015846804648676414
1.6549999999999867,0.30105655137947174,0.09966015752188088,0.1941301498967885,0.005973854196544297,0.015846804648676414
1.6599999999999866,0.3009132642961722,0.09941450698563538,0.196631668543889,0.0035387159454750893,0.015846804648676414
1.6649999999999865,0.30088124166866625,0.09930200594266206,0.19865554488526124,0.0017525245043137141,0.0037744311455144056
1.6699999999999864,0.3011557821957237,0.09879293365147403,0.2002356013841547,0.0016877054440604734,0.0037744311455144056
1.6749999999999863,0.30158919468949624,0.09786782954388426,0.20050028711785636,0.002705915337801413,0.0037744311455144056
1.6799999999999862,0.30198590120938607,0.09705485466534879,0.19953459234744156,0.003582497583909708,0.0037744311455144056
1.684999999999986,0.3021677936018557,0.09681249543919061,0.19743439605279417,0.004630533234881854,0.006418734570810061
1.689999999999986,0.3020212347646814,0.09698803209598465,0.19556622855125122,0.005728496302566261,0.006418734570810061
1.6949999999999859,0.301575318824714,0.09755183912185597,0.19390136868381275,0.006757841742416976,0.006418734570810061
1.6999999999999857,0.30100604692405825,0.09807275598136236,0.19242374847521182,0.0078820040020059,0.006418734570810061
1.7049999999999856,0.30043746848511726,0.09826009656111606,0.19111807053713853,0.00906130860501715,0.008399775073046165
1.7099999999999855,0.2998873863815729,0.0989450766618499,0.19055837444527535,0.009501044058000091,0.008399775073046165
1.7149999999999854,0.29966545557765095,0.09950894087577163,0.19048044708053072,0.009538078780372342,0.008399775073046165
1.7199999999999853,0.2998800959081522,0.09961624520733409,0.19081041380080796,0.009198376989693178,0.008399775073046165
1.7249999999999852,0.30037394037614534,0.09946174463694768,0.19164184342927376,0.008383813660950527,0.011577816433019203
1.729999999999985,0.3007051974085824,0.09915945408852571,0.19278344043402423,0.0072994898988658135,0.011577816433019203
1.734999999999985,0.300825467158248,0.09889289580734686,0.1942339324935106,0.005929132332148549,0.011577816433019203
1.739999999999985,0.3008289445848636,0.09878529642642972,0.19570923910134347,0.004535778101479283,0.011577816433019203
1.7449999999999848,0.3007812779214896,0.09885462857556221,0.19706915902802719,0.00324223683489045,0.006002877678371819
1.7499999999999847,0.30033189586053677,0.09934023478255356,0.19839003403137864,0.0017712807300121973,0.006002877678371819
1.7549999999999846,0.2997228491494276,0.09988208994898444,0.19875508078615195,0.0012808353614386081,0.006002877678371819
1.7599999999999845,0.299183416520036,0.1002189374758436,0.19801623685570402,0.0021563994089096733,0.006002877678371819
1.7649999999999844,0.29879558946238116,0.1002541170751649,0.19613869890004523,0.004052755410277015,0.0037463049645778367
1.7699999999999843,0.2987819421481317,0.09984052104339931,0.19377945679235348,0.00634068263409342,0.0037463049645778367
1.7749999999999841,0.2990035660711809,0.09897061450471603,0.19118874527038393,0.008926966169006392,0.0037463049645778367
1.779999999999984,0.2994195573975781,0.0976709153423071,0.18914675847349344,0.011115502714231758,0.0037463049645778367
1.784999999999984,0.29981738522468326,0.0964894966745947,0.18820916216136627,0.012303692075584589,0.013564822101164708
1.7899999999999838,0.3002179519229155,0.09593126195864884,0.1878254897833666,0.012838256552380928,0.013564822101164708
1.7949999999999837,0.3005481662105086,0.095920523180684,0.18814933818141566,0.012545150571122411,0.013564822101164708
1.7999999999999836,0.30075780158008325,0.0963956338095979,0.1892629583870278,0.011351201763160906,0.013564822101164708
1.8049999999999835,0.3008257339469895,0.09731002780362003,0.19115614247810753,0.009280711332437968,0.013889168096212507
1.8099999999999834,0.30052240050103474,0.09859709889058736,0.19329515523517107,0.006869932832766751,0.013889168096212507
1.8149999999999833,0.30002223047921883,0.09982959612591025,0.19568199016461485,0.0043214280756474575,0.013889168096212507
1.8199999999999832,0.29955993843631434,0.10042394585426768,0.1983071453067016,0.0017997614508058197,0.013889168096212507
1.824999999999983,0.299189417098087,0.10047069130675265,0.20053681632174203,0.0010801697599983216,0.0038793356918546125
1.829999999999983,0.29903516061801066,0.10006486827150071,0.20140220967601385,0.0017033246611236153,0.0038793356918546125
1.8349999999999829,0.29908739192638933,0.09924411389733495,0.20102148116340338,0.0015644938681277747,0.0038793356918546125
1.8399999999999828,0.2993709440616596,0.09838159104586622,0.20006988173627188,0.0017377693671618527,0.0038793356918546125
1.8449999999999827,0.2996874479574304,0.09793762305054983,0.1985616606561354,0.002533753644111187,0.004029113678170267
1.8499999999999825,0.2996692101963233,0.09792614498486912,0.19721844146339695,0.0034853069320433324,0.004029113678170267
1.8549999999999824,0.2993444992380737,0.0983164420281291,0.19602823857225596,0.0043633630988552255,0.004029113678170267
1.8599999999999823,0.2987768831472061,0.09876239141603549,0.19472543002493528,0.005554167648221063,0.004029113678170267
1.8649999999999822,0.29811940389899105,0.09895735404269257,0.19365504859029165,0.006699414950499762,0.006247116596818246
1.8699999999999821,0.29763937985976574,0.09970974164097382,0.1929226819452336,0.007466271372632177,0.006247116596818246
1.874999999999982,0.29746888452267184,0.10057618387696249,0.1924998320275192,0.00793669030736797,0.006247116596818246
1.879999999999982,0.2977343271728037,0.1011413341016724,0.192343833705387,0.008065531552371767,0.006247116596818246
1.8849999999999818,0.2983673452787534,0.10124005766704519,0.19209320236048502,0.008168277258311332,0.013796678391173685
1.8899999999999817,0.29918701953522164,0.10090287747251772,0.19169155470725507,0.008396808211995002,0.013796678391173685
1.8949999999999816,0.29996051874831575,0.10007169457593199,0.19170968650675335,0.008290717501987404,0.013796678391173685
1.8999999999999815,0.30056667416759103,0.09910752700849376,0.19212854641749122,0.007942128754582967,0.013796678391173685
1.9049999999999814,0.30078193066721925,0.09866193425301234,0.1929153790217511,0.007252150709758051,0.010362958755624959
1.9099999999999813,0.3004886742105375,0.0986381414552836,0.19315229568657089,0.0069988938800368584,0.010362958755624959
1.9149999999999812,0.2997821551915506,0.09902438881377187,0.19307363790251636,0.006998125852878036,0.010362958755624959
1.919999999999981,0.29892721914618203,0.09953032439600357,0.1931120946550576,0.006986751317614932,0.010362958755624959
1.924999999999981,0.29806285380766806,0.09981105478694322,0.1932432129081764,0.00703152952551843,0.009576103597500172
1.9299999999999808,0.29746677038070646,0.10046170534479895,0.19361103858704534,0.006888341750066244,0.009576103597500172
1.9349999999999807,0.29725787526274455,0.1010566431793469,0.19420867992161184,0.006494238302793523,0.009576103597500172
1.9399999999999806,0.29748425029419195,0.10138635894117362,0.19501606905720154,0.005752439077350524,0.009576103597500172
1.9449999999999805,0.2981124769591513,0.1014567664610029,0.19601366211683702,0.0046449759386220845,0.006940870418660318
1.9499999999999804,0.299166483096198,0.10112857517661077,0.1971829886325412,0.0031470598028283353,0.006940870418660318
1.9549999999999803,0.3003905300270977,0.1005764873901712,0.1982546596180172,0.001879112679450399,0.006940870418660318
1.9599999999999802,0.3011535525063915,0.10008668754569773,0.1987149824209396,0.001729007893005539,0.006940870418660318
1.96499999999998,0.3013910210240112,0.09997592589815803,0.19862546339902018,0.0019557274654342653,0.00235421905805331
1.96999999999998,0.30131388703043677,0.09978285617650547,0.19804136573483094,0.0023684802624312023,0.00235421905805331
1.9749999999999799,0.30098174041257986,0.09956092995597529,0.19729379533611158,0.0029120680665300157,0.00235421905805331
1.9799999999999798,0.30046589600222573,0.09934296490755735,0.19675158943972748,0.0033467783562227634,0.00235421905805331
1.9849999999999797,0.29981869569896125,0.09914011397363955,0.1966478946788338,0.0034653838621566692,0.0037083824822114245
1.9899999999999796,0.2994923480839278,0.09914982888874821,0.19684453217671122,0.0033071858989342923,0.0037083824822114245
1.9949999999999795,0.29944691390366407,0.09929542850307865,0.19712108706813958,0.003015039783065447,0.0037083824822114245
1.9999999999999793,0.29962299805393827,0.09951768900347502,0.1971524775934382,0.0029125827405542958,0.0037083824822114245
2.0049999999999795,0.2999806955561356,0.0997898163716067,0.19678199339052937,0.0032249211397791097,0.002782400790917086
2.0099999999999794,0.30072149811727034,0.09977241682667892,0.19653952111500692,0.0035422122674236517,0.002782400790917086
2.0149999999999793,0.30147959326347984,0.09962931403550973,0.1966737321458533,0.00365932536776041,0.002782400790917086
2.019999999999979,0.30205892026943537,0.09954083358653451,0.1972793339630206,0.003442674854806919,0.002782400790917086
2.024999999999979,0.30239969467375877,0.09957260377665879,0.19814810413888365,0.003061163233055779,0.00614634191164032
2.029999999999979,0.3022433424195517,0.09994350743420749,0.19842623635616913,0.0027408955886705703,0.00614634191164032
2.034999999999979,0.30163764246993335,0.1006308526332855,0.19816983379119038,0.002535617529542125,0.00614634191164032
2.0399999999999787,0.3007870443503392,0.10150042881753983,0.19814550111217188,0.0025119497548439533,0.00614634191164032
2.0449999999999786,0.29996357557667197,0.10195310425344267,0.19850615666874635,0.002459168733893964,0.0018278360408035144
2.0499999999999785,0.29922934067464957,0.10185715762590927,0.1992443866190735,0.0021479994936353425,0.0018278360408035144
2.0549999999999784,0.2987031223056126,0.10130607926594255,0.20003808019101393,0.0018409739009753196,0.0018278360408035144
2.0599999999999783,0.29854242574326856,0.10040617536515309,0.20047224663423344,0.001585092434114876,0.0018278360408035144
2.064999999999978,0.2986338385508046,0.0991498819841941,0.2000521708620435,0.001609912899790469,0.0007888839595968801
2.069999999999978,0.2991772533651488,0.09764918777402368,0.19996013517130634,0.0024909474806839166,0.0007888839595968801
2.074999999999978,0.299932208308046,0.09646489435991362,0.20016278901677076,0.0035395010755825077,0.0007888839595968801
2.079999999999978,0.3007241521066625,0.09600245314518835,0.20061935182193763,0.004109546667132001,0.0007888839595968801
2.0849999999999778,0.3014322658889861,0.09614200730400746,0.2004025455203423,0.004134916699890412,0.0074738900649887014
2.0899999999999777,0.30177095431322487,0.09666961137473615,0.200272736591492,0.00378181871897046,0.0074738900649887014
2.0949999999999775,0.30177181127210934,0.09755967653292416,0.20021178760782127,0.003023135425144144,0.0074738900649887014
2.0999999999999774,0.30145664926173654,0.09878349209789752,0.2002145138518262,0.0019099043798632266,0.0074738900649887014
2.1049999999999773,0.30084388813136465,0.10031277132720265,0.20027556285706674,0.0009412268427818097,0.003375195513111317
2.1099999999999772,0.3001820351992265,0.10108429677118949,0.1997963945725917,0.001118164331321425,0.003375195513111317
2.114999999999977,0.29956257188496965,0.10121026046918548,0.19938080663590826,0.0014281016004568051,0.003375195513111317
2.119999999999977,0.29903740852634925,0.10076389392197854,0.19938444049878812,0.0013744197934812687,0.003375195513111317
2.124999999999977,0.29871345216254325,0.0998376306389063,0.19951476778670318,0.0013845647143804925,0.003511407043769472
2.129999999999977,0.2987372978982622,0.09859311437408261,0.19932159096909172,0.002008477676093003,0.003511407043769472
2.1349999999999767,0.29881327312932676,0.09773388444028096,0.19883709497292978,0.002809973042141837,0.003511407043769472
2.1399999999999766,0.2988323142791416,0.09750178866433068,0.19808154805247696,0.003359316551817988,0.003511407043769472
2.1449999999999765,0.29879368892992125,0.09784541197541656,0.19707364743294056,0.0038289653041269937,0.005389657150283481
2.1499999999999764,0.2988588498133156,0.09878179782141441,0.19642162312057043,0.003948546743767462,0.005389657150283481
2.1549999999999763,0.2989742937211527,0.10025029375670994,0.19580800567461543,0.004322908368121084,0.005389657150283481
2.159999999999976,0.2990010059060346,0.10163882434899327,0.19511063467076645,0.005252582961681054,0.005389657150283481
2.164999999999976,0.2990581834181254,0.10240815563762914,0.1945495414676077,0.006032721629767706,0.0043879439880966905
2.169999999999976,0.29917391965088425,0.1025576909938323,0.19409166594809513,0.006490963197555877,0.0043879439880966905
2.174999999999976,0.29934479568716005,0.10213662696717196,0.19372943920034363,0.006656906205633193,0.0043879439880966905
2.1799999999999757,0.29956403902867607,0.10118893932491504,0.19345509362617755,0.006666291182430379,0.0043879439880966905
2.1849999999999756,0.2998221381112102,0.099754865447829,0.19326097547286758,0.006745826663756224,0.007346116120400049
2.1899999999999755,0.29985815735705607,0.09889602230204708,0.19311332032894082,0.006976047805506685,0.007346116120400049
2.1949999999999754,0.2998562548269778,0.09861402679447752,0.19265084395926918,0.007480085488295165,0.007346116120400049
2.1999999999999753,0.2997630173221388,0.09884247975005996,0.19201513677409912,0.008071806158163853,0.007346116120400049
2.204999999999975,0.2995262194417475,0.0995193600194964,0.1913626084535524,0.008663718343464372,0.007900254441466598
2.209999999999975,0.299069823711642,0.10063406495907457,0.19087216040731095,0.009196995266368888,0.007900254441466598
2.214999999999975,0.2985149549956605,0.10174688853200332,0.1906434659383172,0.009633364306180307,0.007900254441466598
2.219999999999975,0.2980851086848546,0.10227582720857142,0.19069044139796104,0.009773130491142076,0.007900254441466598
2.2249999999999748,0.29781263736783725,0.10228971974369,0.19102872210501248,0.009513737375937888,0.010695861322686273
2.2299999999999747,0.29778157855441567,0.1018674526678455,0.19149238764155996,0.00898822792425479,0.010695861322686273
2.2349999999999746,0.2979570813472171,0.10103598333740865,0.19165275693674894,0.008655821443067655,0.010695861322686273
2.2399999999999745,0.29833847405856223,0.0998325489986522,0.1914604093308681,0.008701339959353828,0.010695861322686273
2.2449999999999743,0.29890985745661713,0.09828487841160166,0.19091611558034122,0.00930843751537298,0.0066596880146151585
2.2499999999999742,0.29929937183172683,0.09734013068774458,0.19003517543227127,0.010337480991714864,0.0066596880146151585
2.254999999999974,0.2995039152166729,0.09692701805803883,0.1888965738562547,0.011531495577654932,0.0066596880146151585
2.259999999999974,0.2996643398572577,0.09705374345618278,0.18849418519039343,0.01188178731447309,0.0066596880146151585
2.264999999999974,0.2997492335690316,0.09766685020460285,0.1888624041431693,0.011382113742216565,0.012689205403679614
2.269999999999974,0.29949519104373523,0.09862657414054045,0.18955985512188717,0.010542189324316994,0.012689205403679614
2.2749999999999737,0.299011440002784,0.09993907616536493,0.19037445709893977,0.009676364953941821,0.012689205403679614
2.2799999999999736,0.29848620551201355,0.10127299347088689,0.19117836118934753,0.009040652489416288,0.012689205403679614
2.2849999999999735,0.2981989111708749,0.10198503601581739,0.1919238282237499,0.008509338371106788,0.009599716450111234
2.2899999999999734,0.2982366025143989,0.10224458714879085,0.19230907170259665,0.008203543151379238,0.009599716450111234
2.2949999999999733,0.2984659497696614,0.10203955384344199,0.1926341455246385,0.007795441112708373,0.009599716450111234
2.299999999999973,0.29876847415848085,0.10136220266911392,0.19315843348802947,0.007083733785779028,0.009599716450111234
2.304999999999973,0.2990890183263271,0.10022861244300224,0.19374709837987758,0.006323047519178786,0.00806055891595998
2.309999999999973,0.29965208118189407,0.09894434683143015,0.19368732112472922,0.006409786712410473,0.00806055891595998
2.314999999999973,0.3001290157014759,0.0983397109612173,0.19300970270390214,0.007185921028745208,0.00806055891595998
2.3199999999999728,0.30053159311800326,0.0983442875015929,0.19174423181382244,0.008436923815253497,0.00806055891595998
2.3249999999999726,0.3007278513128122,0.09885804545295887,0.19024748953027681,0.009846079838348405,0.011978493809348515
2.3299999999999725,0.30059717419224713,0.0997305735458721,0.1889037901680911,0.01111553328742358,0.011978493809348515
2.3349999999999724,0.3001619420618976,0.10093461592059033,0.187703498309002,0.012333032311120807,0.011978493809348515
2.3399999999999723,0.29959896455264,0.10236418939832531,0.18723001166140366,0.01299318371720649,0.011978493809348515
2.344999999999972,0.2991295075636324,0.10310215972359053,0.18715555896555072,0.013242387153375527,0.015063468836852268
2.349999999999972,0.29888046167441995,0.10327639680675066,0.18713436261436658,0.013323391739205786,0.015063468836852268
2.354999999999972,0.2988949348530861,0.10295537235486814,0.18699238780023378,0.013384818634346525,0.015063468836852268
2.359999999999972,0.2991561562279523,0.1021787751392758,0.18672685530907362,0.013477221650081195,0.015063468836852268
2.364999999999972,0.2996024370894818,0.1009643084756193,0.18644903740217222,0.013591046112485178,0.014317136494443895
2.3699999999999717,0.3000375509613657,0.09933176981899296,0.18659268992663608,0.013424004806794213,0.014317136494443895
2.3749999999999716,0.3001567486927622,0.09810900107274206,0.18713481583968655,0.0130043612136219,0.014317136494443895
2.3799999999999715,0.29992489112388976,0.09742731519606454,0.1880540182179437,0.012220099393249308,0.014317136494443895
2.3849999999999714,0.2995520121646388,0.09731409020165796,0.18991580671680294,0.010445370204944309,0.010004936176231084
2.3899999999999713,0.2988840741262202,0.09766040087483124,0.19175544154009455,0.008642439402220899,0.010004936176231084
2.394999999999971,0.297942771288813,0.09842857078803341,0.19357319220956612,0.006928595681199452,0.010004936176231084
2.399999999999971,0.29696269147501037,0.09966936280983248,0.19483692332277086,0.005999327029129527,0.010004936176231084
2.404999999999971,0.2960226913929304,0.10137763256171847,0.1953870264293296,0.006244708191315308,0.007591326785049454
2.409999999999971,0.29551311248114037,0.10249703593344797,0.19526656814886184,0.00698374721401039,0.007591326785049454
2.4149999999999707,0.29539698722456387,0.10309393636645864,0.1945121605856645,0.007802342615398125,0.007591326785049454
2.4199999999999706,0.29570515548873755,0.10323411197610424,0.1935762985217662,0.008376700444170443,0.007591326785049454
2.4249999999999705,0.29647597403416265,0.10298068533817825,0.19294570509775738,0.008430084261793171,0.009899672444138663
2.4299999999999704,0.29750065842962725,0.10229023735426623,0.1919868117807044,0.008700751741207631,0.009899672444138663
2.4349999999999703,0.29864959252626466,0.10114914445829787,0.19100123989729284,0.009171794629036964,0.009899672444138663
2.43999999999997,0.2997356463524316,0.09952038696071264,0.1904578307166938,0.009557871423581171,0.009899672444138663
2.44499999999997,0.30064305589136364,0.09775502392166338,0.19033712762770577,0.00994105331214799,0.011213410624446354
2.44999999999997,0.301126695740901,0.096588589678724,0.19061663294583295,0.010047623646708751,0.011213410624446354
2.45499999999997,0.30123186569203314,0.09596027439517685,0.1912774848795019,0.009691189094883562,0.011213410624446354
2.4599999999999698,0.30098748393789626,0.09582856564903397,0.19230051791537434,0.00881237842148726,0.011213410624446354
2.4649999999999697,0.3004151801004671,0.0961521057061395,0.193666354143954,0.0074225153985934544,0.009524612156946005
2.4699999999999696,0.299626631424179,0.09692682731815591,0.1948938107792724,0.005971345140227476,0.009524612156946005
2.4749999999999694,0.298819392674658,0.09818735911525131,0.19557049707037172,0.0049295026967534255,0.009524612156946005
2.4799999999999693,0.29804030844869805,0.099915336003955,0.1955907276199985,0.004825892859307465,0.009524612156946005
2.4849999999999692,0.29735649816916787,0.10187172843705718,0.19498754832085322,0.005967926030664486,0.007127507924315136
2.489999999999969,0.29707669206523685,0.10321824202601355,0.1937837393489194,0.007585822796613564,0.007127507924315136
2.494999999999969,0.29716629598553923,0.10400618429121206,0.19201015463709792,0.009376407624448357,0.007127507924315136
2.499999999999969,0.2974211604376174,0.10422038699098746,0.19042758043856214,0.010774659906577286,0.007127507924315136
2.504999999999969,0.29786723652438507,0.10391999127130787,0.1899125623181973,0.011030476444573913,0.010852597438136668
2.5099999999999687,0.29832230210185273,0.10307574055834912,0.1897966654932532,0.010788089973498172,0.010852597438136668
2.5149999999999686,0.29878612889701545,0.10173120191804683,0.1900587674099279,0.010163594272973612,0.010852597438136668
2.5199999999999685,0.29925231574065164,0.09992516443515845,0.19068254651629507,0.00934770407824551,0.010852597438136668
2.5249999999999684,0.29965903032162255,0.0978291267228346,0.19165096194753234,0.00863338795077789,0.011715730552306694
2.5299999999999683,0.2996736511270741,0.09635833810003412,0.1929563252761861,0.007936092148873896,0.011715730552306694
2.534999999999968,0.2993958137778686,0.09548963176405198,0.19441977500506824,0.0072005120379681035,0.011715730552306694
2.539999999999968,0.29908048561608114,0.09524394500653782,0.19549080138361813,0.0066180388307300305,0.011715730552306694
2.544999999999968,0.29877285617050325,0.095587621632513,0.19634134855040747,0.005861799661003849,0.008679165805417973
2.549999999999968,0.2984650833053869,0.09647213874033647,0.19653107450462382,0.005180272041052258,0.008679165805417973
2.5549999999999677,0.2981545165137451,0.09785605568604848,0.19609818661381112,0.004819383178375367,0.008679165805417973
2.5599999999999676,0.2978314263044565,0.09969938693427238,0.19507241427970412,0.005392047952230503,0.008679165805417973
2.5649999999999675,0.2977860538868764,0.10118112923903466,0.1934824025883352,0.006983960172542318,0.007941672328962654
2.5699999999999674,0.2977974359150436,0.10197453611095078,0.19206688335211666,0.008466665291052455,0.007941672328962654
2.5749999999999673,0.29786861577703727,0.10214832331314158,0.19080218414190872,0.009682866740952166,0.007941672328962654
2.579999999999967,0.2979969751016589,0.10175116729832008,0.18967798229146027,0.010659397038551854,0.007941672328962654
2.584999999999967,0.29833360771807793,0.10089035706884411,0.1895831070336982,0.010586843628706244,0.010124315131259979
2.589999999999967,0.29895566642708676,0.09963955967654094,0.18915138858207686,0.010904720057634744,0.010124315131259979
2.594999999999967,0.29970726457822017,0.09837011973133544,0.1884023009947663,0.01171532440580908,0.010124315131259979
2.599999999999967,0.3001864121155796,0.09765605616784057,0.18776384190343917,0.012460031586203325,0.010124315131259979
2.6049999999999667,0.30030821102281924,0.09739519820227296,0.18754589069990868,0.012727325913115085,0.01319533079034758
2.6099999999999666,0.3002728454213162,0.09767888761211387,0.18724311143793188,0.012969202486126761,0.01319533079034758
2.6149999999999665,0.3000010007713432,0.09842793764490976,0.18709895818067118,0.012996471100799111,0.01319533079034758
2.6199999999999664,0.29945395890354504,0.09958298211608978,0.18724507094386386,0.012773420842577172,0.01319533079034758
2.6249999999999662,0.29882141594229283,0.10117820731097489,0.1882840715724033,0.01183385870159371,0.012708682171952946
2.629999999999966,0.2982839928488642,0.10212537636529302,0.18935266484340918,0.01099216317080812,0.012708682171952946
2.634999999999966,0.2978923605204299,0.1025168993473374,0.19030040613032584,0.010240070690043636,0.012708682171952946
2.639999999999966,0.297770955234823,0.10245112604538475,0.1907929743263882,0.009784987542663173,0.012708682171952946
2.644999999999966,0.2979884169640338,0.10199927857693006,0.1906255051740591,0.009794117335439239,0.00854005658506448
2.6499999999999657,0.29825570800984835,0.10102421249712105,0.19053333495444447,0.00968035706319293,0.00854005658506448
2.6549999999999656,0.29861700405366093,0.09958822207912327,0.19082923663506185,0.00928359518394699,0.00854005658506448
2.6599999999999655,0.29906775368070226,0.09843931767744747,0.19169151687604802,0.008505039937164739,0.00854005658506448
2.6649999999999654,0.2994668308456713,0.09789282145098259,0.19258693153555548,0.0077251572697977335,0.007497152378419316
2.6699999999999653,0.299785348741838,0.09789095188659919,0.19306745556733773,0.007249436627635754,0.007497152378419316
2.674999999999965,0.3000366900213001,0.0983964832647074,0.19317365394197003,0.007012247327498362,0.007497152378419316
2.679999999999965,0.30022442896946855,0.09937232386439467,0.192932134557734,0.00709923007117837,0.007497152378419316
2.684999999999965,0.30024053839987663,0.10074016354339592,0.19263624117128614,0.007404771764224008,0.01073166254956328
2.689999999999965,0.2998912624314806,0.10244573757084968,0.19276245493718935,0.007640387075305027,0.01073166254956328
2.6949999999999648,0.299551589788833,0.1034696250044839,0.19304697529686962,0.007783567428342873,0.01073166254956328
2.6999999999999647,0.2991100197682786,0.10383576805000372,0.19282032379522798,0.008188585454866658,0.01073166254956328
2.7049999999999645,0.2985805266123271,0.10359662169838169,0.1921366093814558,0.008762619720117418,0.0052187285051413556
2.7099999999999644,0.2981496802007777,0.1028741035124856,0.19161722432074527,0.00905290464152699,0.0052187285051413556
2.7149999999999643,0.2978121958530403,0.10170872962339103,0.19124387370928458,0.009185640507349824,0.0052187285051413556
2.7199999999999642,0.297555888742274,0.10013545168832237,0.19098951819966403,0.009337066416931933,0.0052187285051413556
2.724999999999964,0.29756301750676584,0.09826351538295908,0.19034942787332967,0.010103850992053276,0.009476799667459825
2.729999999999964,0.29781529003544727,0.09680947055568563,0.19001566791242694,0.010706975436564436,0.009476799667459825
2.734999999999964,0.2981753496192047,0.09605456157938863,0.18996306168204688,0.01093782264170381,0.009476799667459825
2.739999999999964,0.2986376671225055,0.09592489990205658,0.1901520955415884,0.010744468991037395,0.009476799667459825
2.7449999999999637,0.29918985521791114,0.09637210385955741,0.19056114907167288,0.010144450296638359,0.016493805435895653
2.7499999999999636,0.2996435286960472,0.09728622631327784,0.19058018143603783,0.009809414926041914,0.016493805435895653
2.7549999999999635,0.2999377645569835,0.09860805396344952,0.19042795960944287,0.009672918083882105,0.016493805435895653
2.7599999999999634,0.2998677306857204,0.10022252669433171,0.19066721568755277,0.009336373831624972,0.016493805435895653
2.7649999999999633,0.29945637375392276,0.10210446955255703,0.1912811723541119,0.008985670654534714,0.01036332552918365
2.769999999999963,0.29904736983264624,0.10328938407032542,0.1919735373101047,0.00872649156936192,0.01036332552918365
2.774999999999963,0.2985454015361383,0.10378693325522304,0.19212582456019534,0.008857728773642038,0.01036332552918365
2.779999999999963,0.2980722101976282,0.10371571502272939,0.1921625927456719,0.008885261061018989,0.01036332552918365
2.784999999999963,0.29769281248250135,0.10314800823972214,0.19229774644456832,0.008634684704748643,0.009965756655726346
2.7899999999999627,0.297399890047421,0.10212372791385281,0.19251876784062638,0.008199977234116206,0.009965756655726346
2.7949999999999626,0.29718324974709004,0.10067898736478621,0.19281419465199995,0.007747961301410448,0.009965756655726346
2.7999999999999625,0.29726010919457146,0.09893745875296417,0.19386067616362532,0.006806415554107956,0.009965756655726346
2.8049999999999624,0.29762139844417446,0.09745386631755265,0.19508765038367887,0.0060226008371167235,0.007169742405054892
2.8099999999999623,0.2980619366963661,0.09666315473431578,0.1964816529060852,0.0052220103379130006,0.007169742405054892
2.814999999999962,0.2985792730525667,0.09649376262473627,0.19802859165969308,0.00426598364214997,0.007169742405054892
2.819999999999962,0.29905440853965193,0.09685637874673422,0.19929775506349046,0.0033570293035242956,0.007169742405054892
2.824999999999962,0.29944835555858934,0.09769692838710274,0.20012882137219243,0.002371717814118284,0.002344158042539871
2.829999999999962,0.2997715713402758,0.09898380012713165,0.200563100673889,0.0011840288016493812,0.002344158042539871
2.8349999999999618,0.29968788338858987,0.10055009525193699,0.20115392103394,0.0013158857541180733,0.002344158042539871
2.8399999999999617,0.2993304863603809,0.10182497152812654,0.20118025572384257,0.0022741532854606865,0.002344158042539871
2.8449999999999616,0.29891133180612417,0.10236391605044384,0.20070257384297288,0.0026957202256043737,0.004699352547671565
2.8499999999999615,0.2985024331617945,0.10232866099333626,0.20010581149375817,0.002770661388367403,0.004699352547671565
2.8549999999999613,0.298326412364202,0.10185392849654641,0.199285373234054,0.002597814054086481,0.004699352547671565
2.8599999999999612,0.2984368667042194,0.10100276427314159,0.19807311631683128,0.002676154445529825,0.004699352547671565
2.864999999999961,0.298867292006495,0.0998252359905048,0.19678063431120887,0.0034172920998548867,0.007051182422527514
2.869999999999961,0.29943449394944116,0.09828109488432372,0.19654782827733142,0.0038976815535276084,0.007051182422527514
2.874999999999961,0.30011075149697486,0.09652939701870647,0.19722121681264085,0.004447357299587666,0.007051182422527514
2.879999999999961,0.300638642842407,0.09547059118944018,0.19853735302455316,0.004802368689315563,0.007051182422527514
2.8849999999999607,0.30092878519642086,0.09500119095912603,0.1997411784495475,0.005090945134569082,0.004632733260686676
2.8899999999999606,0.30116815026292326,0.09507480295089989,0.20052788265202676,0.005089282965560377,0.004632733260686676
2.8949999999999605,0.30136353289079876,0.09565350083759208,0.20092814779733803,0.004648949907969137,0.004632733260686676
2.8999999999999604,0.30151612925435617,0.09670017591305277,0.2009694848454443,0.0037586417475276774,0.004632733260686676
2.9049999999999603,0.3016226096202971,0.0981796145065369,0.2006767339998581,0.002530737882763748,0.008171962097532097
2.90999999999996,0.30153045630336084,0.09910902496712967,0.19989569081797046,0.0017739823593122127,0.008171962097532097
2.91499999999996,0.30145902291793686,0.09939182659847717,0.19912415917267284,0.001807130298622102,0.008171962097532097
2.91999999999996,0.30144701213896585,0.09909342387654613,0.1984877194240771,0.002280946500522298,0.008171962097532097
2.92499999999996,0.3014914137557558,0.09826028120990338,0.1979732782585083,0.003059172678504444,0.002389040449125645
2.9299999999999597,0.3015007022637396,0.09716660129849,0.19757868603485748,0.0040178373291991296,0.002389040449125645
2.9349999999999596,0.301300123719219,0.09631502582045309,0.1972912815349802,0.004754630596791144,0.002389040449125645
2.9399999999999595,0.30079833464552286,0.09598784191154264,0.19709994367991532,0.0050144867526676325,0.002389040449125645
2.9449999999999594,0.30017421730094906,0.09604649707725443,0.19770093107866704,0.004576707870636589,0.00397954532538763
2.9499999999999593,0.29955879197276625,0.0966634352656019,0.19792643967061502,0.003953097670147278,0.00397954532538763
2.954999999999959,0.2989453352024462,0.09779326165018354,0.1978199835051391,0.0032763522242908365,0.00397954532538763
2.959999999999959,0.29832511266404077,0.09939414524135572,0.19739711281142003,0.0031539386952194087,0.00397954532538763
2.964999999999959,0.2978373023504087,0.10104201793464225,0.1966806284976972,0.004096497243983429,0.0042005406447830525
2.969999999999959,0.2977174868907815,0.10209337495661044,0.19568322437198102,0.005312874610357078,0.0042005406447830525
2.974999999999959,0.29793033069222574,0.10261257086051342,0.19442613298863584,0.006494386114570053,0.0042005406447830525
2.9799999999999587,0.2984456135899181,0.10263816405380087,0.19292813650727134,0.007706314290658204,0.0042005406447830525
2.9849999999999586,0.2992935831502337,0.10222774287072359,0.19208449461259236,0.008253307737009025,0.008153665053914886
2.9899999999999585,0.30012547120245997,0.10128265144992563,0.19137327583513208,0.008722459950114949,0.008153665053914886
2.9949999999999584,0.30094307267895504,0.09984544279986743,0.19079881783800326,0.009250677120305924,0.008153665053914886
2.9999999999999583,0.3016536924675214,0.09820645595717126,0.1903359314282881,0.009967232332470892,0.008153665053914886
3.004999999999958,0.30199479929859807,0.09711413142714749,0.18997324670490578,0.010622770039031634,0.008342054928352025
3.009999999999958,0.3019894199572888,0.09656420159425798,0.1897120263988624,0.011027461324759336,0.008342054928352025
3.014999999999958,0.30166723663705947,0.09651465077213627,0.1895430954456721,0.01114783342638593,0.008342054928352025
3.019999999999958,0.3010970583529584,0.09694278431898479,0.18971438501166238,0.010786286684413546,0.008342054928352025
3.0249999999999577,0.3002930575144703,0.09780874401037759,0.19045867270970054,0.009794100876520365,0.012551089580565673
3.0299999999999576,0.2994942645663239,0.09916502840415901,0.19081503870407768,0.009236690960637802,0.012551089580565673
3.0349999999999575,0.29890794279932925,0.10040630500159,0.19082002342111193,0.009253628621940022,0.012551089580565673
3.0399999999999574,0.2986778174176713,0.10113279209390463,0.1904996024981956,0.009658619849715456,0.012551089580565673
3.0449999999999573,0.2987711737502114,0.10140134208448354,0.18987686985433902,0.010293276326607795,0.010734872298872522
3.049999999999957,0.29917926912213805,0.10119393918485925,0.18896424476336857,0.011130452982419752,0.010734872298872522
3.054999999999957,0.2997142462417589,0.1004817406801844,0.1881960788767395,0.011817202849128428,0.010734872298872522
3.059999999999957,0.30024105160257597,0.09925455941443564,0.187885723714951,0.012139583083953586,0.010734872298872522
3.064999999999957,0.3007576004549297,0.09772843788653421,0.18817620811693359,0.01206383054335191,0.016436253247108058
3.0699999999999568,0.3009221102039321,0.09674047514424894,0.18853919088911708,0.01195093866562589,0.016436253247108058
3.0749999999999567,0.30077977291523655,0.09623736549300348,0.1889803371626499,0.011670408445356693,0.016436253247108058
3.0799999999999566,0.3003550804949199,0.0961821820375386,0.1894788673426312,0.011198037709631008,0.016436253247108058
3.0849999999999564,0.29967040985449483,0.09653995120920789,0.1900260482003817,0.010562210081218121,0.008698882242794055
3.0899999999999563,0.29900856182746616,0.09743825406102302,0.1899024147196512,0.01046454587642194,0.008698882242794055
3.0949999999999562,0.2984500775562904,0.09868336593037483,0.18935883882323995,0.010833748014634551,0.008698882242794055
3.099999999999956,0.2984102857958385,0.09948057405272046,0.189112187418595,0.01101550985535491,0.008698882242794055
3.104999999999956,0.2988386039738748,0.09987966561688269,0.18912065732439395,0.010941819690824866,0.011387568029517695
3.109999999999956,0.29935033227407,0.09977028502976001,0.18922265845487551,0.010799348494327511,0.011387568029517695
3.114999999999956,0.2997813046681123,0.09931582802837383,0.1896947248114875,0.010330276649050592,0.011387568029517695
3.1199999999999557,0.30000257055842994,0.0989007284855046,0.19052039268086998,0.00954313152981008,0.011387568029517695
3.1249999999999556,0.2999792519906892,0.09874806413781875,0.1916045329908289,0.008488323755900582,0.014613816164868489
3.1299999999999555,0.300179060336809,0.09811137988620222,0.19253645975233738,0.007700868883894835,0.014613816164868489
3.1349999999999554,0.30042695827891885,0.097423376421901,0.19334526976259553,0.007148896206253003,0.014613816164868489
3.1399999999999553,0.3005585749523695,0.09700842357806949,0.19412858801114025,0.006613245361287553,0.014613816164868489
3.144999999999955,0.30050079605911445,0.09707745482011294,0.19464356764891663,0.006122371644472286,0.004556938707851152
3.149999999999955,0.30014549063784496,0.09754628361288448,0.19521230171052786,0.005381816286823097,0.004556938707851152
3.154999999999955,0.29955985699142695,0.09840107609077499,0.19571822659320492,0.004591717221544107,0.004556938707851152
3.159999999999955,0.29888815122420404,0.09966189982284242,0.19584746507418752,0.004312083688905578,0.004556938707851152
3.1649999999999547,0.29830897260658906,0.10105490272610723,0.19543947776949877,0.004977022847216056,0.005576510387173758
3.1699999999999546,0.29806228324879586,0.1019165898090088,0.19483260809218556,0.005842088824456524,0.005576510387173758
3.1749999999999545,0.2981950679187453,0.10233545843436763,0.19479748451397233,0.005981497579950958,0.005576510387173758
3.1799999999999544,0.29861517394298837,0.10231812743998284,0.1954200043059976,0.005316748874383703,0.005576510387173758
3.1849999999999543,0.29924581189117,0.10187328439277624,0.19676940079890554,0.0038098248408334773,0.00685258878384101
3.189999999999954,0.300125599317933,0.10105387735836588,0.1976784286489236,0.0025526704082744845,0.00685258878384101
3.194999999999954,0.3012398809310851,0.09988679812750498,0.19817753349326747,0.002207148285767588,0.00685258878384101
3.199999999999954,0.3023841797133596,0.09863146585044306,0.19851349010509367,0.003125205639914537,0.00685258878384101
3.204999999999954,0.30307379156106407,0.09792610200532018,0.19921570839973543,0.0037900344018823003,0.0047761947122913154
3.209999999999954,0.3032441005078212,0.09761585084250037,0.19934754183660341,0.0040784870926649855,0.0047761947122913154
3.2149999999999537,0.30294141166814165,0.09767609959574156,0.19896986391220395,0.003887620872689653,0.0047761947122913154
3.2199999999999536,0.30220249141642946,0.0980781272756883,0.19812252192374535,0.003474116741664804,0.0047761947122913154
3.2249999999999535,0.301058085903783,0.09879188241910722,0.1968419290938495,0.0035429515544699234,0.005892127857121352
3.2299999999999534,0.3000158643004106,0.09997710105846554,0.19515671879038432,0.004843361323808843,0.005892127857121352
3.2349999999999532,0.29914924842788454,0.10163207015981704,0.1937109124029177,0.006552866094145104,0.005892127857121352
3.239999999999953,0.2984552663779671,0.1037303197759579,0.19261127057548139,0.008419905587516329,0.005892127857121352
3.244999999999953,0.2983032875758398,0.10527003868812404,0.19182681422304443,0.009871834002314499,0.006320792329707403
3.249999999999953,0.29835522362962735,0.1062287466936631,0.19206568083998807,0.01022037157912019,0.006320792329707403
3.254999999999953,0.2985484669963774,0.10664787463235137,0.19296327447056832,0.009788600071747854,0.006320792329707403
3.2599999999999527,0.2988457339344516,0.1065554057358315,0.19434510157671825,0.008734045493875311,0.006320792329707403
3.2649999999999526,0.2992241282145874,0.10598271897051341,0.19614387695103994,0.007159929348552362,0.007410474617173682
3.2699999999999525,0.29958035629269414,0.1049258188599829,0.1981917098060701,0.0052640009221036075,0.007410474617173682
3.2749999999999524,0.29991153676088234,0.10342145463555243,0.20048954292001908,0.003457431103920819,0.007410474617173682
3.2799999999999523,0.300231017102748,0.10151142455092904,0.20264302428597494,0.003053416193571789,0.007410474617173682
3.284999999999952,0.3005690277458495,0.09976920641218003,0.2036682043862509,0.003719244772132606,0.004976838771163263
3.289999999999952,0.3007260773979895,0.09864356507015565,0.20341829797815655,0.003748581755043127,0.004976838771163263
3.294999999999952,0.3007264613831433,0.09807209417197185,0.2019793839526767,0.002857013800291731,0.004976838771163263
3.299999999999952,0.3005686010667524,0.09800682018730557,0.19943139498214302,0.002149275367461507,0.004976838771163263
3.3049999999999518,0.30041782076151957,0.09846774490140636,0.19670039736031958,0.003661933567899491,0.004090172422308188
3.3099999999999516,0.30034255279053046,0.09944241035830338,0.19413810932996947,0.005898305760997701,0.004090172422308188
3.3149999999999515,0.30008779685455444,0.10079452131973704,0.19271079637083574,0.007332902696927589,0.004090172422308188
3.3199999999999514,0.29967557961227287,0.10249965930889599,0.19234282544198117,0.008061381237759097,0.004090172422308188
3.3249999999999513,0.2992569990128551,0.10411925281935333,0.19281729394328875,0.008313336307028919,0.0067163274211035654
3.329999999999951,0.2990220317419926,0.10513427937296149,0.19399704000033594,0.007959445668566042,0.0067163274211035654
3.334999999999951,0.29892831381999374,0.10559621568752325,0.19572359113075904,0.007124171117163069,0.0067163274211035654
3.339999999999951,0.29894826469414165,0.10553876282951723,0.19791164941352934,0.00601209189943425,0.0067163274211035654
3.344999999999951,0.29894612181435776,0.10494800306740339,0.20007069223550827,0.005059485248260636,0.004152699294331758
3.349999999999951,0.2992521475217449,0.1040022334123771,0.20176528563847473,0.004437723403028295,0.004152699294331758
3.3549999999999507,0.2998473787891719,0.10272837135591356,0.2030276564649333,0.004078480986766577,0.004152699294331758
3.3599999999999506,0.3006431829357753,0.10112217276701904,0.20338285861938418,0.003621696901544011,0.004152699294331758
3.3649999999999505,0.3015692264617952,0.09918578022794867,0.2025091516016602,0.0030694082956999108,0.004891164980737124
3.3699999999999504,0.302253822716908,0.09787175893598067,0.20047628286295444,0.003136235359690459,0.004891164980737124
3.3749999999999503,0.3026994993587148,0.09712881093011888,0.19736332430011383,0.004741632863168225,0.004891164980737124
3.37999999999995,0.30289949441948333,0.09688420765832881,0.19421559086744472,0.00718154710475542,0.004891164980737124
3.38499999999995,0.3028709879024873,0.09709894211887554,0.19205138404413535,0.008935278617910524,0.008304413260317032
3.38999999999995,0.30261013340693255,0.09773001900317158,0.19054461872595485,0.010068259291730197,0.008304413260317032
3.39499999999995,0.3022225885034646,0.09877947526530291,0.19010718351219916,0.010212609771505272,0.008304413260317032
3.3999999999999497,0.3017121861523864,0.10021423435782348,0.1906524694529482,0.009505461856667593,0.008304413260317032
3.4049999999999496,0.30107376637914557,0.10200065897535737,0.1921161032474435,0.008204354854443622,0.01050850269770525
3.4099999999999495,0.30057014073132765,0.10314316573657917,0.19402244840663546,0.006777586174476805,0.01050850269770525
3.4149999999999494,0.30005942471716607,0.10363398573280334,0.19581546329877234,0.005542538318058783,0.01050850269770525
3.4199999999999493,0.29953528428441056,0.10353874386610493,0.1974514250308068,0.004385647411706649,0.01050850269770525
3.424999999999949,0.29903379122967744,0.10291736070306698,0.1990575805043159,0.003214452887427832,0.007633831482193571
3.429999999999949,0.2988901484753661,0.1019498514652705,0.20023999578896284,0.0022563885131044116,0.007633831482193571
3.434999999999949,0.2990130349709108,0.1006364218429539,0.20057883783042868,0.0013092692483859902,0.007633831482193571
3.439999999999949,0.2993407616036419,0.09898686816572157,0.1999158997829954,0.0012116535079639591,0.007633831482193571
3.4449999999999488,0.29996390222131675,0.09717395857400249,0.19885426343289592,0.003049676289752638,0.005483361095002618
3.4499999999999487,0.30058628311146307,0.09605631057943573,0.19767320063661972,0.004616319899019603,0.005483361095002618
3.4549999999999486,0.3012202794902052,0.09558467173963786,0.19642872986637774,0.0058084572864290284,0.005483361095002618
3.4599999999999485,0.301873698128648,0.09569358406044387,0.19513513301796256,0.006761870575120494,0.005483361095002618
3.4649999999999483,0.30234521978027595,0.09626511589177747,0.1943323911146806,0.00718130946252858,0.00751225756322537
3.4699999999999482,0.30246390543605894,0.09719607715246183,0.19365146002314004,0.007364561980904,0.00751225756322537
3.474999999999948,0.30236071263939673,0.09849966057065397,0.19368501399673999,0.006906738071653504,0.00751225756322537
3.479999999999948,0.3019245606660086,0.10009886485011082,0.19406548710587776,0.006239563390673915,0.00751225756322537
3.484999999999948,0.3013613056357407,0.10150194871120764,0.19479100771087274,0.005589508353440856,0.004493818088440074
3.489999999999948,0.300822639617722,0.10224722213090248,0.19560887920023576,0.005000868437020306,0.004493818088440074
3.4949999999999477,0.30028689448124835,0.10239419216789603,0.19639366141475412,0.004338218824773453,0.004493818088440074
3.4999999999999476,0.2997472399544699,0.1019861941977171,0.19709095287109943,0.003531488387327096,0.004493818088440074
3.5049999999999475,0.2992017389112207,0.1010669227969409,0.19769853306214763,0.002659378703103207,0.006233482311149223
3.5099999999999474,0.29917731187787866,0.09988847560926144,0.1985503952946719,0.0016705110708159225,0.006233482311149223
3.5149999999999473,0.29961724750327623,0.09846075915074873,0.19962502665005888,0.001629836457721492,0.006233482311149223
3.519999999999947,0.3003636729392287,0.09703038176677828,0.20073869254555987,0.0030816484443680304,0.006233482311149223
3.524999999999947,0.30104792738309333,0.09630281401848342,0.20135375824717888,0.0040743094352251145,0.001998819804112757
3.529999999999947,0.3016779429468161,0.09614731148922512,0.20128642459948332,0.004394722920046557,0.001998819804112757
3.534999999999947,0.30225567295518807,0.09652238785972636,0.2005729811261827,0.004184513597768221,0.001998819804112757
3.5399999999999467,0.3027757250849336,0.09738697732554616,0.19924636677537944,0.003885936216871258,0.001998819804112757
3.5449999999999466,0.30285973328106464,0.09856002279844306,0.19725125351990158,0.004219859712322917,0.0055981895721410645
3.5499999999999465,0.3025984615048364,0.09982255904857643,0.1953769079840187,0.005306266792349303,0.0055981895721410645
3.5549999999999464,0.3023332383031969,0.10056377869121216,0.1940072235987004,0.006455634468287658,0.0055981895721410645
3.5599999999999463,0.30212729002066396,0.10068198510121013,0.19310421644637488,0.007248606578421538,0.0055981895721410645
3.564999999999946,0.3019804274397765,0.10022737288702055,0.1926460453091341,0.007619346485708637,0.010730860615665134
3.569999999999946,0.3018679718600535,0.09929597562894679,0.19262074695254147,0.007644497676329998,0.010730860615665134
3.574999999999946,0.3017817954095738,0.09792283826419913,0.1930056339409108,0.007510695861689024,0.010730860615665134
3.579999999999946,0.30176683964412304,0.09616208694988866,0.19397370368039185,0.007359860476937229,0.010730860615665134
3.584999999999946,0.3015652798605699,0.09506561498393658,0.19588028941339067,0.006615910507713822,0.011545199987630582
3.5899999999999457,0.30135412328153294,0.09462188053624164,0.1970360391908512,0.00628831316858633,0.011545199987630582
3.5949999999999456,0.30114111463603893,0.09478176378141548,0.19750513547124837,0.005895462735218735,0.011545199987630582
3.5999999999999455,0.3009273334128831,0.09549912387967817,0.19732297273399202,0.00531829936089376,0.011545199987630582
3.6049999999999454,0.3007055915793392,0.09672957335901994,0.19652184518615706,0.004826086489063931,0.003956774630512927
3.6099999999999453,0.30030120031138074,0.09830924786497156,0.19556057618124775,0.004760026076838657,0.003956774630512927
3.614999999999945,0.2997355195943666,0.10021599486742425,0.19487399485095344,0.005137366295658657,0.003956774630512927
3.619999999999945,0.29947042652540107,0.10147811310339774,0.19503449651891253,0.0052078298006105,0.003956774630512927
3.624999999999945,0.29937609317185265,0.1021167200773817,0.19552638072063877,0.004988289593926183,0.008035307485630505
3.629999999999945,0.29932563437610676,0.10213835172608386,0.19635258824180166,0.0042814634919590665,0.008035307485630505
3.6349999999999447,0.299380534043263,0.10161694578665308,0.1973461409634291,0.0031687883385484042,0.008035307485630505
3.6399999999999446,0.2996307285082734,0.10063455438296691,0.1982610431398424,0.0018875888485138054,0.008035307485630505
3.6449999999999445,0.30010059930143507,0.09924259342906244,0.19900166552658766,0.0012571621430635537,0.0009754649332279839
3.6499999999999444,0.3006885548320619,0.09795250188689433,0.19938421411591073,0.0022462298490962,0.0009754649332279839
3.6549999999999443,0.301169673342404,0.09733817854466827,0.19943219862759384,0.002962402333664576,0.0009754649332279839
3.659999999999944,0.30133684667977173,0.09724469011352621,0.19848084378222797,0.0034185855598057547,0.0009754649332279839
3.664999999999944,0.3011818683979729,0.09761878483541225,0.19741403242889666,0.003708669147954277,0.0031884402362705303
3.669999999999944,0.30071742668307544,0.09841852986783303,0.19652246444121207,0.0038870300213864305,0.0031884402362705303
3.674999999999944,0.2999652261220646,0.09960864057996907,0.19577881379141815,0.004239432087645152,0.0031884402362705303
3.6799999999999438,0.2991019774742431,0.10074905570914044,0.1951690084217933,0.004970513911143074,0.0031884402362705303
3.6849999999999437,0.2983557403988615,0.1012842278046322,0.1946805087971189,0.005714001868013005,0.007500839905046773
3.6899999999999435,0.29798514857152913,0.10132190819224163,0.19437245570480266,0.006121790779006974,0.007500839905046773
3.6949999999999434,0.29813949033520937,0.10097428112790631,0.1943442995239597,0.0060330479696133876,0.007500839905046773
3.6999999999999433,0.29877065705430655,0.1002662042244657,0.19457246245058446,0.0055713833665944545,0.007500839905046773
3.7049999999999432,0.2997289813907134,0.09917699109711181,0.19526677078851892,0.004811886689151225,0.009284935074623211
3.709999999999943,0.3007517805318175,0.09816474054655311,0.19555193897197565,0.00487017434374943,0.009284935074623211
3.714999999999943,0.3014676391663416,0.09766468621008231,0.1959185800731708,0.004926017036011767,0.009284935074623211
3.719999999999943,0.30179225083736894,0.09759652797178855,0.19664291256608152,0.004500986213422344,0.009284935074623211
3.724999999999943,0.3017602141918142,0.09793063428047047,0.1976972072788144,0.0035613877630740498,0.007011346075563312
3.7299999999999427,0.30137526127482894,0.09868541883679414,0.19907671775582259,0.0021146908310940246,0.007011346075563312
3.7349999999999426,0.30055614336556,0.09978281827722227,0.20006212743447513,0.0006002692411573405,0.007011346075563312
3.7399999999999425,0.29942763155779667,0.10087961782912568,0.20050192515679183,0.0011632979076601573,0.007011346075563312
3.7449999999999424,0.29831782081412384,0.10131712681217167,0.20034771975594393,0.002164592081989156,0.003933425539725676
3.7499999999999423,0.29765273517082774,0.1013404427127848,0.19960977185907045,0.002731065148710341,0.003933425539725676
3.754999999999942,0.29738823278695836,0.100979054649944,0.19831748906680677,0.003257409864142212,0.003933425539725676
3.759999999999942,0.29748513768532747,0.10025926430243887,0.19649578705290377,0.0043210252046101336,0.003933425539725676
3.764999999999942,0.29799529046782913,0.09923868784762761,0.19476650274248153,0.005655789073699624,0.0031822637245645558
3.769999999999942,0.29869801411041846,0.09856242626642417,0.19340531014756504,0.00687398863440618,0.0031822637245645558
3.7749999999999417,0.29928275116576747,0.09843164964554763,0.1928181652273919,0.007385994816242553,0.0031822637245645558
3.7799999999999416,0.2996525855710373,0.09876483306973614,0.19322336891559802,0.006897032911705745,0.0031822637245645558
3.7849999999999415,0.29982124454771925,0.09952770690022897,0.19454593525900915,0.005477393219655782,0.00781530451840363
3.7899999999999414,0.2996274396870231,0.10061987672248168,0.19613561073469793,0.003931482256307668,0.00781530451840363
3.7949999999999413,0.2992598279350158,0.10159620750080696,0.19799437297474667,0.0026680091521285787,0.00781530451840363
3.799999999999941,0.29906336711913706,0.10197415981171717,0.1998231258594549,0.002192230046620641,0.00781530451840363
3.804999999999941,0.29909215026466723,0.10182676144845822,0.20147864361247586,0.002519451421288477,0.002776347475704221
3.809999999999941,0.2992231825538061,0.10121051113628325,0.20200713758486427,0.002469288124207401,0.002776347475704221
3.814999999999941,0.29945683212743285,0.10016365942541244,0.2014961061664189,0.0016000466888538057,0.002776347475704221
3.8199999999999408,0.29975464858851747,0.09870800362340944,0.20006573211342593,0.0013167280140465832,0.002776347475704221
3.8249999999999407,0.2999715570449407,0.09760681457776942,0.19844535387821324,0.0028539569076733006,0.004469797325236586
3.8299999999999406,0.29984639617333586,0.0970436992112948,0.1970204107285014,0.004200150082520206,0.004469797325236586
3.8349999999999405,0.2994132046673677,0.09697912952139683,0.19577341954002792,0.005228189896657654,0.004469797325236586
3.8399999999999403,0.29891243870270695,0.09745724235820113,0.19451040863846666,0.006146870693037053,0.004469797325236586
3.8449999999999402,0.29850097186694496,0.09849498567204734,0.1937461606419139,0.006604745278039116,0.00642479147166501
3.84999999999994,0.29815203937669116,0.09998523332765669,0.19350863385972933,0.006749297066136944,0.00642479147166501
3.85499999999994,0.297942443791034,0.1014736255710102,0.19389133710732923,0.006612176057311431,0.00642479147166501
3.85999999999994,0.2979323616049503,0.10232108968312167,0.19464468448962385,0.006192090928390262,0.00642479147166501
3.86499999999994,0.29802066885315837,0.1025607740960989,0.19556238594934372,0.005492516201404473,0.009920126271018551
3.8699999999999397,0.298430962609881,0.10233328039227721,0.19608633706796688,0.004819007498038037,0.009920126271018551
3.8749999999999396,0.299138939550333,0.10167326442787955,0.19624427262388477,0.004200800765007694,0.009920126271018551
3.8799999999999395,0.30011750632273393,0.1006102180397919,0.19606138166480985,0.003987340991471133,0.009920126271018551
3.8849999999999394,0.301243057600169,0.09913209265587972,0.19579136263742639,0.004473374990425749,0.004351590514511006
3.8899999999999393,0.3019001198784155,0.09821869102912066,0.19551551835772768,0.005185951484728954,0.004351590514511006
3.894999999999939,0.30218030774642984,0.09782909563254007,0.19534756939060152,0.005577784346590201,0.004351590514511006
3.899999999999939,0.302117230914366,0.09792535995620053,0.1952770694811645,0.005576098164651632,0.004351590514511006
3.904999999999939,0.3017378449261062,0.0984699826836452,0.19529407717514657,0.005244689467357941,0.005457399342960514
3.909999999999939,0.3010637407096652,0.0994262737968196,0.19538918028148722,0.0047665883533446855,0.005457399342960514
3.9149999999999388,0.3002689453602407,0.10034975970458065,0.1955541724294163,0.004467666756272847,0.005457399342960514
3.9199999999999386,0.299672631079146,0.10073056614035936,0.19642316052783096,0.0036653346239391644,0.005457399342960514
3.9249999999999385,0.29923395445654377,0.10060107996350276,0.19769099525689515,0.002505918155258535,0.00732729735832806
3.9299999999999384,0.2991660756001865,0.10003258017030855,0.19852761703650743,0.0016924547152833518,0.00732729735832806
3.9349999999999383,0.29943654926343183,0.09905804305495575,0.19897832389571177,0.0014995271524483704,0.00732729735832806
3.939999999999938,0.29988906560100714,0.0980464631334205,0.19907094849522225,0.002166044650623576,0.00732729735832806
3.944999999999938,0.30027602832557876,0.09762287024980973,0.1988302474735162,0.00266369263598051,0.004100781106995277
3.949999999999938,0.30060154766312197,0.09774247217233914,0.19827996990179605,0.002901171319036195,0.004100781106995277
3.954999999999938,0.3008648642120064,0.09836312642180892,0.19744151240073715,0.0031580380003684945,0.004100781106995277
3.959999999999938,0.3011106395582645,0.09946432060984756,0.1965104462236415,0.0037010077270270654,0.004100781106995277
3.9649999999999377,0.3013913089081966,0.10066966859564538,0.19593160876904586,0.00435155187423125,0.00609025116794102
3.9699999999999376,0.30167369216051215,0.10127076202958896,0.1954753443904786,0.004988846556948668,0.00609025116794102
3.9749999999999375,0.3019670796901501,0.10131376995898739,0.1951471009319238,0.00539870571317548,0.00609025116794102
3.9799999999999374,0.30227792726268154,0.10084299145337164,0.19492311954533983,0.005627992746569244,0.00609025116794102
3.9849999999999373,0.3025124182308771,0.10013741410223376,0.19479326102218408,0.005782841756908452,0.005528284718071723
3.989999999999937,0.30276474651306795,0.098974274647918,0.1947487693680861,0.006022570790698614,0.005528284718071723
3.994999999999937,0.30276025425992625,0.09811212251434048,0.1947797096317027,0.0061995577672636255,0.005528284718071723
3.999999999999937,0.30243049679174977,0.09777034977494019,0.19487791733882934,0.006092157710424159,0.005528284718071723
4.004999999999937,0.3018823045652018,0.09793979715364196,0.19570609842712317,0.005121044518638333,0.00746970003324124
4.009999999999937,0.30134992872780775,0.09860701861594835,0.19612631453191787,0.004332221579294614,0.00746970003324124
4.014999999999937,0.3008263204375051,0.0997337876159372,0.19617751608328282,0.003919828796316068,0.00746970003324124
4.0199999999999365,0.30030528766336717,0.10128480906192043,0.19588739908602296,0.004319423707005593,0.00746970003324124
4.024999999999936,0.30009596695189744,0.10241395397223155,0.19528219338135203,0.005300385148917733,0.005805079231933467
4.029999999999936,0.30023268402743264,0.10300764174222604,0.1943849731672,0.006374054991860907,0.005805079231933467
4.034999999999936,0.30068623046163373,0.10310540179237687,0.19321633931303173,0.007492161560890858,0.005805079231933467
4.039999999999936,0.30142553649647263,0.10274132417093035,0.19179488134678155,0.008767609972295528,0.005805079231933467
4.044999999999936,0.3022631966766671,0.10188245250366354,0.1905401780028615,0.009907265962079147,0.011857451815488385
4.049999999999936,0.3030585560470703,0.10057166826575291,0.18947667836654342,0.010973689803357622,0.011857451815488385
4.054999999999936,0.30351880074278476,0.09964927299843729,0.18860186465611778,0.01193408804285041,0.011857451815488385
4.059999999999936,0.3036196592593683,0.09925211245180722,0.18787588881413972,0.012674988796278092,0.011857451815488385
4.0649999999999356,0.30339376178002464,0.0993418967605714,0.18728513367526156,0.013176438993494046,0.012470967703807215
4.0699999999999354,0.30286709523783656,0.09988090528526,0.1868168336094408,0.013491860314095843,0.012470967703807215
4.074999999999935,0.30206030304162695,0.10083232769661228,0.1864590603428153,0.013722050313907264,0.012470967703807215
4.079999999999935,0.3009897679261387,0.10216047061634659,0.18620069340864032,0.014002433225480955,0.012470967703807215
4.084999999999935,0.29992629670192894,0.1031787612631114,0.1860321826002404,0.01432514845497356,0.014352828495170639
4.089999999999935,0.2990046221944522,0.10355595892285582,0.18624708313954141,0.014240026088722641,0.014352828495170639
4.094999999999935,0.2984934312335094,0.10345948113964815,0.18611105021134097,0.014392382896367026,0.014352828495170639
4.099999999999935,0.2983550152737972,0.10292448725850002,0.18566487878018245,0.014722577928523014,0.014352828495170639
4.104999999999935,0.29855187994827903,0.10198143696887563,0.18491691014457312,0.015281450969482737,0.0171341098591296
4.109999999999935,0.29904864274017773,0.10065739532517742,0.1838899026106886,0.016151547515407923,0.0171341098591296
4.1149999999999345,0.2998095669094511,0.09897557530255657,0.18260439435170295,0.01742678417246776,0.0171341098591296
4.119999999999934,0.3004358335423619,0.09793545711895027,0.1810779303388333,0.019039354202450957,0.0171341098591296
4.124999999999934,0.3008798133256081,0.09744546136558516,0.1795088086391452,0.02066854282502292,0.015393508188386338
4.129999999999934,0.3011507254182414,0.09751874083454821,0.17904669157150244,0.021131065996160082,0.015393508188386338
4.134999999999934,0.3012713194552004,0.0981146579341452,0.17961412850429603,0.020512301784583045,0.015393508188386338
4.139999999999934,0.301118952313766,0.09914193991770649,0.18049835890272384,0.019552552950248693,0.015393508188386338
4.144999999999934,0.30065505157083805,0.10054401178538368,0.18141764903572855,0.01860184960541436,0.01775861765183624
4.149999999999934,0.29989707978363966,0.1022882834536171,0.18236534803942117,0.01778279459212698,0.01775861765183624
4.154999999999934,0.2992449475128762,0.10337333896047177,0.1833363764887402,0.01701839794239043,0.01775861765183624
4.1599999999999335,0.298689687990828,0.10386773171610687,0.18432543115534478,0.016197789190349275,0.01775861765183624
4.164999999999933,0.29830113598655933,0.10384811493406607,0.1857293997723535,0.014877639541918284,0.015850681311524076
4.169999999999933,0.29799080735270367,0.10326484802122263,0.18742026449283394,0.013150887161172268,0.015850681311524076
4.174999999999933,0.29802638284863947,0.10227641293205139,0.18865498981727008,0.011738248444448644,0.015850681311524076
4.179999999999933,0.2983772011097646,0.10091176310482797,0.18948017671857564,0.01068323312812525,0.015850681311524076
4.184999999999933,0.2990150462052696,0.09919704751527463,0.1899257002347987,0.010154131298620058,0.010635994497677222
4.189999999999933,0.2995449862396371,0.09813307498564094,0.19001728018969738,0.010165979605643903,0.010635994497677222
4.194999999999933,0.29998574788957494,0.0976539668882828,0.18978030842471919,0.01048552194112391,0.010635994497677222
4.199999999999933,0.30034276179643105,0.09771503032646897,0.18923774965543275,0.011007479481570128,0.010635994497677222
4.204999999999933,0.300606430801744,0.09826921736894328,0.18923616560688367,0.0109189513084227,0.008930959964755375
4.2099999999999325,0.30052103855013124,0.09923572992062248,0.18933758222775604,0.010702464327192065,0.008930959964755375
4.214999999999932,0.3001170286525248,0.10058228345963163,0.18952370658876921,0.010493115522621018,0.008930959964755375
4.219999999999932,0.29941450164670136,0.10227628890855489,0.18978501361316466,0.010481900896314414,0.008930959964755375
4.224999999999932,0.29864177527878627,0.1037544379050249,0.19011333738519626,0.01066239541730478,0.009035087195679053
4.229999999999932,0.29798288446339777,0.10459437825958859,0.19050126033201978,0.010742584510267699,0.009035087195679053
4.234999999999932,0.29761416099423355,0.10494233132686406,0.19045914493426064,0.011006669891087999,0.009035087195679053
4.239999999999932,0.29775535155777555,0.104937057623984,0.19067782717245466,0.010784984508025225,0.009035087195679053
4.244999999999932,0.2983585574512227,0.1045997350782949,0.19112187203934064,0.010132771216072863,0.008720735550349195
4.249999999999932,0.2992334827411676,0.10382957816617151,0.19116906233667652,0.009656017691181533,0.008720735550349195
4.2549999999999315,0.30035991548200314,0.1026585749098334,0.19085222258314455,0.009533068308457253,0.008720735550349195
4.259999999999931,0.30162027215137144,0.10107537292736807,0.19045171662513327,0.00974430213941371,0.008720735550349195
4.264999999999931,0.3026807221176874,0.09937749552964312,0.19046305858746748,0.009926078500291572,0.009042583650678268
4.269999999999931,0.30331852921522373,0.09821822199061295,0.1908676006061476,0.009878668316927372,0.009042583650678268
4.274999999999931,0.3035808377214505,0.09754901657960724,0.1916346551117592,0.009423837520544367,0.009042583650678268
4.279999999999931,0.3033908399412351,0.09729036762596843,0.19213085507275107,0.00898684288254352,0.009042583650678268
4.284999999999931,0.302740174621543,0.09739442805197951,0.1921140790499971,0.008745588108443846,0.010106794823744403
4.289999999999931,0.3018268039392845,0.09795110199590093,0.19221875114758913,0.008251244110249818,0.010106794823744403
4.294999999999931,0.3006725364376794,0.09892200732676867,0.1924299658725349,0.007675922755899331,0.010106794823744403
4.2999999999999305,0.29929021107865134,0.10026959860985206,0.19272381955001133,0.007315687641233795,0.010106794823744403
4.30499999999993,0.2976919732083942,0.10195891581181477,0.19308879527440895,0.007545136817021961,0.011155412482092505
4.30999999999993,0.2967059800092924,0.10316999780838651,0.1936981335294781,0.007785433502165756,0.011155412482092505
4.31499999999993,0.2962779646590561,0.10394116838360562,0.19454383350383517,0.007691300809423565,0.011155412482092505
4.31999999999993,0.2963517992863499,0.10432193056138551,0.19558915697253113,0.007172446475051999,0.011155412482092505
4.32499999999993,0.2968837586615428,0.10433866051209574,0.19681513570186088,0.006219187705503786,0.009839188764359106
4.32999999999993,0.2976976964468686,0.10389893857264326,0.19760197669051027,0.005123752476150944,0.009839188764359106
4.33499999999993,0.2987783181285253,0.10303890145302701,0.1979921169635535,0.0038417473790384976,0.009839188764359106
4.33999999999993,0.30010346651780273,0.10178711116413411,0.19801356377310914,0.002674023282767641,0.009839188764359106
4.34499999999993,0.30164823341112357,0.10016778819615745,0.1976917271642615,0.0028412936737553405,0.004705847077727644
4.3499999999999295,0.30262742220630123,0.09903622197912171,0.1971975180026412,0.003960570775685389,0.004705847077727644
4.354999999999929,0.30303924452481734,0.09834370126267322,0.19623050301151068,0.005117561952251548,0.004705847077727644
4.359999999999929,0.303113112935415,0.09811054329505296,0.19542277299409938,0.005849147446599681,0.004705847077727644
4.364999999999929,0.3028771577311832,0.09830296617936943,0.19474925536974835,0.006223204927574524,0.006474502868146954
4.369999999999929,0.30233828404150886,0.0989395956583217,0.19420683307778064,0.006336624702104581,0.006474502868146954
4.374999999999929,0.3015185844883396,0.09998269485835166,0.19378306054238892,0.0063997448805210135,0.006474502868146954
4.379999999999929,0.30050520605086384,0.10121519481351043,0.1934666414264517,0.00666458594656632,0.006474502868146954
4.384999999999929,0.29971451154526285,0.10186437438768337,0.1938302557998338,0.006451599724930448,0.005412534114027944
4.389999999999929,0.299301607421383,0.1020665516105013,0.1938317441567504,0.006542611703327336,0.005412534114027944
4.3949999999999285,0.2992347320059955,0.10185496161363003,0.1935053580454987,0.006797565138184196,0.005412534114027944
4.399999999999928,0.29948481042608877,0.1012595048244753,0.19287477666130892,0.007254004433840081,0.005412534114027944
4.404999999999928,0.3000212747389613,0.1003055124576113,0.1919613723564049,0.008044459265149219,0.004027406095601969
4.409999999999928,0.30050088550607357,0.09941156750002127,0.1911356122261542,0.008898005939666095,0.004027406095601969
4.414999999999928,0.3006155402585129,0.09897918151834843,0.19075199182228275,0.00932451690102264,0.004027406095601969
4.419999999999928,0.30039537065233846,0.0989747190193547,0.19078925456347584,0.0092760633103949,0.004027406095601969
4.424999999999928,0.3000436822199388,0.09943412114208383,0.19181361815511772,0.008206032825208156,0.007990537199436085
4.429999999999928,0.29947247307331404,0.10028378186409873,0.1927308922846277,0.007293746895968859,0.007990537199436085
4.434999999999928,0.2988022961947231,0.10153533683682855,0.19326258453852813,0.007013167665768291,0.007990537199436085
4.439999999999928,0.29838864489766354,0.1024503679952997,0.19327163338937753,0.0073397333619930815,0.007990537199436085
4.4449999999999275,0.29831014031202463,0.1028383575985318,0.1927620458018238,0.007956122208531244,0.010145399192320163
4.449999999999927,0.2984923362060835,0.10277845843184315,0.19183683254009481,0.008753866822805906,0.010145399192320163
4.454999999999927,0.29885380994743777,0.10227727635864145,0.1906582867728171,0.00968335402993942,0.010145399192320163
4.459999999999927,0.2994470988198129,0.10139366835732766,0.19008498983518765,0.010027733431518861,0.010145399192320163
4.464999999999927,0.3002501932981607,0.10015273718122834,0.19034143814443624,0.009663008974989392,0.009696641943478983
4.469999999999927,0.30103045635087244,0.09924992626394372,0.19022254208847256,0.009860179212989265,0.009696641943478983
4.474999999999927,0.3016812172901071,0.09896710132570671,0.18975498078659364,0.010433301966826113,0.009696641943478983
4.479999999999927,0.3021153499978938,0.09921995200958125,0.18924125596448063,0.010992440752752297,0.009696641943478983
4.484999999999927,0.3021715779093518,0.09989891346458937,0.1891545089832525,0.011061222558938811,0.01358951406810101
4.4899999999999265,0.3019013438085766,0.10092192623400092,0.18945417334406453,0.010755441232994163,0.01358951406810101
4.494999999999926,0.30145328706017727,0.10192752870904237,0.1901238809770949,0.010166864667047037,0.01358951406810101
4.499999999999926,0.3010204078727032,0.10244523888499708,0.19114682089778862,0.00924116906279768,0.01358951406810101
4.504999999999926,0.30065942453031247,0.10235524894626324,0.19250557774618915,0.00788342585608994,0.009921339236811613
4.509999999999926,0.3003841119977275,0.10171302225637799,0.193874291517777,0.006372306622159953,0.009921339236811613
4.514999999999926,0.3001906904739402,0.1005644196170446,0.19526172016074464,0.004775586686057559,0.009921339236811613
4.519999999999926,0.29990150140936334,0.09938261156067182,0.19664928055852332,0.0034085467919427715,0.009921339236811613
4.524999999999926,0.2995727483778007,0.09862832961798051,0.19757536649627522,0.002818309992347578,0.005666476321437519
4.529999999999926,0.29925046432845653,0.09850831487689449,0.19781169078228653,0.002752385413008184,0.005666476321437519
4.5349999999999255,0.29892879501006575,0.09896937758877755,0.19740748051346876,0.002988447753101639,0.005666476321437519
4.539999999999925,0.29861492479168206,0.0999699377511877,0.19649846741680074,0.0037656430397352797,0.005666476321437519
4.544999999999925,0.29864716344198805,0.10092180250614922,0.1959074249569876,0.004407840411780425,0.005322598938613269
4.549999999999925,0.29897599117869506,0.1013972238482152,0.19499872613222366,0.005292784602516356,0.005322598938613269
4.554999999999925,0.2993739936448814,0.10134777975304801,0.19432597271497543,0.005865405344098437,0.005322598938613269
4.559999999999925,0.2996408648893073,0.10109634749456528,0.19407376646205687,0.006037482902900334,0.005322598938613269
4.564999999999925,0.29970296928540346,0.10088207059259383,0.1942226067986421,0.005851884139217836,0.0034466365936109368
4.569999999999925,0.2998004824898943,0.1001156160991478,0.19474632932145444,0.005258728926064774,0.0034466365936109368
4.574999999999925,0.2998495073178876,0.09903487531908803,0.1956275436861917,0.004480233019970833,0.0034466365936109368
4.579999999999925,0.2996761396699935,0.09819758321996479,0.19678331800162924,0.0037014368616723726,0.0034466365936109368
4.5849999999999245,0.29939488418415044,0.09790044468277417,0.19795844468668658,0.0029903588042241394,0.0023089062442594975
4.589999999999924,0.2991276026820557,0.09814547888853703,0.1984457842120988,0.0025721415879728865,0.0023089062442594975
4.594999999999924,0.2988760697768486,0.09889289318378491,0.1982865268968854,0.002329140340151336,0.0023089062442594975
4.599999999999924,0.29881360018032505,0.09963560234003505,0.19751385928712095,0.002778709382239797,0.0023089062442594975
4.604999999999924,0.2990086847383557,0.10002519721974998,0.1962512391852125,0.0038776988658659832,0.006782091683919748
4.609999999999924,0.2989744749573299,0.10053292613229925,0.19514359771159928,0.004992029152800964,0.006782091683919748
4.614999999999924,0.2988382656624057,0.10086881053442379,0.19417942472615096,0.005998629421327372,0.006782091683919748
4.619999999999924,0.29865883955869205,0.10091800342336776,0.19334761027460243,0.006848045755777307,0.006782091683919748
4.624999999999924,0.2985973867006485,0.10077854262676506,0.19296911835014213,0.007211570526835061,0.008368934558073431
4.6299999999999235,0.29856051989957794,0.100133919983322,0.19299106025332888,0.007156484744196026,0.008368934558073431
4.634999999999923,0.29871345584514253,0.09909053303555354,0.19300123622905915,0.007173912485056649,0.008368934558073431
4.639999999999923,0.29908079041968744,0.0979292786508424,0.19268537807123207,0.007657449126126033,0.008368934558073431
4.644999999999923,0.2992779616595852,0.09739963874348818,0.19225810731934195,0.008198787734063098,0.007801458943975006
4.649999999999923,0.29942094021141474,0.09741425140309336,0.19152996510898015,0.008874846314176649,0.007801458943975006
4.654999999999923,0.299508273570648,0.09793108694800402,0.19052376960825945,0.009711907049359049,0.007801458943975006
4.659999999999923,0.2995351721232481,0.09890976494772838,0.18925982440940084,0.01080537130972877,0.007801458943975006
4.664999999999923,0.2996795863799042,0.10038522798099647,0.18834216051891342,0.011668602609227325,0.010354824626627466
4.669999999999923,0.29986489479545037,0.10116936320038136,0.18756145593666193,0.012494120302218381,0.010354824626627466
4.6749999999999226,0.3000922226836362,0.10133513624745064,0.1869221839712045,0.01314611600076823,0.010354824626627466
4.6799999999999224,0.30036592711132437,0.10093267536164316,0.18639956687344772,0.013637285918057131,0.010354824626627466
4.684999999999922,0.30055988802664696,0.10032304334447967,0.18598267394804455,0.01403222224922427,0.014110663758097348
4.689999999999922,0.30078082152287566,0.09925622645480897,0.18567159030314362,0.014368931963722294,0.014110663758097348
4.694999999999922,0.3011371996645816,0.09780957284880001,0.1860625831942785,0.01415424958795932,0.014110663758097348
4.699999999999922,0.3014182750574729,0.09668975897185625,0.18739971862497812,0.013104819362844326,0.014110663758097348
4.704999999999922,0.3014679262899026,0.09615305850030738,0.18949300258963642,0.011284979445086813,0.014391997435799884
4.709999999999922,0.3014448988404971,0.09620939225372696,0.19109249699531045,0.00978774997248748,0.014391997435799884
4.714999999999922,0.30136192873749,0.09681636531930335,0.19225620521124928,0.008482731717814647,0.014391997435799884
4.719999999999922,0.3012257803773278,0.09793373013169918,0.1930143739462368,0.007387217342484594,0.014391997435799884
4.7249999999999215,0.30103712371636937,0.09952293974958187,0.19339462722143919,0.006703294833836358,0.007729430181868311
4.729999999999921,0.301092786975797,0.10076488174180043,0.19341556992104106,0.006718180327894647,0.007729430181868311
4.734999999999921,0.3014646989074996,0.10145703399991936,0.19310342169284017,0.007199380759019434,0.007729430181868311
4.739999999999921,0.3021282445076675,0.10163998141679137,0.19248141563189053,0.007984239139217853,0.007729430181868311
4.744999999999921,0.3027445741578456,0.10122484083183739,0.19184480212658891,0.008691385086724611,0.010376542309537273
4.749999999999921,0.30336572802464085,0.1002769790602669,0.1913589665676392,0.00927751590216133,0.010376542309537273
4.754999999999921,0.30388632617948164,0.09912062820576907,0.1909867125058878,0.00985475404956069,0.010376542309537273
4.759999999999921,0.3040608276371004,0.09845869620057172,0.19071619189540495,0.010249635672711276,0.010376542309537273
4.764999999999921,0.3039196125447948,0.09825604570901553,0.1905376637114039,0.010389444023086076,0.010486947176943278
4.7699999999999205,0.30346931084610734,0.09852905824624678,0.19045143903021244,0.010265223036232736,0.010486947176943278
4.77499999999992,0.3027319543835423,0.09923794962160332,0.19044842241507948,0.00996378090353892,0.010486947176943278
4.77999999999992,0.30176378957570793,0.10036051953416308,0.19074193720521151,0.00943147150311849,0.010486947176943278
4.78499999999992,0.3009279180184465,0.10108229477792363,0.19174149824813677,0.008380647052633026,0.008301783234312575
4.78999999999992,0.3004686486587646,0.10134854229604631,0.19233464472740236,0.00779717059866772,0.008301783234312575
4.79499999999992,0.3003576581268468,0.10119438064065672,0.1925587669230056,0.007544959519880189,0.008301783234312575
4.79999999999992,0.3005685294251295,0.10065127681871688,0.19244040949889096,0.007608862973289388,0.008301783234312575
4.80499999999992,0.3010726897657596,0.09974581947594312,0.19200358583087593,0.008072045009571224,0.006899462392854076
4.80999999999992,0.3014973408414889,0.09941440609764111,0.19126098922267779,0.008885677193113905,0.006899462392854076
4.81499999999992,0.3018449326956688,0.09961375050191683,0.19023545758475124,0.009944810400681833,0.006899462392854076
4.8199999999999195,0.3021139349010121,0.10030217269817746,0.18894731985880747,0.01125707632597172,0.006899462392854076
4.824999999999919,0.30209149831580423,0.10115387524028126,0.1881484893979771,0.012089834441588006,0.012154371130945188
4.829999999999919,0.30188825444890094,0.1019799947972948,0.1875056397777713,0.012790423043196029,0.012154371130945188
4.834999999999919,0.30168397189836754,0.10239599594347529,0.18700700124088535,0.013318955464675031,0.012154371130945188
4.839999999999919,0.3015621364020816,0.1022247699191211,0.18662832878680774,0.013645199242424038,0.012154371130945188
4.844999999999919,0.30144506257439546,0.10170157053448238,0.1863570995647105,0.013824336527116224,0.010524782653073864
4.849999999999919,0.3013853741983635,0.10071660103759661,0.18619163324676544,0.013896178291473153,0.010524782653073864
4.854999999999919,0.30137520957064357,0.09930403208042288,0.1861209666944007,0.013964352409123922,0.010524782653073864
4.859999999999919,0.3011461726663153,0.0981910097876009,0.18613408797031067,0.014030312675940184,0.010524782653073864
4.8649999999999185,0.3007849647099947,0.0976851962534468,0.18711932067702702,0.013110544832395706,0.015388579872998243
4.869999999999918,0.3003940155088889,0.09777534551113254,0.1876981052217597,0.012507635705879006,0.015388579872998243
4.874999999999918,0.29997334438741785,0.09841417554039575,0.18790791050412914,0.01219566226633519,0.015388579872998243
4.879999999999918,0.2996713509351316,0.09916481330963817,0.1877759638215145,0.012256941197073549,0.015388579872998243
4.884999999999918,0.29959534331131743,0.09970598045773887,0.18732698495591793,0.012682882355145367,0.014766678953523583
4.889999999999918,0.2998415341652193,0.09974771994872679,0.18657589164396593,0.013427413816502686,0.014766678953523583
4.894999999999918,0.3002679571495643,0.09962163907677007,0.18554500552790515,0.01446242798462703,0.014766678953523583
4.899999999999918,0.3007868763822199,0.09951500209155,0.184254448556172,0.01577265949934666,0.014766678953523583
4.904999999999918,0.3013476189399343,0.09953681362887146,0.18354779231508142,0.01651380501669325,0.017225887612905773
4.9099999999999175,0.3017728654980837,0.09938033658783292,0.1829818604808785,0.017121451676506857,0.017225887612905773
4.914999999999917,0.3020293784379684,0.09919223571484043,0.18254295747701685,0.017593157579982987,0.017225887612905773
4.919999999999917,0.3021116353260487,0.09903869018869048,0.18221253807297988,0.017938141545565067,0.017225887612905773
4.924999999999917,0.30203027318770714,0.09892797608462511,0.18198009933629514,0.01816557360563243,0.02145106791529101
4.929999999999917,0.3016386327476086,0.0992844048837126,0.18184482977200275,0.0182430096107947,0.02145106791529101
4.934999999999917,0.30112956150659914,0.09993273887740581,0.1823070960804767,0.017729051930695173,0.02145106791529101
4.939999999999917,0.3007423021942048,0.10045351255424023,0.18371258788677294,0.016310624743720595,0.02145106791529101
4.944999999999917,0.30053512616574823,0.10062901040980832,0.18600218412679348,0.014022156158348415,0.020425305517026215
4.949999999999917,0.30047455057815536,0.10077746071551388,0.187784270925037,0.012249640004844704,0.020425305517026215
4.954999999999917,0.3005686499352638,0.10087820593882746,0.18911765127645427,0.010932525882005715,0.020425305517026215
4.9599999999999165,0.3007997701803957,0.10096975588962852,0.19003340415098705,0.010045550838280692,0.020425305517026215
4.964999999999916,0.30113875133543133,0.10111120757355156,0.1905600335662126,0.009573113555500013,0.011361380546198783
4.969999999999916,0.3017037982084033,0.1009703516231014,0.19071654447065756,0.009488258911554475,0.011361380546198783
4.974999999999916,0.3022195745961631,0.10075154355007393,0.19094519149235695,0.009353121735852453,0.011361380546198783
4.979999999999916,0.30249628390367683,0.10059137124880643,0.19156233147806845,0.00881903641945455,0.011361380546198783
4.984999999999916,0.3024471820128214,0.10053019124406064,0.192005907898533,0.008377070555145898,0.00947366583731901
4.989999999999916,0.3020933036588529,0.10087699943678922,0.1925126262167241,0.00782379795181234,0.00947366583731901
4.994999999999916,0.3015892204365732,0.10126275399960954,0.19307876707444638,0.0072127411203591375,0.00947366583731901
4.999999999999916,0.30106102872983354,0.10139159513170197,0.19369578357782244,0.0065425884536444885,0.00947366583731901
