time_s,ee_x,ee_y,ee_z,error_true_m,error_measured_m
0.005,0.3913614999999999,-0.0009794652485835562,0.24634517669302677,0.14384592968467252,0.15030226130596425
0.01,0.39138777521394646,-0.0009794878118838338,0.24623686254200583,0.14382777852359935,0.15030226130596425
0.015,0.39142518101422014,-0.0009795091926832178,0.24608425199476955,0.14380258440721966,0.15030226130596425
0.02,0.3914581011243018,-0.0009795133515549436,0.24595198998169557,0.14378119404587558,0.15030226130596425
0.025,0.391477870188091,-0.000979495787804888,0.24587186176051828,0.14376817104312287,0.14356469945865882
0.030000000000000002,0.39148402973386065,-0.000979465138068505,0.24584634487157256,0.14376392946076377,0.14356469945865882
0.035,0.3914776530727935,-0.0009794285091421612,0.24587055691229695,0.1437675693095755,0.14356469945865882
0.04,0.3914639596301399,-0.0009793951831562,0.24592318662280363,0.14377563504423393,0.14356469945865882
0.045,0.39144954588926917,-0.000979372613147678,0.2459780764255974,0.14378399301903028,0.14102017101433625
0.049999999999999996,0.3912591067787513,-0.00044287523596042277,0.2455552914062251,0.1431512498402593,0.14102017101433625
0.05499999999999999,0.39090365728177145,0.0005944281384349407,0.24469319217353638,0.14192400801480767,0.14102017101433625
0.05999999999999999,0.39038777694647425,0.0020990284683457534,0.24342622131813535,0.1401441655800877,0.14102017101433625
0.06499999999999999,0.3897161636114592,0.003247159716801433,0.24236674663541366,0.13858226198360882,0.14400353923130402
0.06999999999999999,0.38894656123222415,0.003780477377322262,0.24198196895443827,0.13759423318607947,0.14400353923130402
0.075,0.38840713906837426,0.0037462706757394036,0.24201419573543057,0.13727998867416172,0.14400353923130402
0.08,0.3881756484727157,0.0031830470538339274,0.24224192411375622,0.13759668424128688,0.14400353923130402
0.085,0.388223402347267,0.002416691377482216,0.2422522714443599,0.1381706382906773,0.13755223809751338
0.09000000000000001,0.3885270962248447,0.001854669367206416,0.2418547038251978,0.13864115162287968,0.13755223809751338
0.09500000000000001,0.38891007852903947,0.0016561186098901222,0.2415719103403064,0.13894151575484717,0.13755223809751338
0.10000000000000002,0.3891735036054965,0.001801487187070944,0.2418688276219105,0.1390965865518768,0.13755223809751338
0.10500000000000002,0.3892645592703957,0.0021361903485440435,0.2428034445659723,0.13920352598963381,0.13777145756051754
0.11000000000000003,0.38914588598807165,0.0029847417145579336,0.24320557479746727,0.13865666598605653,0.13777145756051754
0.11500000000000003,0.3888349634915118,0.0043120839247802354,0.24311723301894217,0.13750245017659246,0.13777145756051754
0.12000000000000004,0.3883418040584604,0.006085324564046968,0.24257628065652498,0.13578284236635718,0.13777145756051754
0.12500000000000003,0.38769153811170964,0.007438366826603836,0.24203981156542845,0.13425649909252257,0.13732603900569315
0.13000000000000003,0.38690982375500527,0.00813952901005515,0.24165720406147123,0.13314272885080744,0.13732603900569315
0.13500000000000004,0.386012066372818,0.008250901198689637,0.2414155929638481,0.13240552871055575,0.13732603900569315
0.14000000000000004,0.38507327527593205,0.007814379766486076,0.2411805038795541,0.13202834787948434,0.13732603900569315
0.14500000000000005,0.3844745155967902,0.006879584369187406,0.24089223142081603,0.13221017427997445,0.13298518259340844
0.15000000000000005,0.38419416781197846,0.005605163302097415,0.24047673548861112,0.1328059080183946,0.13298518259340844
0.15500000000000005,0.3841939881601125,0.004612471285460092,0.23970228312823016,0.13328045453916526,0.13298518259340844
0.16000000000000006,0.38444645037119074,0.004229009045432545,0.23857351806855348,0.13338366461039688,0.13298518259340844
0.16500000000000006,0.3849340163157824,0.004415554544379288,0.23737240103223384,0.13321737761832064,0.1335560868366901
0.17000000000000007,0.38532498403268484,0.005129966249578126,0.23642542894237487,0.13269321036744913,0.1335560868366901
0.17500000000000007,0.3855350505737809,0.006333733260220458,0.2358948349435286,0.13182584563449593,0.1335560868366901
0.18000000000000008,0.3855765284622343,0.007993525396233258,0.2357521124692657,0.1306397609408261,0.1335560868366901
0.18500000000000008,0.38547282461383675,0.010079166822966022,0.23656486399231522,0.12933811992408187,0.13119442161284375
0.19000000000000009,0.38517761399457323,0.011637331013002853,0.23743916783013735,0.12831554264440198,0.13119442161284375
0.1950000000000001,0.3847209455963386,0.012526559352005133,0.23836987715200275,0.12767728425290004,0.13119442161284375
0.2000000000000001,0.38412061142059645,0.01281069338733772,0.2393514752298709,0.1273844223448808,0.13119442161284375
0.2050000000000001,0.3833892866903683,0.012529945320462213,0.24037827483920918,0.12741737981672863,0.12718399417660545
0.2100000000000001,0.3825350188094995,0.01172255074275778,0.24144465687194416,0.12775991922540733,0.12718399417660545
0.2150000000000001,0.3815582352316309,0.010424574116581358,0.24214590928596652,0.12826449362873105,0.12718399417660545
0.2200000000000001,0.38087084455148557,0.008686238693248902,0.2415864577158678,0.12887098186872992,0.12718399417660545
0.22500000000000012,0.38043913380879424,0.007096770129492699,0.23989879666358527,0.1292028573348266,0.12991028660133538
0.23000000000000012,0.3802870792235036,0.00618245571386061,0.23794419667145894,0.12918014076151652,0.12991028660133538
0.23500000000000013,0.38039035165022406,0.005874888274943927,0.2357357806865672,0.12883784893027125,0.12991028660133538
0.24000000000000013,0.38071979458055233,0.006132280367488505,0.23327037062001688,0.12819419482694072,0.12991028660133538
0.24500000000000013,0.3812459046533323,0.00691732927322147,0.23055941957766596,0.1272759157794281,0.1226754453877568
0.2500000000000001,0.38158906516783975,0.00818272350723601,0.2287234902252006,0.12614367486413208,0.1226754453877568
0.2550000000000001,0.3817874858855267,0.009900647157303545,0.22795279782129577,0.12485369492404372,0.1226754453877568
0.2600000000000001,0.38184978663390595,0.01204239139861341,0.22817152811161018,0.12340811755728993,0.1226754453877568
0.2650000000000001,0.381779881084757,0.01457999453322794,0.22930466097499003,0.12183303919314938,0.12115421711609108
0.27000000000000013,0.38152625056589096,0.016383055873724725,0.2304675809653042,0.12069215536324822,0.12115421711609108
0.27500000000000013,0.38111404984800296,0.017498084832751195,0.23165740300154936,0.1199510160599348,0.12115421711609108
0.28000000000000014,0.3805604083356276,0.017988956213665412,0.23287097704955118,0.11956710177268355,0.12115421711609108
0.28500000000000014,0.37987775747909697,0.017897370610250478,0.23410515068523682,0.11951761040057111,0.12047797100138552
0.29000000000000015,0.37904956983715543,0.017266929992367185,0.2347734955960989,0.11959427812524769,0.12047797100138552
0.29500000000000015,0.37809376942583023,0.016130829330851006,0.2349288513520798,0.11980275150697194,0.12047797100138552
0.30000000000000016,0.37742655706253675,0.014545253633822901,0.23401769304484085,0.12022723840777069,0.12047797100138552
0.30500000000000016,0.3770882575690736,0.012540568248712834,0.23278775150747869,0.12110651636559473,0.11861551903909126
0.31000000000000016,0.3770002804409573,0.011231065499974133,0.23126564997046353,0.12159978531367358,0.11861551903909126
0.31500000000000017,0.3771401546356038,0.010566832883808958,0.22945390357940668,0.12172274756060351,0.11861551903909126
0.3200000000000002,0.3774841418618488,0.010498177903388748,0.2273683179281295,0.12150470453811958,0.11861551903909126
0.3250000000000002,0.37800609823167464,0.01098736761922779,0.22502236898153863,0.12097238955287458,0.12003438607872095
0.3300000000000002,0.37837436005164393,0.011983717842129744,0.22377940977908575,0.1202283933513221,0.12003438607872095
0.3350000000000002,0.37860838248490813,0.013449768047224097,0.22357011153886555,0.11927183492311791,0.12003438607872095
0.3400000000000002,0.3786620353914586,0.015348629574926727,0.22388224144017643,0.11799971094446349,0.12003438607872095
0.3450000000000002,0.37848676264148934,0.01764556015392708,0.22427291648082257,0.11632540628249238,0.11617501543067534
0.3500000000000002,0.3781550301714389,0.019226488365087117,0.22473931810687844,0.11508519793321494,0.11617501543067534
0.3550000000000002,0.3776883478136094,0.02013315939612635,0.22527445270938182,0.11424968084774542,0.11617501543067534
0.3600000000000002,0.377100520188968,0.02042670458738296,0.22587187500801317,0.1137794070676383,0.11617501543067534
0.3650000000000002,0.37640122695311407,0.020147245041997656,0.22652568775052556,0.11365395754201608,0.11469621962433672
0.3700000000000002,0.3755503054665029,0.01932019772197944,0.22664224350544965,0.11369647439875201,0.11469621962433672
0.3750000000000002,0.3746685333266494,0.018004370073959382,0.2271277620369452,0.11416912309926133,0.11469621962433672
0.3800000000000002,0.37412741654398884,0.016265250637936823,0.2272118593682429,0.11509503648937516,0.11469621962433672
0.38500000000000023,0.37387648573673804,0.014384032163061033,0.22691220540199794,0.11624154116780093,0.11116423452021222
0.39000000000000024,0.3738535691965238,0.013211760980929676,0.22625459171685317,0.11694379719042676,0.11116423452021222
0.39500000000000024,0.3740429719911902,0.012668876146359864,0.2252570448929413,0.11724762347933565,0.11116423452021222
0.40000000000000024,0.37442402925643004,0.012705663038827197,0.22393658877729034,0.11718446005569952,0.11116423452021222
0.40500000000000025,0.3749732153755576,0.013281910022760017,0.22230974019184896,0.11678499330170054,0.11465190973755057
0.41000000000000025,0.37525471418158823,0.014351305652850775,0.2209110713470668,0.1159148124909239,0.11465190973755057
0.41500000000000026,0.3752997263196266,0.01587798303857295,0.21971074634735543,0.1146083593942391,0.11465190973755057
0.42000000000000026,0.37512462512848943,0.01782783288133144,0.21868359394489165,0.11289398138241052,0.11465190973755057
0.42500000000000027,0.3747421478892837,0.02016970644128561,0.21781667407719416,0.11080026315829326,0.11659780639814582
0.43000000000000027,0.3742344080297711,0.02175779160414319,0.21709432331971884,0.10920076190187646,0.11659780639814582
0.4350000000000003,0.37361898395436566,0.02266964731885545,0.21651272693369755,0.10803892074178735,0.11659780639814582
0.4400000000000003,0.3729067558254411,0.02298170703791132,0.21606420324216766,0.1072626268631823,0.11659780639814582
0.4450000000000003,0.3722415430913255,0.022747187788003873,0.21659203172653513,0.10706135184879803,0.10603429705360658
0.4500000000000003,0.37153651670670984,0.022010472043729853,0.21745356434818647,0.1072588765642616,0.10603429705360658
0.4550000000000003,0.3710365288557391,0.02079836565977486,0.2181239255794303,0.10792388054755869,0.10603429705360658
0.4600000000000003,0.3708300800968482,0.019135130337738594,0.21836687120367704,0.10905672537644308,0.10603429705360658
0.4650000000000003,0.3708779144064844,0.017238507300738445,0.2182080666301118,0.11047478044707507,0.10772331640202874
0.4700000000000003,0.371110929021662,0.01603693427321902,0.21767283105306662,0.111440071742591,0.10772331640202874
0.4750000000000003,0.3715163215639373,0.015467777396654945,0.21678453075004916,0.11199107723741797,0.10772331640202874
0.4800000000000003,0.3719477339556811,0.015482388845514339,0.21584374243135104,0.1121192543270303,0.10772331640202874
0.4850000000000003,0.37217432839566805,0.016027529372067008,0.21534548089293457,0.11178547887163265,0.1160602663181966
0.4900000000000003,0.3721686960682885,0.017034944443181495,0.2149973216112175,0.11097946112345868,0.1160602663181966
0.49500000000000033,0.3719503835768312,0.018492638515417558,0.21479230585157216,0.10972292370073808,0.1160602663181966
0.5000000000000003,0.3715313146691193,0.02038561977237174,0.21471145770965014,0.10803520493461728,0.1160602663181966
0.5050000000000003,0.370921097239608,0.022687529461085,0.2147447440591683,0.10594539920105503,0.10457017770839894
0.5100000000000003,0.3702056181786989,0.024288379725871456,0.21488563374735714,0.10431999022453727,0.10457017770839894
0.5150000000000003,0.3694016469120995,0.025235215716345693,0.2151245226435044,0.103126683008264,0.10457017770839894
0.5200000000000004,0.36852166408222836,0.02555534490825338,0.215444284052997,0.10235111640933146,0.10457017770839894
0.5250000000000004,0.3675731278353487,0.025276560666545805,0.2158341167177867,0.1019825438175832,0.10494253806800093
0.5300000000000004,0.366969997875562,0.024478066067560898,0.2157957789673994,0.10216677421517925,0.10494253806800093
0.5350000000000004,0.36668397823423654,0.023213176686518965,0.21537233142232867,0.10285561608914606,0.10494253806800093
0.5400000000000004,0.36667649370225225,0.02152670233406503,0.2146051549661341,0.10400540279513229,0.10494253806800093
0.5450000000000004,0.3668981023679764,0.01969823559572622,0.2135007442125916,0.10538500633946732,0.10419956219397902
0.5500000000000004,0.36727864016011275,0.018537140933693456,0.21206836832595044,0.10634029501135335,0.10419956219397902
0.5550000000000004,0.36780306551557485,0.017999009404770464,0.21033247290825993,0.10690265734914257,0.10419956219397902
0.5600000000000004,0.3681774847216692,0.018039718099584302,0.20894157659738574,0.10698415314529516,0.10419956219397902
0.5650000000000004,0.3683494688401144,0.01862065197624406,0.2080286871777466,0.10657723956500033,0.10828887369218813
0.5700000000000004,0.3682904475723451,0.01971118046511346,0.20730550678782572,0.10565628330281053,0.10828887369218813
0.5750000000000004,0.36802040021139093,0.0212751678972148,0.20675574652057344,0.1042593599902654,0.10828887369218813
0.5800000000000004,0.3675517168405381,0.023270847394935533,0.20635223144658763,0.1024253296404094,0.10828887369218813
0.5850000000000004,0.36689736935340045,0.025620292417985458,0.206072320603922,0.100222113347844,0.09917522105640872
0.5900000000000004,0.366155123035352,0.02721038869564645,0.20590722112379098,0.09853792710965055,0.09917522105640872
0.5950000000000004,0.36534155247218975,0.02809423986184495,0.20584786161186083,0.09733526753419489,0.09917522105640872
0.6000000000000004,0.36446505683796576,0.028340941039972936,0.20588533074147602,0.09656811793804079,0.09917522105640872
0.6050000000000004,0.3636906197394648,0.028030750874491552,0.20687500157594038,0.09635005713104579,0.09628617051717427
0.6100000000000004,0.3632335034438654,0.027213608688786774,0.2074009582958336,0.0967011318526886,0.09628617051717427
0.6150000000000004,0.3630618531381866,0.025968257755325144,0.20752866106799014,0.09754064239321404,0.09628617051717427
0.6200000000000004,0.3631464508570599,0.024320684411383433,0.20726845929392015,0.09883149075224898,0.09628617051717427
0.6250000000000004,0.3634398950242521,0.022576579461614493,0.20664369468002253,0.10031522819369543,0.10129338881027171
0.6300000000000004,0.36386750449347527,0.021546796809380583,0.20567480228777468,0.10132209335627662,0.10129338881027171
0.6350000000000005,0.36423692846068695,0.021147630821877303,0.2048084379528553,0.10181944892118022,0.10129338881027171
0.6400000000000005,0.3644039859045808,0.021324286257087585,0.2043897784436406,0.1017694034970157,0.10129338881027171
0.6450000000000005,0.36439067574046846,0.021983573135405134,0.20437459586760584,0.10125146454268061,0.09997719316784193
0.6500000000000005,0.3641618055491862,0.023089453581005847,0.2044873227563576,0.10026018904490237,0.09997719316784193
0.6550000000000005,0.3637352593603689,0.02461092810842873,0.20471574281365826,0.09883285727272365,0.09997719316784193
0.6600000000000005,0.3631215253477236,0.026517948186610876,0.2050379471199229,0.0970016485020335,0.09997719316784193
0.6650000000000005,0.3623293899446953,0.02878178823594406,0.2054438641216158,0.09479779635794505,0.09779484202596361
0.6700000000000005,0.3614668585957759,0.030291696939282655,0.20592563659024976,0.09312644839269685,0.09779484202596361
0.6750000000000005,0.36054825524641465,0.03110101873389695,0.20647529579098153,0.09195156490496778,0.09779484202596361
0.6800000000000005,0.3595748975794721,0.03133246222257505,0.20709748535547923,0.0911853796635728,0.09779484202596361
0.6850000000000005,0.3588883088347655,0.031063022799782833,0.20702105056181797,0.09093643325924759,0.0895276660329963
0.6900000000000005,0.35851512493040494,0.030332243531493705,0.2065566437885512,0.09121735424109793,0.0895276660329963
0.6950000000000005,0.3584243727095881,0.029169647447832216,0.20575407730251494,0.09199704111968257,0.0895276660329963
0.7000000000000005,0.35858398830077487,0.027601670437320466,0.2046196382684771,0.09324667750876309,0.0895276660329963
0.7050000000000005,0.35894862939563743,0.025838729740392856,0.20317327374592112,0.09478873656932692,0.09364733804558835
0.7100000000000005,0.35935063466238953,0.024784228199437562,0.20160687909271097,0.09582532140724241,0.09364733804558835
0.7150000000000005,0.3595858857265387,0.024297089693614424,0.20041672735142133,0.09634096775701506,0.09364733804558835
0.7200000000000005,0.3596286706904336,0.024336909189767608,0.1996893127425326,0.09633575766992027,0.09364733804558835
0.7250000000000005,0.3594985372331248,0.02486829610324877,0.19939143035793014,0.09583954935369789,0.09271309374655416
0.7300000000000005,0.35916311062358225,0.02585268954001845,0.19924081172278454,0.09486133919541397,0.09271309374655416
0.7350000000000005,0.35863984713137453,0.027258050604369345,0.19922311149805455,0.09343782119255523,0.09271309374655416
0.7400000000000005,0.357938512070439,0.029053339150926873,0.19931462699505437,0.09160114411253671,0.09271309374655416
0.7450000000000006,0.35706745694582515,0.03120898308951781,0.1995037435867997,0.08938201676103252,0.09666138772761894
0.7500000000000006,0.35613868938853166,0.032671523092597916,0.19979332423028126,0.08766252884674502,0.09666138772761894
0.7550000000000006,0.35516503630661045,0.033488625373955236,0.20017325368244407,0.08641165547652818,0.09666138772761894
0.7600000000000006,0.3542431557019588,0.033736249245761706,0.20041643471303172,0.08563514478528648,0.09666138772761894
0.7650000000000006,0.3537736909640992,0.0335035729447672,0.20084697969095816,0.08552252349884937,0.084141084116206
0.7700000000000006,0.3535850994765138,0.03280699168768784,0.2008726396312241,0.08594780248437021,0.084141084116206
0.7750000000000006,0.35365387287732963,0.03167704359801532,0.20051563705417866,0.0868736457610465,0.084141084116206
0.7800000000000006,0.3539543342550719,0.03014100878370514,0.1998005537679906,0.0882688428465325,0.084141084116206
0.7850000000000006,0.35442013984844367,0.028656869669973647,0.19874774441359344,0.08973829734547553,0.08811699162162082
0.7900000000000006,0.3546651898457028,0.027782114686728258,0.19813917325552022,0.09059342479540428,0.08811699162162082
0.7950000000000006,0.3547183699931569,0.027458795920614464,0.19794463654489203,0.09088757243390139,0.08811699162162082
0.8000000000000006,0.3545937308990106,0.02764921891079339,0.19814723709806786,0.09065618405857737,0.08811699162162082
0.8050000000000006,0.35429972648761926,0.02831714656949948,0.19872958151577638,0.0899361203059924,0.0907898634000552
0.8100000000000006,0.3538070288266483,0.02942398398579401,0.1994071091229796,0.08874977130776887,0.0907898634000552
0.8150000000000006,0.353131075394894,0.03093778000123268,0.20016775020813365,0.08713512233254958,0.0907898634000552
0.8200000000000006,0.35228000532612946,0.03282752419072434,0.2009900325176097,0.08512532306918884,0.0907898634000552
0.8250000000000006,0.35126100035879915,0.0350636886380155,0.20186454172140247,0.0827519861206742,0.08275208129283271
0.8300000000000006,0.3501993957195433,0.03659781996561598,0.20279608851346098,0.08091745098985048,0.08275208129283271
0.8350000000000006,0.34943705764499844,0.03752366888436253,0.20301975421245322,0.07972724461418004,0.08275208129283271
0.8400000000000006,0.3489535642030359,0.037904790877618416,0.20257011547774062,0.07911303266657134,0.08275208129283271
0.8450000000000006,0.3487185935017601,0.03777849346939393,0.20149238451241205,0.07903951188652979,0.08002182297304028
0.8500000000000006,0.3487478402041236,0.03718473789519792,0.20010049676939598,0.0795117549640455,0.08002182297304028
0.8550000000000006,0.34901801252551956,0.036154470289736236,0.19842637795818377,0.08050772324607533,0.08002182297304028
0.8600000000000007,0.34949782245667516,0.03471456902989796,0.19647304182916872,0.08200403257671716,0.08002182297304028
0.8650000000000007,0.3501266292106179,0.03318724172531333,0.1942576355647201,0.08372334425713089,0.08089351419065835
0.8700000000000007,0.35050588260342574,0.03226727643932809,0.19255654633533573,0.08481728020253555,0.08089351419065835
0.8750000000000007,0.35066729517101175,0.031896977368605375,0.19134990738160745,0.08532303671216497,0.08089351419065835
0.8800000000000007,0.3506361806562912,0.032039589587987624,0.19060655989088324,0.08526943703290932,0.08089351419065835
0.8850000000000007,0.3504280328711061,0.032659278416946796,0.19030232532092636,0.0846865052812831,0.0860724488039463
0.8900000000000007,0.35001589313785053,0.03371680191630566,0.19014624058768018,0.08361906773658163,0.0860724488039463
0.8950000000000007,0.34941657889230104,0.035180273858089944,0.19012312102484535,0.08210449381624056,0.0860724488039463
0.9000000000000007,0.34863892435714217,0.0370186702652238,0.1902086907840112,0.08017644662831792,0.0860724488039463
0.9050000000000007,0.3476910118986277,0.039202560803495184,0.1903908864185708,0.07786588657806806,0.08157037529063232
0.9100000000000007,0.34671369607782315,0.04068933330608046,0.19067150643867903,0.07607197497799079,0.08157037529063232
0.9150000000000007,0.3457182503273191,0.041528369207393105,0.1910402886056587,0.074762065573446,0.08157037529063232
0.9200000000000007,0.34490611732165305,0.041815466288255915,0.1917324450935275,0.07396182664246936,0.08157037529063232
0.9250000000000007,0.3445549975357994,0.04163444441383947,0.19258871753911047,0.0738011720232909,0.07588030692053038
0.9300000000000007,0.3444692418679132,0.04099392645310339,0.19302108229973886,0.0742154665820795,0.07588030692053038
0.9350000000000007,0.3446285080341326,0.03992496675265931,0.19305347194931427,0.07515961416199987,0.07588030692053038
0.9400000000000007,0.3450097629267403,0.038455194197268755,0.19271229218207353,0.07659472935689984,0.07588030692053038
0.9450000000000007,0.34552285835595364,0.03715252043862315,0.1920208818130494,0.07801155457466045,0.07334603425485942
0.9500000000000007,0.34579754619767916,0.03643915666435816,0.1917588216021917,0.07877380950957664,0.07334603425485942
0.9550000000000007,0.3458628893614744,0.03625802668957285,0.19189579350652441,0.07894378978095076,0.07334603425485942
0.9600000000000007,0.3457329621683969,0.036571823931719635,0.19241488509116303,0.07856316768196824,0.07334603425485942
0.9650000000000007,0.3452784052401018,0.03732621457967334,0.19266759352581272,0.07766531751498047,0.08013725333639177
0.9700000000000008,0.34463309548359444,0.0385026322536395,0.19303350065507618,0.07630577674921857,0.08013725333639177
0.9750000000000008,0.3438113831987655,0.04006929997392861,0.193498949806222,0.07452106921553156,0.08013725333639177
0.9800000000000008,0.3428201632492547,0.04199524575217299,0.1940411073231213,0.07234380621710601,0.08013725333639177
0.9850000000000008,0.34166595472908257,0.04425112694299857,0.19464934631983044,0.06980414117670049,0.07162347960460079
0.9900000000000008,0.3406450477684568,0.04582403163310611,0.19499000713801576,0.0679128521346877,0.07162347960460079
0.9950000000000008,0.33992777698564336,0.04679350429397713,0.1946556570591519,0.06673620128385865,0.07162347960460079
1.0000000000000007,0.3394885712989134,0.04722296777685243,0.19367961471582062,0.06621714025577514,0.07162347960460079
1.0050000000000006,0.3394814121351752,0.047181109826559285,0.192983267171322,0.06631629967761019,0.06640661262757157
1.0100000000000005,0.33971688855811644,0.04667431343612781,0.19195550328330827,0.06697592113342708,0.06640661262757157
1.0150000000000003,0.3401720108382047,0.04573339861438043,0.1906142551211442,0.06816704986767091,0.06640661262757157
1.0200000000000002,0.3408216923895051,0.04438583960649312,0.18898046632433868,0.06986254739305692,0.06640661262757157
1.0250000000000001,0.3413783392175149,0.0428314188442284,0.187685515274876,0.0716383986546956,0.06883877864268415
1.03,0.34168175229785547,0.04187903518260708,0.1868594154718463,0.07271925458684213,0.06883877864268415
1.035,0.34176633596181144,0.041471297703221235,0.18646959281791065,0.07316493511739756,0.06883877864268415
1.0399999999999998,0.3416504159897673,0.04157022941469465,0.1864969767420486,0.07301456621713819,0.06883877864268415
1.0449999999999997,0.34134606504071685,0.042139095042451974,0.1869222012116183,0.07230774673578892,0.0732276469818871
1.0499999999999996,0.34083585688185736,0.04313832172245151,0.18744910366790304,0.07112202656388535,0.0732276469818871
1.0549999999999995,0.3401358446990014,0.0445358085492454,0.18806474443288312,0.06949541631244979,0.0732276469818871
1.0599999999999994,0.33925418694807474,0.04630012287664068,0.18874704450796498,0.06746256001163915,0.0732276469818871
1.0649999999999993,0.3381987791494897,0.04840152825834412,0.18948606247917257,0.06505453017874938,0.06586276193607742
1.0699999999999992,0.3371115654718474,0.050003364053504425,0.19028518257073773,0.06301832729787049,0.06586276193607742
1.074999999999999,0.33633178524176865,0.05100261537280995,0.1903811025373685,0.06175164376399561,0.06586276193607742
1.079999999999999,0.3358360365962805,0.051463380795562653,0.1898097284319561,0.06118714372608837,0.06586276193607742
1.0849999999999989,0.33571214316321485,0.051445249114009536,0.1891548277177031,0.06124164240729708,0.05951431910602469
1.0899999999999987,0.3358396882550638,0.05096521030210584,0.18817079406023274,0.06187749161126597,0.05951431910602469
1.0949999999999986,0.33619523749576685,0.050054354740271145,0.18687581383828655,0.06306272242928428,0.05951431910602469
1.0999999999999985,0.33675325152628044,0.04874031886324853,0.18529113576117634,0.06476655846338925,0.05951431910602469
1.1049999999999984,0.33730987222946124,0.04747034630672344,0.1837302288834978,0.0664537172406304,0.06967103857476038
1.1099999999999983,0.33760580390047656,0.04677729452521437,0.1826572802943133,0.06743606447478151,0.06967103857476038
1.1149999999999982,0.33767152713172094,0.046604549409491214,0.18205192971654957,0.06776688960767736,0.06967103857476038
1.119999999999998,0.33753144161675963,0.046916296352949784,0.18187953171920984,0.06748955529143168,0.06967103857476038
1.124999999999998,0.3371982593219772,0.04767690429637877,0.18211959070055023,0.0666417727653701,0.06630933288072069
1.129999999999998,0.3366569760953106,0.048847568216959604,0.18247183738910872,0.06532642389021935,0.06630933288072069
1.1349999999999978,0.3359232319423338,0.050397200744225865,0.18292253750104767,0.06358109791907075,0.06630933288072069
1.1399999999999977,0.3350046945996649,0.05229520407972947,0.18344896937050353,0.06144113290548118,0.06630933288072069
1.1449999999999976,0.3339091541558022,0.05451272937370709,0.18404058958937136,0.05893746945065126,0.06105082165681561
1.1499999999999975,0.3328331747306236,0.056028156506364626,0.18470013022655138,0.05697039931582816,0.06105082165681561
1.1549999999999974,0.3318843598850123,0.056914130238274976,0.1851517340722796,0.0556190217413217,0.06105082165681561
1.1599999999999973,0.33123602227792925,0.05727524738538527,0.18491518861582942,0.05503312737091474,0.06105082165681561
1.1649999999999971,0.3310609855533747,0.05719104284159389,0.18491915471687748,0.05499839571288132,0.05742293584170353
1.169999999999997,0.33114371996815883,0.05665602039898536,0.18455958405216152,0.05556112225063974,0.05742293584170353
1.174999999999997,0.3314622512419805,0.055701036556981845,0.1838570786493604,0.05668214291178747,0.05742293584170353
1.1799999999999968,0.33199216708222645,0.05435336487875911,0.18283522983465397,0.05832446645566465,0.05742293584170353
1.1849999999999967,0.33264741388754615,0.052971624919088134,0.18151520505962698,0.06015986486257524,0.05898129022613413
1.1899999999999966,0.33302398745525535,0.05216856929765222,0.18067059380415684,0.06125402398505965,0.05898129022613413
1.1949999999999965,0.33315399830643655,0.05188769634354794,0.18028136516259435,0.061666894900625546,0.05898129022613413
1.1999999999999964,0.33306286497691556,0.05209307762821282,0.18031328330931015,0.06144748217525012,0.05898129022613413
1.2049999999999963,0.33276433255778926,0.05274875413360282,0.18074622359119485,0.060637361666586294,0.059320050848436626
1.2099999999999962,0.33224997127034966,0.053816151006317585,0.18127736758880697,0.059359460233515404,0.059320050848436626
1.214999999999996,0.33153607989696543,0.05526396397355468,0.18189381268399263,0.057651290304290226,0.059320050848436626
1.219999999999996,0.3306308849326309,0.057061251530240956,0.18257363330096144,0.05554876675709974,0.059320050848436626
1.2249999999999959,0.32954282532603585,0.059178886287957685,0.18330703220525424,0.053082925943589196,0.054421409890476787
1.2299999999999958,0.3284861834071149,0.060602102435146424,0.18409731913827207,0.05115224566159781,0.054421409890476787
1.2349999999999957,0.3275493658316675,0.06140126012677924,0.18471650779912935,0.04982384380376213,0.054421409890476787
1.2399999999999956,0.326921905053799,0.0616878654064435,0.1846392116409511,0.04928044691205681,0.054421409890476787
1.2449999999999954,0.32664199891331,0.061514099168005,0.18418546534275695,0.04940708628701058,0.048063558302538535
1.2499999999999953,0.3266312404853866,0.0609018585664592,0.18340152129182002,0.05013379228398307,0.048063558302538535
1.2549999999999952,0.3268686098377823,0.05988204660698242,0.1823219491146044,0.051418730654946565,0.048063558302538535
1.2599999999999951,0.3273235539090472,0.05848030185415822,0.18095225346457613,0.053228550425689594,0.048063558302538535
1.264999999999995,0.327888496678248,0.05712590224820586,0.1793122160287284,0.055171921397075274,0.055288263616454024
1.269999999999995,0.3281718120757022,0.05634314377865278,0.1781708333833939,0.05635676184749807,0.055288263616454024
1.2749999999999948,0.3282077129038386,0.05607585818874447,0.1775063498487386,0.05684161854001004,0.055288263616454024
1.2799999999999947,0.32802292485001666,0.05628825138864722,0.17728296225957413,0.05667508348041243,0.055288263616454024
1.2849999999999946,0.32763235099978416,0.056944359765810804,0.17747903723330527,0.05589748421610812,0.058135776772827163
1.2899999999999945,0.32703202378602697,0.058005999032402875,0.1777865934173203,0.054659508406518946,0.058135776772827163
1.2949999999999944,0.32623787278047867,0.05944181864339315,0.1781916281203425,0.05299997289661035,0.058135776772827163
1.2999999999999943,0.3252576331302415,0.061220753514965365,0.17867127426039703,0.05095775241279924,0.058135776772827163
1.3049999999999942,0.3240994731192332,0.06331368099165458,0.1792148773901833,0.04856636623129062,0.04874187026191003
1.309999999999994,0.32299374548277154,0.06471549448402164,0.17982469970218143,0.04669851606786605,0.04874187026191003
1.314999999999994,0.32208112400343397,0.06551213704998121,0.18011054080354846,0.04552558967483693,0.04874187026191003
1.3199999999999938,0.32159016864804435,0.06582891194920452,0.18020251388182962,0.04500821144441717,0.04874187026191003
1.3249999999999937,0.3215734354149934,0.06572253254140921,0.18052211051229525,0.044941585084138744,0.04286799830945587
1.3299999999999936,0.321798548348539,0.06517539514590012,0.18045216611569814,0.04549777602164803,0.04286799830945587
1.3349999999999935,0.32224983928010154,0.06421909652561178,0.1800306640311068,0.04662727507020295,0.04286799830945587
1.3399999999999934,0.32283585259658537,0.06319259033818238,0.17928179955610124,0.04801567868373213,0.04286799830945587
1.3449999999999933,0.3233875561954014,0.06280362428670719,0.1782274744083716,0.04903662938697573,0.04821803202567833
1.3499999999999932,0.32365580004289474,0.06289041417552534,0.1776363276403267,0.04936448193938924,0.04821803202567833
1.354999999999993,0.3236645955295762,0.06342043730485371,0.1774881646368895,0.049039374179962486,0.04821803202567833
1.359999999999993,0.32343591204680816,0.06436164065069878,0.17774882934532554,0.04810872297285702,0.04821803202567833
1.3649999999999929,0.3228885334449859,0.06565905624341004,0.1780187880454122,0.04675851858590078,0.04729388686403368
1.3699999999999928,0.3221264555627281,0.06730304792361635,0.17839297320061565,0.04500593647469216,0.04729388686403368
1.3749999999999927,0.32116389560200276,0.0692654444519786,0.17885781893434205,0.04288956985095504,0.04729388686403368
1.3799999999999926,0.3200074533292852,0.07151799387693965,0.179390860051787,0.040450704702422714,0.04729388686403368
1.3849999999999925,0.3187689810816751,0.07363710901496796,0.17998217481426226,0.03805246374546225,0.04005021719743838
1.3899999999999924,0.31761065270232797,0.07506285972788034,0.18063425917547715,0.03615284181410883,0.04005021719743838
1.3949999999999922,0.316600034328408,0.07586715085590262,0.18115920927166368,0.03482715812099877,0.04005021719743838
1.3999999999999921,0.31592761978488765,0.07617548740322228,0.1809958483235354,0.034386832558815854,0.04005021719743838
1.404999999999992,0.31576328286529615,0.07608192994527214,0.18107172424104936,0.03433416352615989,0.0351086916315146
1.409999999999992,0.3158716518099649,0.07555959961728301,0.18079452257319473,0.03490118716083743,0.0351086916315146
1.4149999999999918,0.3162303472164344,0.07463869279366471,0.180184709928109,0.036045329719858535,0.0351086916315146
1.4199999999999917,0.31681440601198296,0.07334545699895828,0.17926596490558258,0.037723853507121,0.0351086916315146
1.4249999999999916,0.3175621903171865,0.07183911046635619,0.17805973951118242,0.03978493758170723,0.037451610228201954
1.4299999999999915,0.3179841798781259,0.07089710474759991,0.17732786106325982,0.041041870351237776,0.037451610228201954
1.4349999999999914,0.3181182419735956,0.07046442846236214,0.1770492637934972,0.041561484221441916,0.037451610228201954
1.4399999999999913,0.31799346987463534,0.07050578774324417,0.17718911437043508,0.04140060407748983,0.037451610228201954
1.4449999999999912,0.31762716012602604,0.07098505967419033,0.17772651883731538,0.040604082298745854,0.042491673757863536
1.449999999999991,0.31703164253547556,0.071866610129702,0.17834909491520773,0.03937418143963239,0.042491673757863536
1.454999999999991,0.31622448255034286,0.07311902193427416,0.17904447792076025,0.037748572442013205,0.042491673757863536
1.4599999999999909,0.3152150072850509,0.07471079115111114,0.1797913071048839,0.03576914591398554,0.042491673757863536
1.4649999999999908,0.31401300059483206,0.07661249074230848,0.18058035561985197,0.03347330821416948,0.03892915214479797
1.4699999999999906,0.3126121953648714,0.078847998700831,0.18141415749749187,0.030853009130549464,0.03892915214479797
1.4749999999999905,0.311529977039879,0.08044594126837962,0.1816908929966717,0.029163761463143298,0.03892915214479797
1.4799999999999904,0.3108806680505324,0.08149972135929592,0.1816606831756626,0.02823083046233307,0.03892915214479797
1.4849999999999903,0.31073444658775085,0.08210398915525846,0.18187690459856595,0.027639503154540664,0.024207235372835194
1.4899999999999902,0.31086091597143645,0.08223258610115154,0.18171921402231456,0.02770970278356551,0.024207235372835194
1.4949999999999901,0.3112449612154191,0.0819217168340029,0.18122493011333066,0.02838620658375425,0.024207235372835194
1.49999999999999,0.3118642444548343,0.08120175269356053,0.1804178366517929,0.02962423871889355,0.024207235372835194
1.50499999999999,0.3126940711032856,0.0800991158014785,0.17931961656468062,0.03138252526630174,0.02827332316760516
1.5099999999999898,0.31317415274863497,0.07951911466381421,0.1786876100236942,0.03236113303486911,0.02827332316760516
1.5149999999999897,0.3133424659921491,0.0794096002444801,0.178501319826992,0.03262175976284937,0.02827332316760516
1.5199999999999896,0.3132281768215426,0.07973778455089964,0.17872637003896458,0.03221970466417752,0.02827332316760516
1.5249999999999895,0.31284897867774847,0.08046954537197543,0.1793422344074777,0.031197406788291877,0.031389295668710356
1.5299999999999894,0.31222193030528184,0.08157224965972071,0.18001991063291958,0.029802039093111583,0.031389295668710356
1.5349999999999893,0.3113687978001555,0.08301746581141486,0.18076440155261997,0.02806535726685361,0.031389295668710356
1.5399999999999892,0.31029942676669675,0.08477513875935383,0.1815548644747038,0.02604030752633357,0.031389295668710356
1.544999999999989,0.30902425749092044,0.08681726798810127,0.18238255231544695,0.023782264599443374,0.02540325274033174
1.549999999999989,0.3077156693456334,0.0886221070507959,0.1832509269631854,0.021668397472061597,0.02540325274033174
1.5549999999999888,0.3066718536376924,0.08980910699754029,0.18376324475964534,0.020297786871616243,0.02540325274033174
1.5599999999999887,0.30614635804677554,0.09052287395668326,0.18428954102400658,0.019349732724677302,0.02540325274033174
1.5649999999999886,0.3061249076564684,0.09082915064646034,0.1850341761696102,0.018590181671727882,0.019815089998288925
1.5699999999999885,0.3063808512062657,0.09069190850104913,0.18537655618078996,0.018471625229062448,0.019815089998288925
1.5749999999999884,0.30689945637576377,0.09014511018143254,0.185355594646462,0.018952043683357865,0.019815089998288925
1.5799999999999883,0.30765883721175,0.08921677118843337,0.1849965426880509,0.02000098853432417,0.019815089998288925
1.5849999999999882,0.30857986256459247,0.08791226207018062,0.18447182763651448,0.021467454130320283,0.022818533585563423
1.589999999999988,0.3091219120369939,0.08713301019301775,0.18437500333699874,0.022201559103415248,0.022818533585563423
1.594999999999988,0.3093262458379901,0.08682751485841268,0.18468149093546937,0.022251964996289078,0.022818533585563423
1.5999999999999879,0.30922055551276817,0.08696187498303523,0.18536542030470565,0.021660615660224532,0.022818533585563423
1.6049999999999878,0.3089371553778736,0.08753910916454262,0.1867428295849086,0.020270646612188175,0.02017738418023227
1.6099999999999877,0.30838231656365334,0.08848951654734026,0.18812449443485782,0.01854136167370062,0.02017738418023227
1.6149999999999876,0.3075745105915877,0.08978301348487752,0.1895098201984531,0.01648647616748502,0.02017738418023227
1.6199999999999875,0.30652847169253444,0.09139022087358076,0.19089318575886838,0.014130934323972572,0.02017738418023227
1.6249999999999873,0.3052558703305832,0.09328255828605239,0.19226948415462553,0.011511258460645147,0.016594582016977468
1.6299999999999872,0.3039590901667572,0.09489568826398262,0.1936457491857583,0.00906117523598622,0.016594582016977468
1.6349999999999871,0.3029572670400743,0.09591664207882478,0.19460225281930482,0.007386129899036252,0.016594582016977468
1.639999999999987,0.30236172109016335,0.09644286915186973,0.1948537588586826,0.006686905432487456,0.016594582016977468
1.644999999999987,0.3022014205958299,0.09655553721715175,0.1948418999825169,0.006581532670475032,0.006033120004740716
1.6499999999999868,0.3023564916533518,0.0962530035197503,0.19449365153141426,0.007064906863704371,0.006033120004740716
1.6549999999999867,0.3028007986769832,0.09556467761763822,0.19381861189065136,0.008107164536560676,0.006033120004740716
1.6599999999999866,0.3035106783799864,0.09451723309203669,0.19285021053940335,0.00966980273767882,0.006033120004740716
1.6649999999999865,0.3042620196262926,0.09369122049242716,0.19160808241153818,0.011330921894603711,0.009289651003573889
1.6699999999999864,0.3046342145401165,0.09332652604964525,0.19083357444958945,0.012248859389392566,0.009289651003573889
1.6749999999999863,0.30466127668759313,0.09339277040302776,0.19050660463791114,0.012470266188271035,0.009289651003573889
1.6799999999999862,0.30437483098706514,0.09385957417891197,0.19059325569069696,0.012055323053749966,0.009289651003573889
1.684999999999986,0.30379460855635143,0.09469425896686032,0.1910729764906638,0.011056296429768846,0.013944352464297418
1.689999999999986,0.30295794110760005,0.09587243002960052,0.19163231588302365,0.009787971543587173,0.013944352464297418
1.6949999999999859,0.3019898195311478,0.09707645196859858,0.1922601132953182,0.008509545291010483,0.013944352464297418
1.6999999999999857,0.30115552704776033,0.09761148808817385,0.19293659520186163,0.007545324330564293,0.013944352464297418
1.7049999999999856,0.3004434873298541,0.09754957869883571,0.19365336857699408,0.006817695797293033,0.009600386395301867
1.7099999999999855,0.3001201311681243,0.09710379621171616,0.19369293011004798,0.006941293717857217,0.009600386395301867
1.7149999999999854,0.300177091814984,0.0963103735373427,0.1932430234311547,0.007700742645797209,0.009600386395301867
1.7199999999999853,0.3006942070328292,0.09523512740767817,0.19308852605481114,0.008423443851567715,0.009600386395301867
1.7249999999999852,0.30140184998777286,0.09451374484998148,0.19318948550661405,0.008857047285859085,0.009476527002317296
1.729999999999985,0.3017100988923763,0.09429349670915789,0.19364106758558974,0.008713474592901288,0.009476527002317296
1.734999999999985,0.30165670291230723,0.09453978589706316,0.19444044431233184,0.007966634297734592,0.009476527002317296
1.739999999999985,0.30134059359666066,0.09524356974903192,0.19539580965874537,0.006754212657463079,0.009476527002317296
1.7449999999999848,0.300840119224453,0.09639135271076185,0.19635077068478043,0.005200481724271252,0.007141233730302998
1.7499999999999847,0.3001565133735117,0.09788533048089415,0.197358987251784,0.0033869266226717854,0.007141233730302998
1.7549999999999846,0.2995375385751382,0.0991764619284245,0.19833067982533642,0.0019179977503527938,0.007141233730302998
1.7599999999999845,0.2991643198124657,0.09984525075112638,0.19923364955845724,0.0011443783050709543,0.007141233730302998
1.7649999999999844,0.29894951845040707,0.09993287072343811,0.19938647922096736,0.001218370047281077,0.0024183674272178738
1.7699999999999843,0.2988109515564308,0.09945665573101575,0.19963374565520278,0.0013576455505304886,0.0024183674272178738
1.7749999999999841,0.29874086362003954,0.09846131117446712,0.19995328794520592,0.0019887608557146237,0.0024183674272178738
1.779999999999984,0.29878868594552294,0.09713920465997745,0.20010548502729686,0.0031084656676650295,0.0024183674272178738
1.784999999999984,0.2989296631491781,0.09618229945049252,0.1996228719012178,0.003982798521495674,0.0033275017294487506
1.7899999999999838,0.2990407542430725,0.09587287848833691,0.19854776906996008,0.004479091321728135,0.0033275017294487506
1.7949999999999837,0.2991917384050158,0.09618476170470244,0.1974100153271728,0.004681597020388586,0.0033275017294487506
1.7999999999999836,0.2994324430944417,0.09709142613936225,0.1966065494494889,0.0045052668492106185,0.0033275017294487506
1.8049999999999835,0.2997454320834491,0.09854648121116699,0.1960915553525472,0.0041777339857667194,0.003717931810086194
1.8099999999999834,0.2998266230595886,0.09989720501093192,0.1959706908585737,0.004034347348757374,0.003717931810086194
1.8149999999999833,0.299907166379332,0.10062268432752708,0.1962410063730255,0.003811349753107053,0.003717931810086194
1.8199999999999832,0.2999985612864869,0.10077309407784424,0.19687353885436595,0.003220626618882391,0.003717931810086194
1.824999999999983,0.3000997426396631,0.1003917584679212,0.1978521176921177,0.0021855941297205233,0.004783801781200754
1.829999999999983,0.30022341662969393,0.09946708657434192,0.19915118786098882,0.0010268367723271306,0.004783801781200754
1.8349999999999829,0.3001906431417026,0.09829741555955077,0.20031875511277644,0.0017426254348709585,0.004783801781200754
1.8399999999999828,0.299759654874975,0.09739344368766821,0.20091813693670488,0.0027739641351361755,0.004783801781200754
1.8449999999999827,0.299040673130701,0.09695874761362308,0.20068198093000444,0.003261076832687645,0.0017628873863624187
1.8499999999999825,0.29839147428773694,0.0970847829325337,0.19985744383768878,0.0033325917507056172,0.0017628873863624187
1.8549999999999824,0.29779441061492296,0.09772298168575456,0.19847595250364605,0.0035174078111752135,0.0017628873863624187
1.8599999999999823,0.2972335434096688,0.09883008287721406,0.19656221441470278,0.004565124080553787,0.0017628873863624187
1.8649999999999822,0.29692920916898846,0.09986285707225631,0.19440266337538165,0.00638582350208246,0.003431302467460174
1.8699999999999821,0.297106942030412,0.10048109597420435,0.19265361406056014,0.00791015955104523,0.003431302467460174
1.874999999999982,0.2975088642688387,0.10062503661798153,0.19184794368809863,0.00854707260512612,0.003431302467460174
1.879999999999982,0.2980591591822953,0.10030545770797229,0.19206127929878272,0.008178230484827643,0.003431302467460174
1.8849999999999818,0.2987453056320619,0.09955568274355743,0.1932157540712533,0.006913585799209012,0.007965903943020412
1.8899999999999817,0.29938018366748587,0.09833822835675943,0.19465907373289718,0.005627712738845043,0.007965903943020412
1.8949999999999816,0.29996400821701785,0.09668913091286559,0.19639041885621414,0.004898185945241265,0.007965903943020412
1.8999999999999815,0.3001333897126313,0.09562212823002755,0.19839524176949946,0.004664633214746562,0.007965903943020412
1.9049999999999814,0.299926332569723,0.0950762494299551,0.20066098200593388,0.004968464931794276,0.0021154779605110953
1.9099999999999813,0.2996050037307217,0.09504152974949161,0.20170908697363726,0.005259603365404766,0.0021154779605110953
1.9149999999999812,0.2991646306910986,0.09547432743545031,0.20148884162633457,0.004836962211148511,0.0021154779605110953
1.919999999999981,0.29865083425292804,0.0963523590709788,0.20024246255921618,0.003896706385239271,0.0021154779605110953
1.924999999999981,0.29817161904182166,0.09768127501139995,0.19847210993960382,0.0033247421761160565,0.004946883683273383
1.9299999999999808,0.29796857150251954,0.09883700884051844,0.19642324038623005,0.004274629751464309,0.004946883683273383
1.9349999999999807,0.2982106170222122,0.09949566848769605,0.1944788029197237,0.005825792556790131,0.004946883683273383
1.9399999999999806,0.29890923767966215,0.09971343991398529,0.19289909685366202,0.007189902962908352,0.004946883683273383
1.9449999999999805,0.3000023816697217,0.09951135286288892,0.1914818148396933,0.008532189644061317,0.009761190875133609
1.9499999999999804,0.30118366008907793,0.09886697118824081,0.191113769681731,0.009036033132081574,0.009761190875133609
1.9549999999999803,0.30242485157657617,0.09780169164903489,0.19160476331143628,0.009010686091045094,0.009761190875133609
1.9599999999999802,0.3036067004196704,0.09630205664415031,0.19242228942130038,0.009170865313309318,0.009761190875133609
1.96499999999998,0.30424660140463805,0.09534153716358804,0.19300715499986046,0.009414604648315412,0.009968319961927463
1.96999999999998,0.30449783750569204,0.09490435895767749,0.19393255181691157,0.00911098388288965,0.009968319961927463
1.9749999999999799,0.304391411078649,0.09495213176714673,0.1951840603440964,0.008243709100109926,0.009968319961927463
1.9799999999999798,0.3039137030352506,0.09543235981925896,0.19651288144683313,0.006952726376946727,0.009968319961927463
1.9849999999999797,0.30302860440685875,0.09628601630014451,0.19752197735642657,0.005395064021686798,0.01092633169659497
1.9899999999999796,0.30174792379189935,0.09741513548275249,0.19797294119690417,0.003720985023622295,0.01092633169659497
1.9949999999999795,0.30052887589583543,0.09850288760141794,0.19766818095222102,0.002821069889025934,0.01092633169659497
1.9999999999999793,0.29977407803536965,0.09904896746977787,0.196769182988147,0.0033754528839434264,0.01092633169659497
2.0049999999999795,0.29953503751703553,0.09915206316486114,0.19597378440457902,0.0041407244544597495,0.006761538843518314
2.0099999999999794,0.29957130874894455,0.0987685330992457,0.19482765254569628,0.005334178953168626,0.006761538843518314
2.0149999999999793,0.29989231425357266,0.09794796287324427,0.19367724600371986,0.006648283288717791,0.006761538843518314
2.019999999999979,0.3003793069962495,0.09713791304175709,0.19321651934890066,0.007372314785587173,0.006761538843518314
2.024999999999979,0.3008338488125688,0.09668162738044736,0.19351759078908082,0.007329974751813891,0.0110490919822388
2.029999999999979,0.3012591601993889,0.0968440049907224,0.19369117806911224,0.00716568371210737,0.0110490919822388
2.034999999999979,0.30159457030814407,0.09755375695770249,0.19351453674064883,0.007112523685584302,0.0110490919822388
2.0399999999999787,0.3016115150882528,0.09867857296637866,0.1935935007303563,0.006736941678298624,0.0110490919822388
2.0449999999999786,0.301271677581653,0.1001614480178076,0.19406569533435264,0.006071177908681072,0.007368881571416018
2.0499999999999785,0.30077761684500587,0.10151363090416998,0.19490042886883088,0.0053760015060962275,0.007368881571416018
2.0549999999999784,0.3003290815240922,0.10221858657500936,0.19600447328357812,0.00458199244673665,0.007368881571416018
2.0599999999999783,0.299854088664831,0.1023171055854807,0.19677439668307453,0.0039742653623226105,0.007368881571416018
2.064999999999978,0.2994618886588185,0.10189953847530013,0.19760638553643217,0.003102773023418698,0.006466433931278834
2.069999999999978,0.2991629031900931,0.10095546157636272,0.19847071906166827,0.001988048812631781,0.006466433931278834
2.074999999999978,0.29909799935969467,0.09958842170188435,0.19900549322630667,0.001404295401086581,0.006466433931278834
2.079999999999978,0.29925021844133404,0.09828593214390281,0.19886542293731052,0.002188027904804297,0.006466433931278834
2.0849999999999778,0.2993958574839582,0.09761573254408043,0.1981970440645188,0.0030496507318598727,0.00539465869151549
2.0899999999999777,0.2996534712141967,0.09756702083403737,0.19782952924608466,0.003278782260992701,0.00539465869151549
2.0949999999999775,0.30000702853664657,0.09809042543867716,0.1977207219604164,0.002973488319685624,0.00539465869151549
2.0999999999999774,0.3002898663624303,0.09908353790292061,0.1972530010673071,0.0029103141444984616,0.00539465869151549
2.1049999999999773,0.3006499745444474,0.10013724385150055,0.1964634422018365,0.003598408515296093,0.0026616776851380833
2.1099999999999772,0.30098845609914426,0.10059148517469699,0.1961130321233741,0.004054062091994092,0.0026616776851380833
2.114999999999977,0.3013131061466924,0.10049092070499976,0.19618317133375218,0.004066132309525844,0.0026616776851380833
2.119999999999977,0.30151628722437523,0.10017854012662386,0.19664126562968495,0.0036894579675006652,0.0026616776851380833
2.124999999999977,0.3014936602737903,0.09985499926648227,0.19723785363075594,0.003143485134583637,0.004416499851790295
2.129999999999977,0.3013445091788781,0.09948185717978203,0.19790802060691554,0.002540187925197871,0.004416499851790295
2.1349999999999767,0.3010236787508538,0.09920742201886912,0.1986303419096667,0.0018846913077580154,0.004416499851790295
2.1399999999999766,0.30068021511692,0.09915186239547027,0.19902303560867018,0.001461673500967434,0.004416499851790295
2.1449999999999765,0.3005045565007367,0.09933402542531439,0.19899665339951947,0.0013056813536461468,0.005363734887258944
2.1499999999999764,0.30003272289300686,0.0999012857902624,0.19903747236630934,0.0009681294998857474,0.005363734887258944
2.1549999999999763,0.29953061561407424,0.10062967621929883,0.19878850599002948,0.0014437906978145539,0.005363734887258944
2.159999999999976,0.29920651652224994,0.10112163857321055,0.19767249271900902,0.002702772513816534,0.005363734887258944
2.164999999999976,0.2991928769934618,0.10110796544593513,0.19642869264207946,0.003825345895707591,0.004722746190647613
2.169999999999976,0.2995112388341787,0.10064600768026818,0.19492980875426816,0.005134496340292434,0.004722746190647613
2.174999999999976,0.30012712563500277,0.09976593926172259,0.19319483856223696,0.006810372056671729,0.004722746190647613
2.1799999999999757,0.3007306229015925,0.09901527710590238,0.19141506461735847,0.00867205884012685,0.004722746190647613
2.1849999999999756,0.3009757121484428,0.09872440180501946,0.19024066908353904,0.009890586680710479,0.003651409085836391
2.1899999999999755,0.30102663388704787,0.09896994537838205,0.19014579899432868,0.009960937060423855,0.003651409085836391
2.1949999999999754,0.3009019366992159,0.09971096214499608,0.19103340252171408,0.009016479525215003,0.003651409085836391
2.1999999999999753,0.30067767813056817,0.10071005685902576,0.192837616529127,0.007229326758110654,0.003651409085836391
2.204999999999975,0.30053517015509806,0.10143848163625488,0.19549820583997574,0.004756236660636103,0.006176050062765387
2.209999999999975,0.30030023779352427,0.10188954830370953,0.19807420466177075,0.002714631321092682,0.006176050062765387
2.214999999999975,0.30003155366961687,0.10195169182375594,0.2005671530926927,0.0020326729297978404,0.006176050062765387
2.219999999999975,0.29987374431314795,0.10176466116876903,0.20261204279255887,0.0031547958870872203,0.006176050062765387
2.2249999999999748,0.29991875734850315,0.10156918282958097,0.20388019131429752,0.0041862656098990885,0.004868818925674881
2.2299999999999747,0.3001804728157251,0.10089078345200053,0.20382093553984132,0.003927545543363705,0.004868818925674881
2.2349999999999746,0.3005714514077167,0.09996110832535096,0.20252269781598864,0.0025869042395365535,0.004868818925674881
2.2399999999999745,0.3008762572282752,0.09931200222247735,0.2000779297062758,0.0011167993154998432,0.004868818925674881
2.2449999999999743,0.3010779756813117,0.09920639590539554,0.19719198492407317,0.0031107535574366745,0.00703813406959788
2.2499999999999742,0.30091892988744656,0.09949847296535963,0.19489487922050386,0.0052113548792767075,0.00703813406959788
2.254999999999974,0.30044137931811654,0.10016296365809643,0.19314606901921239,0.006870061334931562,0.00703813406959788
2.259999999999974,0.2996708184829344,0.10117013371240537,0.19190231751573436,0.008188408575057052,0.00703813406959788
2.264999999999974,0.29878576210739793,0.10209068672951793,0.1911379510776248,0.009185927049753049,0.010387837326803819
2.269999999999974,0.2981687149899356,0.10248264873319043,0.19142768990558126,0.009110524127368977,0.010387837326803819
2.2749999999999737,0.29785038380913503,0.10242229260626945,0.1925586472322298,0.00811554571503469,0.010387837326803819
2.2799999999999736,0.297927459556535,0.10199366416156395,0.19413405238049722,0.006532952024441405,0.010387837326803819
2.2849999999999735,0.29845931064861075,0.10125973901259136,0.19587662549778267,0.0045785241446196275,0.010481264694042347
2.2899999999999734,0.2990449027137548,0.10076452918801201,0.1968660577566296,0.003364269562668368,0.010481264694042347
2.2949999999999733,0.2995428182574277,0.10087079425608883,0.19715762354050337,0.0030077236774144352,0.010481264694042347
2.299999999999973,0.3000246261319863,0.10136280041528464,0.19678749968743822,0.0034896976482907773,0.010481264694042347
2.304999999999973,0.30054661232110547,0.10204908036179158,0.1957889712537053,0.004714899623617084,0.005220559307056586
2.309999999999973,0.3009129180316631,0.10204886172435071,0.1943213114848841,0.00610563321447942,0.005220559307056586
2.314999999999973,0.3012196362076288,0.10144995942232836,0.19287706880240607,0.007370620303001304,0.005220559307056586
2.3199999999999728,0.3013646800191452,0.10081286043175156,0.19191249161086432,0.008242019508621754,0.005220559307056586
2.3249999999999726,0.3012628999653624,0.1004045600625591,0.1913901255664806,0.00871140189221581,0.006600347505928232
2.3299999999999725,0.3011639557626469,0.0996083996269421,0.19129029009334017,0.00879586212532612,0.006600347505928232
2.3349999999999724,0.3009265276594799,0.09882041903021073,0.1915915205243771,0.008541217235268161,0.006600347505928232
2.3399999999999723,0.3004735202870648,0.09826508058715283,0.1922727100664617,0.007933799628696095,0.006600347505928232
2.344999999999972,0.29999772017790205,0.09804662894268762,0.193820620286099,0.006480771353296287,0.00669102519956761
2.349999999999972,0.2996352428487591,0.09845744705600633,0.19540063593745088,0.0048648398888630805,0.00669102519956761
2.354999999999972,0.29937785256331473,0.09916028606073003,0.1964157109785813,0.003733539168381804,0.00669102519956761
2.359999999999972,0.299346604670817,0.09973419654650474,0.19674532735125497,0.00333023587491596,0.00669102519956761
2.364999999999972,0.299593913192245,0.10001051477626326,0.19642518713596396,0.0035978193491099752,0.006544330208634688
2.3699999999999717,0.3001479887254904,0.09986977219858019,0.19548796522789397,0.004516338973973163,0.006544330208634688
2.3749999999999716,0.30071526997652775,0.09963069254132204,0.19428498654699905,0.005771427718194102,0.006544330208634688
2.3799999999999715,0.30106866976636726,0.09949469248652569,0.19339795238584165,0.00670704282469817,0.006544330208634688
2.3849999999999714,0.30114994307012294,0.09954688231352556,0.1929361529836358,0.007171165830805837,0.006665372494418696
2.3899999999999713,0.3011992876298972,0.09922006688598625,0.1928850219666149,0.007257375482714984,0.006665372494418696
2.394999999999971,0.30112716169402176,0.09878699942268492,0.19321205888802653,0.006986988508982715,0.006665372494418696
2.399999999999971,0.3008763537967908,0.09843260377977393,0.19390086637674386,0.006357999515780281,0.006665372494418696
2.404999999999971,0.3005611721004178,0.09827331245128385,0.19461475748797524,0.005683062636510139,0.007539544595467875
2.409999999999971,0.2999471028205367,0.09852364938713712,0.19567587216231003,0.004569517567575515,0.007539544595467875
2.4149999999999707,0.299049502816403,0.09914762149906023,0.19706630073695436,0.003199466419715123,0.007539544595467875
2.4199999999999706,0.29787925988874764,0.10010962294526365,0.19876801335045538,0.002455065562110127,0.007539544595467875
2.4249999999999705,0.29698489962308705,0.10099999890464745,0.1999545686222124,0.0031769312397727945,0.006271673841158979
2.4299999999999704,0.2965022257155774,0.10143116149868045,0.20046021232755892,0.003807156887561966,0.006271673841158979
2.4349999999999703,0.29640296801035576,0.10144709276320592,0.2003303604846231,0.003891253609011785,0.006271673841158979
2.43999999999997,0.29665766938882443,0.10107923343962616,0.19959682271395335,0.0035353176173566693,0.006271673841158979
2.44499999999997,0.2972324086164405,0.10035262949890641,0.19828846328372,0.003273112824365551,0.0018480670483578415
2.44999999999997,0.2980899892061689,0.09928708533577998,0.19643171409890536,0.004109629280477985,0.0018480670483578415
2.45499999999997,0.29909379452211104,0.09786018050067438,0.1942894995067809,0.006165213032889115,0.0018480670483578415
2.4599999999999698,0.29988279079370694,0.09667963562115311,0.1929045424836907,0.007834798974581626,0.0018480670483578415
2.4649999999999697,0.30041589120978807,0.09610875070116076,0.1925728139090069,0.00839511047183641,0.007523768236519859
2.4699999999999696,0.3006273722775306,0.09599207393018128,0.1925162311953857,0.008512570873517884,0.007523768236519859
2.4749999999999694,0.3005464455791653,0.09629909290185898,0.19272394224377637,0.00818146274158614,0.007523768236519859
2.4799999999999693,0.3002288417749587,0.09701065597859188,0.1931057566344074,0.007517921110274598,0.007523768236519859
2.4849999999999692,0.29973022641022384,0.09811036272225976,0.19355591900561145,0.006720839731269163,0.006925750710945283
2.489999999999969,0.29894136055224013,0.09951954231272364,0.19436405279689778,0.00575460319620494,0.006925750710945283
2.494999999999969,0.29787494454208985,0.10120826757232224,0.19551247178691822,0.005110154663875077,0.006925750710945283
2.499999999999969,0.2969245108106699,0.10217718120637466,0.19698486974030316,0.004825946771568961,0.006925750710945283
2.504999999999969,0.29625719825442354,0.10255507551340284,0.19834662747400236,0.004823962737791903,0.0018624885133317383
2.5099999999999687,0.2959779361543706,0.10252022229428664,0.19902265769599448,0.004845999996918812,0.0018624885133317383
2.5149999999999686,0.296067061676544,0.10210754958276477,0.1990647700782659,0.004558993760297055,0.0018624885133317383
2.5199999999999685,0.29649322757055485,0.10134360146560642,0.19849398779632532,0.004046083356520643,0.0018624885133317383
2.5249999999999684,0.29722364045367256,0.10025020013772476,0.19733978962579818,0.0038532443050515253,0.0038629246280875544
2.5299999999999683,0.29822220212922035,0.09884433210247603,0.19562916154340895,0.004858020417035256,0.0038629246280875544
2.534999999999968,0.2993213105652578,0.0974860957159418,0.19338649761763269,0.007107654174185402,0.0038629246280875544
2.539999999999968,0.3002730668360284,0.0968011055260679,0.19094544548339484,0.009606895900678168,0.0038629246280875544
2.544999999999968,0.3009587842611795,0.09666819600482543,0.18962711932745147,0.010936948320654989,0.009708605214060348
2.549999999999968,0.3012603666421121,0.09693643281996348,0.1887638150973616,0.01171434245296873,0.009708605214060348
2.5549999999999677,0.30121548069355886,0.0975810162673729,0.18833254423160206,0.011977412062822733,0.009708605214060348
2.5599999999999676,0.3008571972415194,0.0985760242555937,0.18830427423384136,0.011813233902226494,0.009708605214060348
2.5649999999999675,0.3002068672166477,0.09989286092066421,0.18866138721930664,0.011341005802756099,0.00949733161706733
2.5699999999999674,0.2994554793896115,0.10105029651829339,0.18938634979456426,0.010679381824563794,0.00949733161706733
2.5749999999999673,0.29881185170493424,0.10153701922460807,0.1904616814597488,0.009734148398456982,0.00949733161706733
2.579999999999967,0.29825881198370924,0.10142176029409011,0.1918692356356561,0.008435784918453669,0.00949733161706733
2.584999999999967,0.297949519243006,0.10081675943112922,0.1941813810028718,0.00622317397610596,0.012020037095292422
2.589999999999967,0.29798419664452497,0.09986782907475555,0.19571364128680768,0.004738544432585192,0.012020037095292422
2.594999999999967,0.29834200894891355,0.09860098804152406,0.19653775050519004,0.004085748444257589,0.012020037095292422
2.599999999999967,0.298998350104851,0.09703814767385022,0.19669123480112508,0.004552339931909393,0.012020037095292422
2.6049999999999667,0.2997242207565046,0.09574433838908834,0.1962072941410332,0.005707129547361912,0.003313069151393568
2.6099999999999666,0.30031876174962496,0.09511613532444607,0.19520431130491614,0.006852180184605682,0.003313069151393568
2.6149999999999665,0.30066242611034694,0.09503370676001255,0.19403226969434378,0.00779209098370022,0.003313069151393568
2.6199999999999664,0.3006971342326427,0.09542659170754278,0.19288125845112514,0.008489908173090938,0.003313069151393568
2.6249999999999662,0.30038594010268554,0.09623551773625852,0.19217251217691558,0.008694241893196909,0.00978770260985367
2.629999999999966,0.2997806797429341,0.09737879006205892,0.19188975183231874,0.008526134426297653,0.00978770260985367
2.634999999999966,0.29890265599055155,0.09882988435484925,0.19201568491986853,0.008143870197695555,0.00978770260985367
2.639999999999966,0.2977648916287884,0.10055974476188448,0.19251605247145417,0.007830612635007853,0.00978770260985367
2.644999999999966,0.296907427324075,0.10163065881462327,0.19300939805008255,0.007816109617180166,0.008895128109248604
2.6499999999999657,0.29645199558543595,0.1021539459185859,0.19315669239872596,0.008003666489279396,0.008895128109248604
2.6549999999999656,0.29636060804259257,0.10219053078006557,0.19298303433964803,0.008202524367328353,0.008895128109248604
2.6599999999999655,0.2966473769239829,0.10179554932221849,0.19267579888868344,0.008252757162147227,0.008895128109248604
2.6649999999999654,0.29740113699535453,0.10104874695843377,0.19266660489899462,0.007850646012092812,0.008820304672233457
2.6699999999999653,0.29812627775418754,0.09984789713294229,0.19274822631976554,0.007491474610913461,0.008820304672233457
2.674999999999965,0.29882982416546083,0.09822950953934739,0.19291388043511384,0.007397096622517772,0.008820304672233457
2.679999999999965,0.2991453578180732,0.09720337784055602,0.19315253731275367,0.007445754093109211,0.008820304672233457
2.684999999999965,0.2991997466165033,0.09674241518175367,0.193247975716889,0.0075393697512184405,0.008744296891683656
2.689999999999965,0.2990236281428833,0.09680687464751701,0.19318283009001275,0.007590991839125825,0.008744296891683656
2.6949999999999648,0.29877095927388014,0.09740881385001153,0.19297342034284112,0.007589308825496062,0.008744296891683656
2.6999999999999647,0.2985756611843703,0.09855757925542402,0.19319448066038516,0.007101014867465371,0.008744296891683656
2.7049999999999645,0.2984866012376257,0.09992063910679377,0.1938870162099527,0.006298034993766531,0.0052462683844537285
2.7099999999999644,0.29841729126980465,0.10149735601736017,0.19416752569909712,0.006226138324680385,0.0052462683844537285
2.7149999999999643,0.2986794044428654,0.10248421963887445,0.1940681194139337,0.006565251490007332,0.0052462683844537285
2.7199999999999642,0.2992504240848023,0.10294611261971529,0.1936273813338225,0.007060574501073123,0.0052462683844537285
2.724999999999964,0.29981758718247187,0.1028032050439191,0.19359962886010051,0.006989705550501421,0.007501264154565578
2.729999999999964,0.30038088904235166,0.10210159596536716,0.19396728684377898,0.006399641403193886,0.007501264154565578
2.734999999999964,0.3009161006156047,0.1008755964267406,0.19455155966045087,0.005593872681252099,0.007501264154565578
2.739999999999964,0.30129607317004203,0.09911774625911186,0.19459225120474713,0.005630446195282656,0.007501264154565578
2.7449999999999637,0.301164772103582,0.09785455047315782,0.19414346702157154,0.006344968577773301,0.004457185929024652
2.7499999999999636,0.30072327738105664,0.09714899756355992,0.19384219181500004,0.00682421766254478,0.004457185929024652
2.7549999999999635,0.30000305224832097,0.09695752265815148,0.19366755535560526,0.007025420476114241,0.004457185929024652
2.7599999999999634,0.2990274143930173,0.09723830732992891,0.19359923103729823,0.00703865842904177,0.004457185929024652
2.7649999999999633,0.29781556699967665,0.09795144547607179,0.19362434294748276,0.007043956702146975,0.010576236879907325
2.769999999999963,0.29690273970142955,0.09899907474144831,0.19391694159979506,0.00689916460382063,0.010576236879907325
2.774999999999963,0.29652986848490787,0.0996234727061027,0.1944679936071528,0.0065411528238979045,0.010576236879907325
2.779999999999963,0.2966464524250352,0.09986095747115692,0.19523908632474363,0.00582511057282372,0.010576236879907325
2.784999999999963,0.29720926542949455,0.09973748693422749,0.19620978463471916,0.004714111270210587,0.00606367379143298
2.7899999999999627,0.29804855802850816,0.09916550884325218,0.19675747696134974,0.0038753653911557887,0.00606367379143298
2.7949999999999626,0.2989535896619627,0.09869452716879466,0.19692300373967989,0.003502447700478993,0.00606367379143298
2.7999999999999625,0.29975277321708826,0.09876622218502834,0.19673318864344908,0.0035007692323538414,0.00606367379143298
2.8049999999999624,0.30051400023548236,0.09918126495349594,0.1962135094551659,0.0039079449797262975,0.002227637874040786
2.8099999999999623,0.3010043850750121,0.09919265380008441,0.1952143954436767,0.004956067819847479,0.002227637874040786
2.814999999999962,0.3012034612555153,0.09893968391735,0.19379228693776746,0.006411574740394547,0.002227637874040786
2.819999999999962,0.30108517442581073,0.09857502383174466,0.19197016229206992,0.008227177780395006,0.002227637874040786
2.824999999999962,0.300719461640023,0.09820794909025296,0.1900438527779411,0.010141693104304671,0.006230680706999602
2.829999999999962,0.3000594165056911,0.0983254685402477,0.18835572730465566,0.011764211513501049,0.006230680706999602
2.8349999999999618,0.29920917425391236,0.09868111452871454,0.18687391509445714,0.013215860516612733,0.006230680706999602
2.8399999999999617,0.2984620126237767,0.09895821448738112,0.18634075326937052,0.013784982534335586,0.006230680706999602
2.8449999999999616,0.29790905831809994,0.09898323715891824,0.18682930795725755,0.013374340083789975,0.013569656213739664
2.8499999999999615,0.29787618420864576,0.09867397191548058,0.18754492042508278,0.01270424933689749,0.013569656213739664
2.8549999999999613,0.2982411589225976,0.0982385427139935,0.18846555454430894,0.011799986681191458,0.013569656213739664
2.8599999999999612,0.2988407124458913,0.09801475841290412,0.1895715607608951,0.01067883311771232,0.013569656213739664
2.864999999999961,0.29957803266323196,0.09817767622941331,0.19084446717351103,0.009344661668303552,0.012559751784091987
2.869999999999961,0.30026050647508573,0.09867659157129613,0.19166725657889958,0.008441201716261651,0.012559751784091987
2.874999999999961,0.30095738281097745,0.09934177545886286,0.19208319822110687,0.008001599327609198,0.012559751784091987
2.879999999999961,0.3014521668176241,0.09986001938887061,0.19285308047306066,0.007294302006514932,0.012559751784091987
2.8849999999999607,0.30180236776728697,0.10013019347781901,0.19396340378555876,0.006301267631709359,0.009437972584935062
2.8899999999999606,0.3016472045240731,0.10071719988407923,0.19448669108507027,0.0057986406690959886,0.009437972584935062
2.8949999999999605,0.30115858512766275,0.10126497674566007,0.19448307822196093,0.005777448534613182,0.009437972584935062
2.8999999999999604,0.30049871057311484,0.10142832174202611,0.19399241822934524,0.006195147614511261,0.009437972584935062
2.9049999999999603,0.2997385170192486,0.10109096640953101,0.1930512367019093,0.00703874224764909,0.005333550990254258
2.90999999999996,0.29908704911755596,0.10027941884690991,0.1922925203774287,0.007766388886613642,0.005333550990254258
2.91499999999996,0.29853886541633323,0.09903294448017241,0.19169680797393956,0.008486053763184028,0.005333550990254258
2.91999999999996,0.29819032922033273,0.09742908905165008,0.19096110865624877,0.00957005998723457,0.005333550990254258
2.92499999999996,0.29810448744975926,0.09627536748610953,0.19054280592373607,0.010339457190190015,0.013228184847527672
2.9299999999999597,0.29814250555209115,0.09583296275975864,0.1904269807725092,0.010604583071270622,0.013228184847527672
2.9349999999999596,0.29828907266755395,0.09604291869313689,0.19057135636244918,0.010367501417890631,0.013228184847527672
2.9399999999999595,0.29852901034434515,0.09685333671787166,0.19095201575390622,0.00969181713073971,0.013228184847527672
2.9449999999999594,0.29884524989884925,0.09821752463850156,0.1915463511609501,0.008716355024000958,0.01320496143072598
2.9499999999999593,0.2990771979135677,0.09997892834492597,0.19173352831003446,0.008317845989580075,0.01320496143072598
2.954999999999959,0.29950650154977027,0.10140206814519338,0.19155483382434593,0.008574973325821886,0.01320496143072598
2.959999999999959,0.29993540796775475,0.10214796159672268,0.19176796788024525,0.008507894214921756,0.01320496143072598
2.964999999999959,0.3003690326016826,0.10226811898667156,0.19235755051611203,0.007980450044488985,0.009988250467797357
2.969999999999959,0.3006606868268274,0.10175129604350605,0.19239578858175888,0.007831192515093219,0.009988250467797357
2.974999999999959,0.300822500083344,0.10064920175785869,0.19194067446949437,0.008127158009794555,0.009988250467797357
2.9799999999999587,0.3010293910127856,0.09907533345030095,0.19161853757386507,0.008494914154130569,0.009988250467797357
2.9849999999999586,0.30127039677108636,0.097066212661708,0.1914043662624383,0.009170928821696197,0.008490709337832915
2.9899999999999585,0.30116291290360603,0.09568936438503262,0.19129431750250925,0.00978380567946419,0.008490709337832915
2.9949999999999584,0.30084172262958503,0.09491443216893884,0.19182502194191195,0.009664458774277065,0.008490709337832915
2.9999999999999583,0.3004327619451175,0.09473421193865787,0.19317062072545294,0.008634594841897816,0.008490709337832915
3.004999999999958,0.30016595428519083,0.09518644316186838,0.194674244927135,0.007180636277854794,0.008852400226723893
3.009999999999958,0.2999150761820861,0.09618013661206473,0.19595298115053056,0.005565692223371542,0.008852400226723893
3.014999999999958,0.2996242461338099,0.09765468182516865,0.196818431031877,0.003970401668354788,0.008852400226723893
3.019999999999958,0.29929312380144857,0.0995740370274386,0.19729906651003026,0.0028242096471954806,0.008852400226723893
3.0249999999999577,0.2990022584523111,0.10168442143339393,0.19742119233726255,0.0032377480943790123,0.0022405597789786082
3.0299999999999576,0.29906265876529503,0.10316415694295097,0.1972015667199494,0.004326861053095864,0.0022405597789786082
3.0349999999999575,0.29914215723887255,0.10394739396523765,0.19657746048368044,0.005294486760809055,0.0022405597789786082
3.0399999999999574,0.29916173489031905,0.1040623059551413,0.19568819419504804,0.005983033291475341,0.0022405597789786082
3.0449999999999573,0.2992455498594624,0.1036096201434554,0.1949559729635098,0.006248260665132363,0.008033113026212957
3.049999999999957,0.2993873893458269,0.10263401985628123,0.19435562671775988,0.006258778009017122,0.008033113026212957
3.054999999999957,0.2995801447717189,0.1011770072121701,0.193874229187308,0.006251935095619962,0.008033113026212957
3.059999999999957,0.29981384248956555,0.09927624309092499,0.19349970302990058,0.0065431138903131476,0.008033113026212957
3.064999999999957,0.30007650828404725,0.09696608819772448,0.19322079914366777,0.007427519006506167,0.007371902580470225
3.0699999999999568,0.3004167183670166,0.09547464448088494,0.1932251841787421,0.008157856715079072,0.007371902580470225
3.0749999999999567,0.3008313444062254,0.09473374926762253,0.19349248374486414,0.008412627301199445,0.007371902580470225
3.0799999999999566,0.3012354740272884,0.09463472871002505,0.1936757370578972,0.00838503630570486,0.007371902580470225
3.0849999999999564,0.3015559685198925,0.09510139181723473,0.193495203524342,0.008290342414694611,0.00912930434076948
3.0899999999999563,0.3015081767424637,0.09598102325183638,0.1937152628835148,0.0076108272751465944,0.00912930434076948
3.0949999999999562,0.30112302640343364,0.09724234382030925,0.19430542948620938,0.0064260399348844265,0.00912930434076948
3.099999999999956,0.3004192812736184,0.09885164461472262,0.19524829513954675,0.004906446367602296,0.00912930434076948
3.104999999999956,0.29941050333697244,0.10077527187789646,0.1965261404920648,0.0036078044128319406,0.001907515303971734
3.109999999999956,0.29845915207349827,0.10193617878743629,0.19777464222531455,0.003327944989761087,0.001907515303971734
3.114999999999956,0.2977715077320432,0.10247979879415539,0.19822656672431194,0.003776326976197302,0.001907515303971734
3.1199999999999557,0.2975002476178002,0.10254590850575619,0.19804770259144594,0.0040671706705573815,0.001907515303971734
3.1249999999999556,0.29761095592013154,0.1021713433756971,0.19725956907769468,0.0042346458306055995,0.004045590485601668
3.1299999999999555,0.297867641787965,0.10130591294375291,0.19637483423855936,0.00440388316818419,0.004045590485601668
3.1349999999999554,0.29827525292738943,0.09999499666312925,0.19534196125959186,0.004967102012743619,0.004045590485601668
3.1399999999999553,0.2988435298139114,0.09828227156381986,0.1940902431136273,0.006262047646561262,0.004045590485601668
3.144999999999955,0.2996056532914121,0.0965020262936406,0.19351773764572244,0.007376384928041649,0.008335592526548216
3.149999999999955,0.30033152650725886,0.09546623759446249,0.19298782973096287,0.00835676033261987,0.008335592526548216
3.154999999999955,0.30094443624398703,0.09506565045869683,0.19214547064853346,0.009323808049706126,0.008335592526548216
3.159999999999955,0.30131845448151995,0.09520095602856161,0.19136919216199028,0.009962930753362161,0.008335592526548216
3.1649999999999547,0.3013240744212826,0.09577549491986626,0.1910401054005548,0.009993964552585638,0.012225196553123097
3.1699999999999546,0.3009943860192961,0.096756838937465,0.19112434720448174,0.009501795081957204,0.012225196553123097
3.1749999999999545,0.3003499682487915,0.09811022297820468,0.19160139109874316,0.008615704639989615,0.012225196553123097
3.1799999999999544,0.29940580422943375,0.09980102334643985,0.19245062704445923,0.007575334470785524,0.012225196553123097
3.1849999999999543,0.29813605170947055,0.10178030003620386,0.193424630389554,0.0070625248291706685,0.010099716587245866
3.189999999999954,0.29730810681806663,0.10314030073073123,0.19371933504078045,0.007520274590222005,0.010099716587245866
3.194999999999954,0.2969019242690589,0.1039384681678271,0.19338303290309328,0.008300232424768579,0.010099716587245866
3.199999999999954,0.29687951871361107,0.10423728173334809,0.1924420898515088,0.009209449807623438,0.010099716587245866
3.204999999999954,0.29723394192597824,0.10408471195032298,0.19109143580575538,0.010183244325309577,0.012206814953789258
3.209999999999954,0.29772274774948415,0.10342603794171779,0.18964027116420137,0.011146640540622409,0.012206814953789258
3.2149999999999537,0.298351681868118,0.1023065115220893,0.18902584238226716,0.011334420297671404,0.012206814953789258
3.2199999999999536,0.2991450265021337,0.10077554288899061,0.18941400722461196,0.010648741216467117,0.012206814953789258
3.2249999999999535,0.300072980040916,0.09885717809804662,0.1907246280325378,0.009345795478221211,0.011434712459001743
3.2299999999999534,0.3005592030488846,0.09754208252527538,0.19231640292153107,0.00808651534510972,0.011434712459001743
3.2349999999999532,0.3006479809365339,0.09678886785680736,0.1941896287415359,0.006670207125445375,0.011434712459001743
3.239999999999953,0.30048133787150744,0.09657782110698485,0.19607957868163178,0.005226155167602839,0.011434712459001743
3.244999999999953,0.30027113963691304,0.09694082262086129,0.19753306895887515,0.003939267914397897,0.006080501906321362
3.249999999999953,0.29983288718619366,0.09776073063025481,0.19902575337288456,0.0024477357891045243,0.006080501906321362
3.254999999999953,0.2991235142290456,0.09897796332355496,0.19948758843450337,0.0014406081657199728,0.006080501906321362
3.2599999999999527,0.2982064732883231,0.10057677961880748,0.19890764965322646,0.002177760793628732,0.006080501906321362
3.2649999999999526,0.29746699390518727,0.10179091772135695,0.19762752510815476,0.0039053992463594384,0.003067644085397721
3.2699999999999525,0.2971457663120951,0.10245378855472893,0.19582417259061322,0.005621855811871719,0.003067644085397721
3.2749999999999524,0.2971954477762753,0.10262344249644015,0.19351132801675328,0.007539948793851201,0.003067644085397721
3.2799999999999523,0.2976426179174428,0.10236046063542525,0.19111417094465827,0.009491416263936032,0.003067644085397721
3.284999999999952,0.2985332137222073,0.10172745129552159,0.18910836610635073,0.011124892756175666,0.009175175391397592
3.289999999999952,0.29955649802552087,0.10063796207197934,0.18818752969063554,0.011837995793894683,0.009175175391397592
3.294999999999952,0.3007042976992727,0.09912666519995378,0.18828194667581533,0.011771640609133816,0.009175175391397592
3.299999999999952,0.30159286742607466,0.09820315381780148,0.18932559486393305,0.010941152034791578,0.009175175391397592
3.3049999999999518,0.30224693400494573,0.09780714340388211,0.19124617020360474,0.009299831642453375,0.010027781128456268
3.3099999999999516,0.3024879674747284,0.09788395226421079,0.1934078395766479,0.0073569164208012496,0.010027781128456268
3.3149999999999515,0.3023491241289505,0.09839762387854949,0.1958129823980344,0.005061334785111733,0.010027781128456268
3.3199999999999514,0.30179914973405214,0.09929042012197486,0.1980957099257508,0.002714178338967837,0.010027781128456268
3.3249999999999513,0.30079285729428185,0.10050010146422486,0.19973896854320744,0.0009730681297067762,0.002130924065080679
3.329999999999951,0.29975127404228136,0.1010245338340077,0.20078808134725148,0.001316285071310636,0.002130924065080679
3.334999999999951,0.2986840402892532,0.10093926927147087,0.20128397989127653,0.002064601919460648,0.002130924065080679
3.339999999999951,0.29791013605792216,0.10042143770231227,0.20055155560748567,0.002202125024033875,0.002130924065080679
3.344999999999951,0.29739757929053495,0.09950290535412631,0.19867194580215644,0.00296368429297365,0.002063691923837897
3.349999999999951,0.297331296515129,0.09823794741823075,0.19666990315520022,0.0046169635678471295,0.002063691923837897
3.3549999999999507,0.29775122315984226,0.09668192892151269,0.19509390396613965,0.006335327241128442,0.002063691923837897
3.3599999999999506,0.29825143339218946,0.09582816737419422,0.19387829474623453,0.007611632404002939,0.002063691923837897
3.3649999999999505,0.2988376752084818,0.09560559917521977,0.19299074809114594,0.00835412292533342,0.005924851232009561
3.3699999999999504,0.29950403191267533,0.09596694902924877,0.19240092867382014,0.0086172715807668,0.005924851232009561
3.3749999999999503,0.30024112919675555,0.09686953847829849,0.19208047296612735,0.008519204250904053,0.005924851232009561
3.37999999999995,0.30088078274646546,0.0982138282002551,0.1923971489497028,0.007859359518286495,0.005924851232009561
3.38499999999995,0.3012870261400901,0.09991427445964582,0.1936418067342919,0.00648771198171129,0.008568724238466491
3.38999999999995,0.3013369278243457,0.10135172142537222,0.19429276589970546,0.006015567129945853,0.008568724238466491
3.39499999999995,0.3012578398215957,0.10208634033613363,0.19439525187978338,0.006111315611719135,0.008568724238466491
3.3999999999999497,0.3010637737278614,0.10219020056049269,0.19399235871093778,0.0064823103055404495,0.008568724238466491
3.4049999999999496,0.30076757155208095,0.10171301192744853,0.19312345459365451,0.00712814510771745,0.006042971118915298
3.4099999999999495,0.3003979306537076,0.10070998527725555,0.19195676815483442,0.008084306180134795,0.006042971118915298
3.4149999999999494,0.300086886841123,0.09927523164038261,0.19128295977943366,0.008747549868690906,0.006042971118915298
3.4199999999999493,0.2998211905191459,0.0974421221036941,0.19105920383708816,0.009301212189257533,0.006042971118915298
3.424999999999949,0.29963207079282783,0.09554906983137293,0.19172440585843384,0.009403808253224294,0.010169827137659963
3.429999999999949,0.29959089717983106,0.09439224118891903,0.19261232191337227,0.009283970675975133,0.010169827137659963
3.434999999999949,0.2996858951803474,0.09389197291547044,0.19370602615302185,0.008776147417262363,0.010169827137659963
3.439999999999949,0.29990405751127924,0.09399591963819717,0.19498668245881598,0.007822502075478912,0.010169827137659963
3.4449999999999488,0.3002298958495918,0.09465719572931344,0.19643607824751,0.00642650354659496,0.008738544813806093
3.4499999999999487,0.3005119611426452,0.09578311677418945,0.19713512529102334,0.005123642791006729,0.008738544813806093
3.4549999999999486,0.3007523929748772,0.09734151691780085,0.19713973978368282,0.003976772056835867,0.008738544813806093
3.4599999999999485,0.3008361308166999,0.09925733249296476,0.19674518976580216,0.0034415780434678953,0.008738544813806093
3.4649999999999483,0.3005416693651695,0.1012747423138809,0.19614887700927866,0.004092617983348082,0.0023776740411350257
3.4699999999999482,0.30013886942951856,0.1025447429456312,0.19506292931397357,0.005556047906256407,0.0023776740411350257
3.474999999999948,0.2996512054174424,0.10312475751648878,0.19353956718009868,0.007184911928349078,0.0023776740411350257
3.479999999999948,0.2992334697508489,0.10314679001806894,0.19251518041029056,0.008155512266631706,0.0023776740411350257
3.484999999999948,0.2988857567635661,0.10265658392881949,0.1919658382300517,0.008535029672268258,0.009503923394033104
3.489999999999948,0.2985994021504038,0.10169387812032166,0.1918514822633746,0.008439741626785556,0.009503923394033104
3.4949999999999477,0.29842086173305726,0.10031819226160481,0.19200574108692353,0.00815494325858683,0.009503923394033104
3.4999999999999476,0.29855832472324717,0.09864926021515963,0.19184873314595227,0.008387256815899241,0.009503923394033104
3.5049999999999475,0.2991493991069124,0.0967696739660513,0.19199142752036025,0.008677313024581492,0.007672010144003498
3.5099999999999474,0.2998144161701155,0.09561657121694134,0.19239490237794263,0.008779886052511425,0.007672010144003498
3.5149999999999473,0.30055015895132664,0.09513381933381918,0.1930246840953178,0.008522759008545848,0.007672010144003498
3.519999999999947,0.3013581857539461,0.09525355404246141,0.1938586283419128,0.007879712152916074,0.007672010144003498
3.524999999999947,0.30211212200575055,0.09588747101879583,0.19415118254359578,0.007455375217033603,0.009073337520067778
3.529999999999947,0.30249109491302995,0.09687647908415292,0.19449710894344502,0.0068002754913143665,0.009073337520067778
3.534999999999947,0.3025185878885141,0.09819296587800114,0.1948926189571545,0.0059744454459854076,0.009073337520067778
3.5399999999999467,0.3022200713167042,0.09981164444899208,0.19532081501138976,0.005182563711377197,0.009073337520067778
3.5449999999999466,0.3016126647328523,0.10170555055699919,0.19577822201626663,0.004830424369245602,0.004448763712550314
3.5499999999999465,0.3009232915960123,0.10286036331750206,0.19568033452463038,0.005262476175573496,0.004448763712550314
3.5549999999999464,0.30020236379821574,0.10334548755642553,0.19523356252054783,0.005826848577280247,0.004448763712550314
3.5599999999999463,0.29957490509855456,0.10328164774257498,0.19521567612680452,0.005817187680074509,0.004448763712550314
3.564999999999946,0.29903479249684817,0.10271255387085738,0.19560645416011974,0.005252886737173494,0.002716667463015756
3.569999999999946,0.29886531633593855,0.10179716837905256,0.19564705894882123,0.004844111579556331,0.002716667463015756
3.574999999999946,0.2990260740856269,0.10055657095336597,0.19537525483871515,0.004758841321124905,0.002716667463015756
3.579999999999946,0.29948226586740817,0.09901043370140898,0.19481274546719585,0.005306119078898917,0.002716667463015756
3.584999999999946,0.30019947399797464,0.09717539711148546,0.193979093461576,0.006653531911557187,0.005457714614669022
3.5899999999999457,0.30097420109093004,0.09606116088566674,0.1934725754114219,0.007685752604250609,0.005457714614669022
3.5949999999999456,0.30181162792143484,0.09561507963525503,0.1932625560120296,0.008240307871791936,0.005457714614669022
3.5999999999999455,0.3025077936717128,0.0956921664902676,0.1934159134684253,0.008258126549207146,0.005457714614669022
3.6049999999999454,0.3028393839039439,0.0961669555536824,0.19364381390361876,0.007947039220568386,0.01038437281950698
3.6099999999999453,0.3028378024131573,0.0970120308570904,0.19392694483913203,0.0073391471658528894,0.01038437281950698
3.614999999999945,0.30252457571105373,0.09819808325425516,0.19425965053902827,0.006524722094734513,0.01038437281950698
3.619999999999945,0.3019177746396538,0.09969629631225149,0.19463637286405538,0.005704260824321843,0.01038437281950698
3.624999999999945,0.30103267038302683,0.10147851686214046,0.19505169741985656,0.005266699028449298,0.006002746630298306
3.629999999999945,0.3000919437371625,0.10253058811750897,0.1949195665722031,0.005676542405862671,0.006002746630298306
3.6349999999999447,0.2992091478175159,0.10294905792047655,0.19485481525563314,0.005982918672899615,0.006002746630298306
3.6399999999999446,0.2984331289629032,0.10282465850894403,0.19519887657038526,0.005786585065946784,0.006002746630298306
3.6449999999999445,0.2977542418670187,0.10220022698869413,0.1959318292670546,0.005141443523566428,0.005655686658322539
3.6499999999999444,0.2974547725273152,0.10123475768584844,0.1962981665885426,0.00465901062851905,0.005655686658322539
3.6549999999999443,0.2974956950047538,0.09995024262795721,0.1963332312707272,0.004440631961698762,0.005655686658322539
3.659999999999944,0.29784038275019387,0.09836585959704239,0.19606388299932992,0.0047778005991463025,0.005655686658322539
3.664999999999944,0.2984542972644422,0.09649835150661229,0.19551073025774904,0.005899515398458193,0.005778469166065038
3.669999999999944,0.29913309083747186,0.09535397487394981,0.195274451884428,0.00668340377057613,0.005778469166065038
3.674999999999944,0.29978922073916237,0.09484487251976959,0.19473549270178167,0.007371214576121107,0.005778469166065038
3.6799999999999438,0.30038213917421824,0.09488750247707205,0.19359855795226333,0.00820134876474278,0.005778469166065038
3.6849999999999437,0.3006192427319877,0.095329154033859,0.19261644947791043,0.00875882879800631,0.009368727930046549
3.6899999999999435,0.30053347108296546,0.09614241950235769,0.19176481100105439,0.009109547548616547,0.009368727930046549
3.6949999999999434,0.30014733962080115,0.09729794871033254,0.19103321846944007,0.009366213810961303,0.009368727930046549
3.6999999999999433,0.2994795357526431,0.09876689989983896,0.19041168557324573,0.009681280516341748,0.009368727930046549
3.7049999999999432,0.29869946182450385,0.10058244139947173,0.19079107812214327,0.009318523471141225,0.007399703862710199
3.709999999999943,0.29799937605742277,0.10172565191085833,0.19152784301282644,0.00887455997176064,0.007399703862710199
3.714999999999943,0.29738317082361504,0.10224905720054497,0.19260207696147222,0.008163045909076034,0.007399703862710199
3.719999999999943,0.296873054717802,0.1022315703152516,0.19391599800164633,0.007195329956697184,0.007399703862710199
3.724999999999943,0.29671896786080243,0.10182146206689995,0.19482136261260002,0.006395403126447908,0.006056336272840321
3.7299999999999427,0.2968880089910859,0.10104610166887482,0.1953597951370293,0.00568421656092743,0.006056336272840321
3.7349999999999426,0.29735125624592706,0.0999305244070463,0.19555662862006756,0.00517341468981169,0.006056336272840321
3.7399999999999425,0.29814313648054025,0.09852090191584834,0.19566737571243079,0.004940375136533287,0.006056336272840321
3.7449999999999424,0.29903726036842604,0.09766351581698918,0.1960513433091818,0.00468806096351213,0.01249418700240652
3.7499999999999423,0.2996979296530225,0.097324088766605,0.19611569111410482,0.0047264789161253025,0.01249418700240652
3.754999999999942,0.2999972762566173,0.09740992420201638,0.19625592747732265,0.0045526452874286305,0.01249418700240652
3.759999999999942,0.2999670950554229,0.09789171534256325,0.19645635349222978,0.004123515187821306,0.01249418700240652
3.764999999999942,0.29963027867541064,0.09873873103042632,0.19671103483930033,0.003541861812629317,0.004959218409788287
3.769999999999942,0.29910994443934513,0.0999621736845816,0.19676439441719698,0.0033560055450873295,0.004959218409788287
3.7749999999999417,0.2986171864863215,0.10125046539728502,0.19642708521784283,0.004030081508353929,0.004959218409788287
3.7799999999999416,0.29847721173780317,0.10196641271803109,0.19592098616638073,0.004777448788210734,0.004959218409788287
3.7849999999999415,0.2985803722070724,0.10214080880134271,0.19533270794095695,0.005327477879706806,0.006941307434279106
3.7899999999999414,0.2987371777326626,0.10180381489756626,0.195083912977822,0.005386685425490544,0.006941307434279106
3.7949999999999413,0.2989693453108647,0.10100371748072766,0.19508209563625306,0.005124010265438203,0.006941307434279106
3.799999999999941,0.2991758946662718,0.10014681503317752,0.1952125632446529,0.004860067380345127,0.006941307434279106
3.804999999999941,0.2992411875288844,0.09963618864670343,0.19539625656166176,0.004680022298360394,0.004243094881522919
3.809999999999941,0.2996125982012411,0.09876415409582198,0.19525678643280026,0.004916855722575461,0.004243094881522919
3.814999999999941,0.3001211475430816,0.0979244465953639,0.1948154170152781,0.005585919744156659,0.004243094881522919
3.8199999999999408,0.3005312556535566,0.09770423056147826,0.19409122404575824,0.006361322438118674,0.004243094881522919
3.8249999999999407,0.30072123997877576,0.09800495817275579,0.1944181011889109,0.005971429756488516,0.006149481023200732
3.8299999999999406,0.3005884281556625,0.09868272831200739,0.19480296061752805,0.005393576803692315,0.006149481023200732
3.8349999999999405,0.3001564580463532,0.09970957399415889,0.19524438441757272,0.004767043733065888,0.006149481023200732
3.8399999999999403,0.2994947371769652,0.10092855040905616,0.19573558062277283,0.004393491664652404,0.006149481023200732
3.8449999999999402,0.29887825578830646,0.10165666734026275,0.19627096841150693,0.004231847509154888,0.003890832449136459
3.84999999999994,0.2983701865459435,0.10177067149437555,0.19684470660078635,0.0039683051635602574,0.003890832449136459
3.85499999999994,0.2979623062459612,0.10131915972256607,0.19745092932764716,0.0035199629971831626,0.003890832449136459
3.85999999999994,0.29794524689493135,0.10046794833505693,0.19736606770538895,0.003373215869117609,0.003890832449136459
3.86499999999994,0.29840875354178553,0.09929457887844668,0.19754356799359415,0.003010604997605747,0.006300766485558923
3.8699999999999397,0.2989264392664031,0.09837768753481388,0.1973748024502778,0.0032674290441395727,0.006300766485558923
3.8749999999999396,0.2993492930809437,0.09809070203193578,0.1968694310449626,0.0037241509378119915,0.006300766485558923
3.8799999999999395,0.2996889489169325,0.0983870003097741,0.19606296065783618,0.004266005105328888,0.006300766485558923
3.8849999999999394,0.3000133096089732,0.09904778026282654,0.19497720634660518,0.005112274998289623,0.001896898832832165
3.8899999999999393,0.30032738338566467,0.0998425866399011,0.19377448028786326,0.006236108925712423,0.001896898832832165
3.894999999999939,0.3005014519610203,0.1003884244201769,0.19305123766116167,0.006977651871586815,0.001896898832832165
3.899999999999939,0.3005907393023116,0.1005985497400103,0.19278415790280934,0.007264682504153302,0.001896898832832165
3.904999999999939,0.3005933182646104,0.10053688158931955,0.19293678294297262,0.00710839669677722,0.004883118524762479
3.909999999999939,0.30028408791814476,0.1008775856550933,0.19316879522806943,0.006893201082465861,0.004883118524762479
3.9149999999999388,0.29979627464394054,0.10132343207221939,0.19348687938833897,0.0066493395591234695,0.004883118524762479
3.9199999999999386,0.29925412584992017,0.10157873731832956,0.1938708282535484,0.006373028013867849,0.004883118524762479
3.9249999999999385,0.29872098813128256,0.1015118830312197,0.1943122306852178,0.006022655679896386,0.008127452905160832
3.9299999999999384,0.2982946993746481,0.1008956374367731,0.19480343580903947,0.005542066043611213,0.008127452905160832
3.9349999999999383,0.29825843306441574,0.09989135591849552,0.19461694427695833,0.005658811522302015,0.008127452905160832
3.939999999999938,0.29852863098102056,0.09864351760444871,0.19378827493875295,0.006526139710117912,0.008127452905160832
3.944999999999938,0.29898942197030653,0.09780812070097207,0.1932649333922304,0.007154489850904796,0.004659159941251777
3.949999999999938,0.299354055264472,0.09759529533265529,0.1924381158254686,0.007961277624071046,0.004659159941251777
3.954999999999938,0.2996318039645016,0.09795692646642473,0.19132581585007125,0.008919147293941719,0.004659159941251777
3.959999999999938,0.29982479169437803,0.09884807620495628,0.18994929967840804,0.010118013803825127,0.004659159941251777
3.9649999999999377,0.29997293565343763,0.10011461198346175,0.18832778346372653,0.011672810597935016,0.010067715939558113
3.9699999999999376,0.3001235865724644,0.10076586783751976,0.18721281906049564,0.012810691767623816,0.010067715939558113
3.9749999999999375,0.3002854796011518,0.10085064382913674,0.18657995310052347,0.013450009379583053,0.010067715939558113
3.9799999999999374,0.30046021182680865,0.10041293373885461,0.1864045745909864,0.013609478360696719,0.010067715939558113
3.9849999999999373,0.30065514981866726,0.09978888773212023,0.1869851494448278,0.013033039731697876,0.01118712444395941
3.989999999999937,0.30081970061368246,0.09885134871831097,0.18763241302240707,0.012447831799607659,0.01118712444395941
3.994999999999937,0.3007669849331892,0.09812416121223927,0.1883265952627159,0.01184801313325801,0.01118712444395941
3.999999999999937,0.30041787106048945,0.09785784939576155,0.18906008081578105,0.011155503448597736,0.01118712444395941
4.004999999999937,0.29979618135869035,0.09801713017926617,0.18982614491853858,0.010367287108163876,0.01289949643276282
4.009999999999937,0.29907310549840294,0.09862727222808497,0.1902296543290866,0.0099097512320953,0.01289949643276282
4.014999999999937,0.2984355166164229,0.09972462339296874,0.19026113127475358,0.009867573388669162,0.01289949643276282
4.0199999999999365,0.29796135162093934,0.10130857851416898,0.1905433742458395,0.009761979081899484,0.01289949643276282
4.024999999999936,0.2980046844566584,0.1023677876780909,0.19103988914900016,0.009480046891668039,0.011743069431381412
4.029999999999936,0.29834136278969126,0.10294650653800527,0.1911496147933112,0.009474296621950616,0.011743069431381412
4.034999999999936,0.2989589359659736,0.1030818590237744,0.1909111265822317,0.009653459968818353,0.011743069431381412
4.039999999999936,0.2997095185706321,0.10275287611591413,0.19068001190306752,0.009722390883797121,0.011743069431381412
4.044999999999936,0.3004270486950392,0.10192969322097033,0.19086221767182693,0.009349072274405937,0.010522504130648274
4.049999999999936,0.3011149252083257,0.10065086679788027,0.1914256141508245,0.008671030994021651,0.010522504130648274
4.054999999999936,0.30157661321381685,0.09945480333533294,0.1923507330760451,0.007829063360521263,0.010522504130648274
4.059999999999936,0.3016477245001291,0.09881141415032159,0.19361837482527228,0.006697228697088096,0.010522504130648274
4.0649999999999356,0.3012336134448342,0.09861063249701874,0.19437059078433078,0.005928101914363298,0.005148443795105134
4.0699999999999354,0.30054708887359416,0.09882680674428329,0.19518185287380413,0.004989010962158668,0.005148443795105134
4.074999999999935,0.2996100866029354,0.09942807054909406,0.19604053001569913,0.004019519661676461,0.005148443795105134
4.079999999999935,0.2984721147040749,0.1003949995355947,0.19684961942997892,0.0035235430814154235,0.005148443795105134
4.084999999999935,0.2976156713514678,0.10128328250085508,0.19697106701623465,0.004062791171270533,0.005774179248534658
4.089999999999935,0.2971889085481937,0.10166817809008767,0.1964424051697613,0.004831307718082981,0.005774179248534658
4.094999999999935,0.297149800756246,0.1015863899426027,0.19530997152884666,0.005712848312297115,0.005774179248534658
4.099999999999935,0.29755287453599755,0.10110791900843027,0.19420821820637035,0.006384406308407247,0.005774179248534658
4.104999999999935,0.2984035924654486,0.10027703130090734,0.1934253993038607,0.006771309893346349,0.00290476701272212
4.109999999999935,0.299481966465186,0.09910234343635924,0.19233507995579371,0.0077346716370841955,0.00290476701272212
4.1149999999999345,0.3006722871705712,0.09786294833125489,0.19097025604492407,0.009303506638296736,0.00290476701272212
4.119999999999934,0.3016950688691035,0.09728542559493228,0.1893500200962943,0.011120442645011393,0.00290476701272212
4.124999999999934,0.3022917493495826,0.09719611877381194,0.18822690518196822,0.0123174521150378,0.01231946427512455
4.129999999999934,0.3025024401977613,0.09756206968679781,0.18757841518276655,0.012903545269697262,0.01231946427512455
4.134999999999934,0.30235823957476454,0.09834922433645063,0.18738155760816474,0.012942621163404958,0.01231946427512455
4.139999999999934,0.3018876783163498,0.09952498711281799,0.18760023299091788,0.012551620953029443,0.01231946427512455
4.144999999999934,0.3013707498922989,0.10069400911428522,0.1885713970496961,0.011531416622152001,0.0172179852195482
4.149999999999934,0.3009479037043887,0.10121003108212676,0.18956911955678274,0.010543527088844566,0.0172179852195482
4.154999999999934,0.3006174870853666,0.10112685097690693,0.19059295438846457,0.009494397851483725,0.0172179852195482
4.1599999999999335,0.3003734665177633,0.10049228691219951,0.19163691785049417,0.008385879004803046,0.0172179852195482
4.164999999999933,0.3000506344178956,0.09975940889616543,0.19269472610685,0.007309410002008296,0.00829135481028254
4.169999999999933,0.299619377949607,0.09917027465730072,0.19364396825933317,0.0064212504061068355,0.00829135481028254
4.174999999999933,0.29929576831336163,0.09891202586966258,0.19388199534978257,0.006253767734480653,0.00829135481028254
4.179999999999933,0.2991298931616749,0.09893440278539051,0.1937241658183147,0.006424848481473584,0.00829135481028254
4.184999999999933,0.2992467257932303,0.09912435532523897,0.19382742549534593,0.006279717481107525,0.006994620394767144
4.189999999999933,0.2992898549949771,0.09985938481645586,0.19356954530100473,0.006471076123322346,0.006994620394767144
4.194999999999933,0.2994551533958903,0.10060728568624741,0.19298584159187865,0.007061449702500929,0.006994620394767144
4.199999999999933,0.2998375283234457,0.10109752017401843,0.19210319377018173,0.007974364940818587,0.006994620394767144
4.204999999999933,0.30040748431156694,0.10126905957718466,0.19103544827745872,0.009063097884318326,0.0057989572346500776
4.2099999999999325,0.30095397133524543,0.10090793471026274,0.1904368022951371,0.009653453117349518,0.0057989572346500776
4.214999999999932,0.30131308363930265,0.1004920113802024,0.19028417467254213,0.009816492532250252,0.0057989572346500776
4.219999999999932,0.3014097779070671,0.10027567554442626,0.19054182914813705,0.009566632982198033,0.0057989572346500776
4.224999999999932,0.30122877119298647,0.10033026219332089,0.19118814499258513,0.00890324325359884,0.00946042689007236
4.229999999999932,0.3010491117543952,0.09999627935344071,0.19188603771212523,0.008181505565938042,0.00946042689007236
4.234999999999932,0.3007955556337441,0.09952092959501838,0.1926427957712964,0.0074155830035247845,0.00946042689007236
4.239999999999932,0.30040138329054294,0.0991038075246114,0.1934389046355088,0.0066341722830220665,0.00946042689007236
4.244999999999932,0.2998521321150108,0.09881118105421614,0.19426701216844827,0.00585681695752788,0.008502596865702976
4.249999999999932,0.29933692056588385,0.09906104076026877,0.19439890571418847,0.005717829657166708,0.008502596865702976
4.2549999999999315,0.29895163105550554,0.09954258562715464,0.19387222274100507,0.00623361528233187,0.008502596865702976
4.259999999999931,0.2988472657049409,0.099918433567049,0.19301873653708454,0.007076262359228085,0.008502596865702976
4.264999999999931,0.29915783113858857,0.10007532449003109,0.1924688736536807,0.007578442202336455,0.006237359767024245
4.269999999999931,0.2997422350512191,0.09981729168545739,0.19159875325224518,0.008407185736837516,0.006237359767024245
4.274999999999931,0.30058138604040074,0.0991729675725451,0.19044276087329792,0.009610557324578014,0.006237359767024245
4.279999999999931,0.30123689073015547,0.09841131980728435,0.18975284383007682,0.010443084458332539,0.006237359767024245
4.284999999999931,0.30157173416191163,0.09796267586983992,0.18950760993803856,0.01080329982456287,0.00883491393209961
4.289999999999931,0.301698356289682,0.09759202924189467,0.1896733378603486,0.010738840170386316,0.00883491393209961
4.294999999999931,0.3015747223966425,0.097447995229058,0.19022925707983596,0.010220562420402035,0.00883491393209961
4.2999999999999305,0.3012126774640624,0.0975222915808055,0.1911548691088077,0.00926530982346067,0.00883491393209961
4.30499999999993,0.3007287352794843,0.09771501874784326,0.19265760132972384,0.007724183624406278,0.010142028343773604
4.30999999999993,0.29997116305036625,0.09829091750620103,0.19415410411831038,0.006090672639358485,0.010142028343773604
4.31499999999993,0.2989603540254201,0.0992199605901121,0.19564502337228645,0.00454479335738929,0.010142028343773604
4.31999999999993,0.297833887147416,0.10052030661966734,0.19683620534169063,0.0038694134579476238,0.010142028343773604
4.32499999999993,0.29708845893562275,0.10144368049056131,0.19731487230869482,0.004215589572882567,0.005999386858011434
4.32999999999993,0.2967605363584568,0.10186031821054892,0.1971277692342197,0.004712177638977034,0.005999386858011434
4.33499999999993,0.2968619331379535,0.10182820093169478,0.19663470332067007,0.004951262870948488,0.005999386858011434
4.33999999999993,0.2974409505512262,0.10141419396143621,0.19643068781338183,0.004613964469669556,0.005999386858011434
4.34499999999993,0.298451520461054,0.10064101165158769,0.1964738590213993,0.0039041458759852634,0.00574752723333235
4.3499999999999295,0.29968257192197656,0.09952009668958867,0.19615668241137302,0.003886149490062241,0.00574752723333235
4.354999999999929,0.30081150994626804,0.09838721247640742,0.1959171959488931,0.004464181997732952,0.00574752723333235
4.359999999999929,0.3014915847686599,0.09779823322994549,0.1960804972832454,0.004736570867036758,0.00574752723333235
4.364999999999929,0.30176865818187476,0.09769833284582302,0.19662972828261804,0.004447983239841911,0.005196368849486822
4.369999999999929,0.3016780057768609,0.09805246734227101,0.19753435765590693,0.0035620189512528292,0.005196368849486822
4.374999999999929,0.3011986485809496,0.09880620058632489,0.19848316137654226,0.002272160837246502,0.005196368849486822
4.379999999999929,0.30026916553158745,0.09989079142011578,0.19888231040597604,0.0011548188714705706,0.005196368849486822
4.384999999999929,0.29896245236938096,0.10129113816358387,0.1989203794400224,0.001977150322254804,0.004291582912667499
4.389999999999929,0.298061836732986,0.10209869199189942,0.1985080453117422,0.003222873518815094,0.004291582912667499
4.3949999999999285,0.29759474465431013,0.10240733013119675,0.1975071639845357,0.00421837919567853,0.004291582912667499
4.399999999999928,0.2975238238719846,0.10225571952143359,0.19594689308757582,0.0052580789666826526,0.004291582912667499
4.404999999999928,0.2978074992316593,0.10167523739388551,0.19385376070513524,0.006737190617370617,0.007511401316198633
4.409999999999928,0.2985512402714382,0.10075094206994625,0.19215246813701425,0.008015396127709115,0.007511401316198633
4.414999999999928,0.29962918643676356,0.09946944174719138,0.19102839483492365,0.008994926013944101,0.007511401316198633
4.419999999999928,0.30062215146389215,0.09827907277755771,0.1909297422732299,0.009253012384029273,0.007511401316198633
4.424999999999928,0.3013594846842225,0.09765068920629907,0.1917911574585742,0.008645956030535754,0.011812805114800902
4.429999999999928,0.3016876303492808,0.09751602631429881,0.19295789355142612,0.007655683163514258,0.011812805114800902
4.434999999999928,0.30164311806757926,0.09783905054571038,0.19442959707719976,0.006196686876899761,0.011812805114800902
4.439999999999928,0.3012507125325457,0.0985827347799838,0.19619368917865115,0.004249814656152889,0.011812805114800902
4.4449999999999275,0.30052865125467815,0.09970987358043694,0.19823682673663778,0.0018634445108552825,0.0038175144237313392
4.449999999999927,0.2996134668763391,0.10103701537216109,0.20022859786019936,0.0011300733248215129,0.0038175144237313392
4.454999999999927,0.29891638421272493,0.10177495746407951,0.20097483628954255,0.002296737461080903,0.0038175144237313392
4.459999999999927,0.2984687896156146,0.10200873148305406,0.20048454721153186,0.002571846304207427,0.0038175144237313392
4.464999999999927,0.29836409654204943,0.10182290705126787,0.1992850414666737,0.002551535997330395,0.004555370103615391
4.469999999999927,0.2986250486088134,0.10121039151689923,0.19754316528728733,0.003064567793000765,0.004555370103615391
4.474999999999927,0.2992107148052989,0.10019924329902326,0.1952842062966264,0.004785538555226371,0.004555370103615391
4.479999999999927,0.29984627960454335,0.09954711624866319,0.19277801709486697,0.007237801512492458,0.004555370103615391
4.484999999999927,0.3004851055338371,0.09948720883776295,0.19082414844138001,0.009202963326062798,0.005744094898396205
4.4899999999999265,0.30093986406305706,0.09953677945485229,0.18947098102099943,0.010581028229365397,0.005744094898396205
4.494999999999926,0.30132494197591875,0.09971208779013253,0.18917494616380687,0.010909635889277982,0.005744094898396205
4.499999999999926,0.3016202457748597,0.09990305342582621,0.18963856649702968,0.010487797635617826,0.005744094898396205
4.504999999999926,0.3017564593030172,0.0999790255365684,0.1904401146236396,0.009719927860865094,0.009015853343125638
4.509999999999926,0.30161164147278097,0.10030616584848706,0.19157507993774583,0.00858314649874627,0.009015853343125638
4.514999999999926,0.30130183469428407,0.10060854081519083,0.1930292898645454,0.0071172955037376705,0.009015853343125638
4.519999999999926,0.30090269848107676,0.10070912158348347,0.1947880734505689,0.005336843292112422,0.009015853343125638
4.524999999999926,0.3004395804542945,0.10055544401549635,0.1968362400057989,0.0032420867247894194,0.002838759354158189
4.529999999999926,0.30002387984469675,0.09989473713664213,0.19792019614458228,0.0020826028412531004,0.002838759354158189
4.5349999999999255,0.29974915102675054,0.09933087476331082,0.19810512876670264,0.0020251396940785533,0.002838759354158189
4.539999999999925,0.29958363492380313,0.09908147444104032,0.19767086698093173,0.002538091743742288,0.002838759354158189
4.544999999999925,0.29949246368938154,0.09918651693984441,0.19664724244747026,0.0034871666151478358,0.004247890683016366
4.549999999999925,0.29919564101655804,0.0994368428790206,0.1957618948405442,0.004350364888116794,0.004247890683016366
4.554999999999925,0.29877625998501645,0.0996495914689329,0.19500404795490864,0.00515556617645135,0.004247890683016366
4.559999999999925,0.29833353177108496,0.09969937721937759,0.1942789906392766,0.005966358899672176,0.004247890683016366
4.564999999999925,0.29806667876378623,0.09961439876220551,0.19324879461268668,0.0070331496144097685,0.006051434982448764
4.569999999999925,0.2978618682174139,0.09983257008719461,0.19195542090212891,0.008325556627476109,0.006051434982448764
4.574999999999925,0.2977902716446605,0.10012215532443261,0.1904234656820385,0.009828928266640941,0.006051434982448764
4.579999999999925,0.29789447676259206,0.10031507500465099,0.18865594234145455,0.011542103123877575,0.006051434982448764
4.5849999999999245,0.29822532787364475,0.10036094638043801,0.18681726823985015,0.013306545761604602,0.014364286690207513
4.589999999999924,0.29841366026179583,0.10023229169473996,0.18550435840430674,0.014584034368693866,0.014364286690207513
4.594999999999924,0.2984445320761615,0.1000286584210258,0.18469113922768127,0.015387706778900674,0.014364286690207513
4.599999999999924,0.2983059578786491,0.09984167513269213,0.18433873102804552,0.015753418399967155,0.014364286690207513
4.604999999999924,0.2981883072967201,0.09977343900278154,0.18500667354714384,0.015104085488982604,0.014570926749342534
4.609999999999924,0.29838602961851707,0.09930940375591606,0.18637271929309235,0.013739890939505481,0.014570926749342534
4.614999999999924,0.29872033617512445,0.09889022503346281,0.18823271954022194,0.011888567171872415,0.014570926749342534
4.619999999999924,0.2989613198569002,0.09871511968508903,0.18964554960045749,0.010485438328458274,0.014570926749342534
4.624999999999924,0.2990968576155806,0.09887014060545461,0.19062346002653266,0.009487452255058171,0.007850547114264835
4.6299999999999235,0.2989128903666407,0.099410900952171,0.19160576308597957,0.008484813398761285,0.007850547114264835
4.634999999999923,0.29856267681991244,0.10036083378035635,0.19225668406367108,0.007883846816806426,0.007850547114264835
4.639999999999923,0.2983257746992321,0.10121021297540356,0.1924082879519544,0.007867765732659272,0.007850547114264835
4.644999999999923,0.2984635974741675,0.10155650341730645,0.19251481060784167,0.007798159773045865,0.006447330797678559
4.649999999999923,0.2986712119921793,0.10132665491646904,0.19287321325380893,0.007369991869927972,0.006447330797678559
4.654999999999923,0.2989843832961808,0.10058165775585495,0.1933627477461201,0.00673965284830432,0.006447330797678559
4.659999999999923,0.2993583178557918,0.09958667949909598,0.1938847208945139,0.006162728969268265,0.006447330797678559
4.664999999999923,0.29962495450728577,0.09884984818445898,0.19439191192624025,0.00573708638277689,0.008111295681707506
4.669999999999923,0.29981530363682074,0.09873151850382508,0.19454848591785218,0.005600193196717946,0.008111295681707506
4.6749999999999226,0.29993482751709927,0.09918273791077091,0.19437915974743986,0.00568031776574331,0.008111295681707506
4.6799999999999224,0.2999345297586794,0.10013886609974441,0.19402711155946667,0.005974861209200898,0.008111295681707506
4.684999999999922,0.29975782296049963,0.10098050248350685,0.1941113862786892,0.005974596756052588,0.005811523600668087
4.689999999999922,0.29954080502043434,0.10148203967194787,0.19428795422907455,0.005919017528917538,0.005811523600668087
4.694999999999922,0.2993863200333061,0.10143729234481771,0.19456127370824677,0.005658812248396381,0.005811523600668087
4.699999999999922,0.2991970854436364,0.10112605346926787,0.19490867571960502,0.005275817579163475,0.005811523600668087
4.704999999999922,0.2989009841540747,0.10076457534019512,0.19531986444645658,0.004867861961885394,0.006485409794784315
4.709999999999922,0.29898792797645657,0.09999154702893001,0.19505922551212862,0.0050433732534445625,0.006485409794784315
4.714999999999922,0.2994154137319013,0.09883376511051065,0.19417539839966738,0.005968905152949682,0.006485409794784315
4.719999999999922,0.30006007367665477,0.097988819790706,0.19360009731321343,0.006708741244169493,0.006485409794784315
4.7249999999999215,0.3007723354680286,0.09777398758532292,0.1932903467108904,0.007111334657118231,0.01075486341836203
4.729999999999921,0.3010918357350725,0.09796728413914317,0.1933588389467895,0.007030580287432909,0.01075486341836203
4.734999999999921,0.30106055411253063,0.09854369434207377,0.19378963847186387,0.006466389371594252,0.01075486341836203
4.739999999999921,0.30070397610615823,0.0994735779276824,0.1945680019205831,0.005502663508797708,0.01075486341836203
4.744999999999921,0.30019173788925346,0.10033441787555533,0.19567908489909944,0.004338076306712104,0.005765782829272186
4.749999999999921,0.3000258021082919,0.1007302085110227,0.1964066130185879,0.0036669197177664533,0.005765782829272186
4.754999999999921,0.30018227977492346,0.10069587486210704,0.19677742770910064,0.003301884296902457,0.005765782829272186
4.759999999999921,0.30061443010135847,0.10041079418201138,0.19693240638303466,0.003155377443076552,0.005765782829272186
4.764999999999921,0.30114046978124787,0.10013327337869662,0.19721804615868432,0.0030096013507805155,0.010117341566800811
4.7699999999999205,0.30148115096126415,0.09982856860993432,0.1975594744197571,0.002859958391196208,0.010117341566800811
4.77499999999992,0.3015853778099886,0.0996848320672819,0.19796468222055133,0.002599090627422995,0.010117341566800811
4.77999999999992,0.30144940319920255,0.0997503372420026,0.19842556719639576,0.0021545161358538555,0.010117341566800811
4.78499999999992,0.3011158656309135,0.09994351857818463,0.19893480017366236,0.0015436958661906562,0.0044221257494625995
4.78999999999992,0.3004967682195378,0.10052056219716157,0.19947746704434163,0.0008892718115433141,0.0044221257494625995
4.79499999999992,0.2997732440298591,0.10102715264913878,0.20005023567159017,0.0010530833097753694,0.0044221257494625995
4.79999999999992,0.2990219389656554,0.10115638328372142,0.20009348923266485,0.0015174208125625019,0.0044221257494625995
4.80499999999992,0.2986274363914776,0.10097376088444983,0.1997994672311046,0.0016948022040714304,0.0030998588734765195
4.80999999999992,0.2986091914371097,0.10036278784843064,0.1992095306680558,0.001640367411991066,0.0030998588734765195
4.81499999999992,0.2989297838304063,0.09935306184001048,0.19833010994051192,0.002086246496291255,0.0030998588734765195
4.8199999999999195,0.2995532689616713,0.09797045907996828,0.1971822584987215,0.003501181534099126,0.0030998588734765195
4.824999999999919,0.300255593800569,0.09674805031993669,0.19578406388043793,0.005330536771919074,0.004242330532077559
4.829999999999919,0.30083703656868155,0.0961849993919167,0.19416166537307525,0.007024315701400023,0.004242330532077559
4.834999999999919,0.3011137245295483,0.09614522961646114,0.1928126602999951,0.008231493728406317,0.004242330532077559
4.839999999999919,0.30118750343830697,0.09661747814681688,0.19255710159001868,0.008261256275201422,0.004242330532077559
4.844999999999919,0.3010774114698408,0.0975639415483703,0.19331923863558434,0.00719220193427369,0.010440047097562917
4.849999999999919,0.3006458674557975,0.09888999043014635,0.1941171994157904,0.0060213460894721965,0.010440047097562917
4.854999999999919,0.2999135724182108,0.10056344596399674,0.1949501657290894,0.005081905867379025,0.010440047097562917
4.859999999999919,0.29906252277370654,0.1021285704117795,0.19581199269908559,0.004790519877866548,0.010440047097562917
4.8649999999999185,0.29831954211328854,0.10304311820158032,0.19669751849108214,0.004794881772738994,0.0058932501517788395
4.869999999999918,0.29799419351717316,0.10344876577275663,0.1968745635149246,0.0050680961143340884,0.0058932501517788395
4.874999999999918,0.29809780110044826,0.10340412259430082,0.1967150973570346,0.005098725003787344,0.0058932501517788395
4.879999999999918,0.29868034857634496,0.10297667379037367,0.1968157220620608,0.004554304855880719,0.0058932501517788395
4.884999999999918,0.2995882847845558,0.10214579199630663,0.19671678469325707,0.00394378440846771,0.006136178627392825
4.889999999999918,0.30075029831196287,0.10092093283456606,0.19625894731325555,0.003925116564856918,0.006136178627392825
4.894999999999918,0.3019855058888188,0.09926610614343537,0.1958668254648795,0.004643701709305429,0.006136178627392825
4.899999999999918,0.3028658268485983,0.09791001835852153,0.19588146243735552,0.005435378408425457,0.006136178627392825
4.904999999999918,0.3033430129488373,0.09707241722065243,0.19627243978315903,0.0058001018677435335,0.006038007990147566
4.9099999999999175,0.30343876316330354,0.09675068155530273,0.1970322346157204,0.005584871871804378,0.006038007990147566
4.914999999999917,0.3031807368334262,0.09690341032139371,0.19814306380263694,0.004811877646225287,0.006038007990147566
4.919999999999917,0.30245615929836,0.09743952551896663,0.19868738792472812,0.0037830805604815066,0.006038007990147566
4.924999999999917,0.3013243365543681,0.09833477799702975,0.19879204712072163,0.002446626613721177,0.005082379022670367
4.929999999999917,0.2999982610325138,0.09950040322075962,0.19900879605629457,0.0011099933440577505,0.005082379022670367
4.934999999999917,0.29882569822765415,0.10004870875954619,0.19932416802000694,0.001355767701699843,0.005082379022670367
4.939999999999917,0.29809833541982783,0.10017065135795411,0.19900032545918991,0.002155179632651721,0.005082379022670367
4.944999999999917,0.29778031814801004,0.09990006844405183,0.19806932819225995,0.0029435467499481054,0.002679131280557786
4.949999999999917,0.2979794656968201,0.09926334403388098,0.19746819458640932,0.003321936112424876,0.002679131280557786
4.954999999999917,0.29864778222786426,0.09828435736037315,0.19716334639883853,0.003580296946227771,0.002679131280557786
4.9599999999999165,0.2995707137346639,0.09743524319187483,0.19711760391305036,0.003882070502256927,0.002679131280557786
4.964999999999916,0.3005365304777183,0.09721342692577925,0.19730630955984846,0.00391264905643946,0.0035776836810391985
4.969999999999916,0.3011408642978907,0.09741962317524053,0.19769982771085617,0.0036401522583132035,0.0035776836810391985
4.974999999999916,0.3013585688805549,0.09800326691542906,0.1984433055073966,0.0028733169260515266,0.0035776836810391985
4.979999999999916,0.3012222299956002,0.09893758513652398,0.19951029250752206,0.001691858425657646,0.0035776836810391985
4.984999999999916,0.3007524576034957,0.10019276621228997,0.2008869943495058,0.0011790293608364305,0.003961686614913523
4.989999999999916,0.2999821189173506,0.10132967154559902,0.20166758182273867,0.002132879576492955,0.003961686614913523
4.994999999999916,0.29916549713533974,0.10179098877806166,0.20191205749762223,0.0027495453639615136,0.003961686614913523
4.999999999999916,0.298472479292102,0.1017160362040016,0.20128038080596955,0.002630109270505034,0.003961686614913523
