time_s,ee_x,ee_y,ee_z,error_true_m,error_measured_m
0.005,0.3913614999999999,-0.0009794652485835562,0.24634517669302677,0.14384592968467252,0.14455875007807859
0.01,0.39138777521394646,-0.0009794878118838338,0.24623686254200583,0.14382777852359935,0.14455875007807859
0.015,0.39142518101422014,-0.0009795091926832178,0.24608425199476955,0.14380258440721966,0.14455875007807859
0.02,0.3914581011243018,-0.0009795133515549436,0.24595198998169557,0.14378119404587558,0.14455875007807859
0.025,0.391477870188091,-0.000979495787804888,0.24587186176051828,0.14376817104312287,0.13894341175795008
0.030000000000000002,0.39148402973386065,-0.000979465138068505,0.24584634487157256,0.14376392946076377,0.13894341175795008
0.035,0.3914776530727935,-0.0009794285091421612,0.24587055691229695,0.1437675693095755,0.13894341175795008
0.04,0.3914639596301399,-0.0009793951831562,0.24592318662280363,0.14377563504423393,0.13894341175795008
0.045,0.39144954588926917,-0.000979372613147678,0.2459780764255974,0.14378399301903028,0.14245916147344612
0.049999999999999996,0.3912591067751751,-0.00044287513603389803,0.24555529142940186,0.14315124977524102,0.14245916147344612
0.05499999999999999,0.39090365727412035,0.0005944283455385046,0.24469319222056024,0.14192400787965706,0.14245916147344612
0.05999999999999999,0.39038777693570964,0.002099028745598803,0.24342622137939213,0.14014416539844485,0.14245916147344612
0.06499999999999999,0.3897161625230628,0.003247294050367365,0.2423667463804229,0.1385821674145118,0.13787248691094853
0.06999999999999999,0.3889451029162458,0.003780663319604994,0.24196199858865383,0.13758706846775592,0.13787248691094853
0.075,0.3884165823066454,0.003746786086717627,0.24195245760096928,0.13726682743541874,0.13787248691094853
0.08,0.38819600126803677,0.0031838115076368557,0.24205508532724052,0.137551950897622,0.13787248691094853
0.085,0.3882541327581216,0.0023995821797709164,0.24200975541208575,0.13812839337860525,0.13853378481874348
0.09000000000000001,0.38856660143299815,0.001756472246015179,0.24170358364639027,0.13869038367490016,0.13853378481874348
0.09500000000000001,0.3889372439914351,0.001463958678064022,0.2414873610927661,0.13906971610897859,0.13853378481874348
0.10000000000000002,0.3891787809520534,0.0015448274703866727,0.2417971811585346,0.13925975844704602,0.13853378481874348
0.10500000000000002,0.3892610984998782,0.001863271652137895,0.24277494393544244,0.1393845650884892,0.13800122359979838
0.11000000000000003,0.3891340405524265,0.002696897373712533,0.2432189677912007,0.13885478077056004,0.13800122359979838
0.11500000000000003,0.3888152047428345,0.004010428329387332,0.2431711767358412,0.13771669820242038,0.13800122359979838
0.12000000000000004,0.38831471873801016,0.00577083181469033,0.24266937849966827,0.13601213748859758,0.13800122359979838
0.12500000000000003,0.38765398391462014,0.007317028546262351,0.24233000420717707,0.13440678312413576,0.1379496934621783
0.13000000000000003,0.3868613580977607,0.008198364516474394,0.24213023294878938,0.1332193391980188,0.1379496934621783
0.13500000000000004,0.38595251698437016,0.008477847121450749,0.24205832991792448,0.13241239654563303,0.1379496934621783
0.14000000000000004,0.38503309110265443,0.008199350199874953,0.24192444888917053,0.13196834961784662,0.1379496934621783
0.14500000000000005,0.3844409033240969,0.007412014949281084,0.24157974840572427,0.1320290748563549,0.132016320123088
0.15000000000000005,0.3841695392192287,0.006147954180419698,0.24087763439456653,0.13252810581379984,0.132016320123088
0.15500000000000005,0.38418313863382647,0.004819580417872125,0.23983731067442468,0.1331657779755842,0.132016320123088
0.16000000000000006,0.3844463078242172,0.004141410070823673,0.23846049464535815,0.1334138591628248,0.132016320123088
0.16500000000000006,0.38494333488471333,0.004051849501439013,0.2370565965114529,0.13339643574864993,0.13227776724223908
0.17000000000000007,0.3853399628698976,0.0045079974337755985,0.2359273910840797,0.13301281609999735,0.13227776724223908
0.17500000000000007,0.3855573782446662,0.005470370535766653,0.23522689438879976,0.13227565878507574,0.13227776724223908
0.18000000000000008,0.38560903428497617,0.006904664788463073,0.2349258674307844,0.13120771473182277,0.13227776724223908
0.18500000000000008,0.3855219837482915,0.008779779035472115,0.23559131162238728,0.130007230106876,0.1308431594556444
0.19000000000000009,0.38521748399403305,0.011061045996317295,0.2363264304592131,0.1284202735842379,0.1308431594556444
0.1950000000000001,0.3847474146036679,0.012626089331183529,0.23712661056090906,0.12725843688852112,0.1308431594556444
0.2000000000000001,0.3841344030261937,0.013522039022029511,0.23798617059039073,0.12649104578429118,0.1308431594556444
0.2050000000000001,0.3833935870463029,0.013812294896878763,0.2388991381733848,0.12607915696904057,0.12810168278499048
0.2100000000000001,0.38253548058915576,0.013537164047777238,0.23985956143908008,0.12600282613933583,0.12810168278499048
0.2150000000000001,0.38156410323694817,0.012734966618942283,0.24072912077376865,0.1262012292604509,0.12810168278499048
0.2200000000000001,0.380881317051075,0.011460201615844419,0.24031159919139322,0.12651524957565774,0.12810168278499048
0.22500000000000012,0.3804931677449712,0.009743752699820769,0.23904169010060938,0.12708105207403347,0.1273328115577917
0.23000000000000012,0.3803774079428566,0.008713121019849522,0.2374755947619081,0.12727231507404815,0.1273328115577917
0.23500000000000013,0.3805123955192927,0.008298592388904088,0.2356286898687823,0.12712512549404723,0.1273328115577917
0.24000000000000013,0.38087100714174643,0.008457333668599406,0.2334998528694431,0.12665867399217823,0.1273328115577917
0.24500000000000013,0.3814253907781807,0.00915136806642294,0.23110242448862967,0.12590047258311982,0.12460479990785049
0.2500000000000001,0.38177003032080997,0.010328358259217981,0.22921250526471357,0.12482272090847188,0.12460479990785049
0.2550000000000001,0.3819493878790448,0.011961985659057095,0.22822172702005322,0.1235429480741034,0.12460479990785049
0.2600000000000001,0.38198941163713723,0.014024795272603278,0.228251358273567,0.12211526805777875,0.12460479990785049
0.2650000000000001,0.3818968380247146,0.01648881721561456,0.22921343220374701,0.12055967132344172,0.12209725117234127
0.27000000000000013,0.38162817723236847,0.01822346121382045,0.23022206292326314,0.11943171564314131,0.12209725117234127
0.27500000000000013,0.3812086038244667,0.019273991906302093,0.23127259153511195,0.11869920260551427,0.12209725117234127
0.28000000000000014,0.3806549637134743,0.01970372984610843,0.23236041301822594,0.11832121746736196,0.12209725117234127
0.28500000000000014,0.3799793997176659,0.019553792386206664,0.2334810515225809,0.11827627619137085,0.11847028645699269
0.29000000000000015,0.3791594660841167,0.018867711946243006,0.23405709824251872,0.11835774235875234,0.11847028645699269
0.29500000000000015,0.3782108632475504,0.01767863703159554,0.23412911913614234,0.1185687256569447,0.11847028645699269
0.30000000000000016,0.3775298932789351,0.016043353865893874,0.2329803605423508,0.11894245231806026,0.11847028645699269
0.30500000000000016,0.3771532590375635,0.013992272484718671,0.23137769814058437,0.11972683288662526,0.12129518768270775
0.31000000000000016,0.3770221160461774,0.012638725950537957,0.22950410619855183,0.1201452905708395,0.12129518768270775
0.31500000000000017,0.37711322422606397,0.011942822065821054,0.22736117889983992,0.12020461741156169,0.12129518768270775
0.3200000000000002,0.3774028869428246,0.011846046517679308,0.22496383764679645,0.11993964987318605,0.12129518768270775
0.3250000000000002,0.37788191534265847,0.012311237232634647,0.22247804556171785,0.11941597206984904,0.11633816309419442
0.3300000000000002,0.3782194443127388,0.013287658812466099,0.22110203748125368,0.11867016292513115,0.11633816309419442
0.3350000000000002,0.37843469419222997,0.014735300152514813,0.22076570386748748,0.11769997769847945,0.11633816309419442
0.3400000000000002,0.37853099012456437,0.016618615061244332,0.22139308897211155,0.11652139726255457,0.11633816309419442
0.3450000000000002,0.3785080030728211,0.018906658046457636,0.22291016537123448,0.11517166462725785,0.1148845854055077
0.3500000000000002,0.3783071146556534,0.020477118109432615,0.2244329073782681,0.11424911340062911,0.1148845854055077
0.3550000000000002,0.3779517693777624,0.021372850374943513,0.22595906367690638,0.11372150189944978,0.1148845854055077
0.3600000000000002,0.37745747211412717,0.021655639051078326,0.22748648208062738,0.11354737150623243,0.1148845854055077
0.3650000000000002,0.37683556714112904,0.021365527542312288,0.22901306867986418,0.11370506932771429,0.11355465501391436
0.3700000000000002,0.3760513345659072,0.020525225536060315,0.22994785464179857,0.11400403178395022,0.11355465501391436
0.3750000000000002,0.37512435734372684,0.019188102769366423,0.23034960162797702,0.11443482913562354,0.11355465501391436
0.3800000000000002,0.37432757907270436,0.01741685801804718,0.2297436856920996,0.11501848194516788,0.11355465501391436
0.38500000000000023,0.3738025064508793,0.015664103240695885,0.22843902217774933,0.1156206358011173,0.11538877956646278
0.39000000000000024,0.373530054123376,0.014618495758739145,0.22685643466058655,0.11583582437469594,0.11538877956646278
0.39500000000000024,0.37348796718920046,0.014196088180463898,0.22499349758105097,0.11570422432422134,0.11538877956646278
0.40000000000000024,0.37365124940463346,0.014344323859497098,0.22286215284954836,0.11525658083973492,0.11538877956646278
0.40500000000000025,0.3739925709756166,0.01502259375190505,0.22047546171968632,0.11452207064522442,0.11631003026442306
0.41000000000000025,0.3742036404125063,0.016189486412498132,0.2192004575270413,0.11357394070611926,0.11631003026442306
0.41500000000000026,0.3743015275280558,0.017812988971468616,0.21896754095973392,0.11240635829376182,0.11631003026442306
0.42000000000000026,0.3742938129700447,0.01986227594837609,0.21968702596588538,0.11103695084602987,0.11631003026442306
0.42500000000000027,0.37417159676987244,0.022306952502242662,0.22129842235759048,0.10950460351877286,0.10959889274693045
0.43000000000000027,0.3738855375208624,0.023989037282019565,0.22290461871733647,0.10844980713052255,0.10959889274693045
0.4350000000000003,0.37345682509128497,0.024985567823961146,0.2245107256420368,0.10781394092919695,0.10959889274693045
0.4400000000000003,0.37289930957595796,0.02537358616680169,0.22611759729877917,0.10754320000314445,0.10959889274693045
0.4450000000000003,0.3722238667918225,0.02519578530539552,0.22772323793623997,0.1076128960306746,0.10959009097661768
0.4500000000000003,0.37138618197351203,0.024499924836067166,0.22874066560323222,0.10780665186263647,0.10959009097661768
0.4550000000000003,0.3704864017422874,0.023310979923574594,0.22906990071771294,0.10814156351096099,0.10959009097661768
0.4600000000000003,0.3698390500610011,0.021668888880208865,0.2281516513490871,0.10865436648549677,0.10959009097661768
0.4650000000000003,0.36947790132783753,0.01959363854667276,0.22656974061997132,0.10953681048714352,0.10658969964132796
0.4700000000000003,0.369342581492181,0.018227262534480836,0.2247225849348623,0.11002899802536588,0.10658969964132796
0.4750000000000003,0.3694109874907281,0.017528809114114433,0.22261233794500238,0.11013945858734363,0.10658969964132796
0.4800000000000003,0.36966117428273554,0.017436046815969844,0.22025395474647774,0.10990772607372398,0.10658969964132796
0.4850000000000003,0.37006807474235937,0.017906225519208112,0.21765966494030084,0.10936538150807901,0.10822202675209697
0.4900000000000003,0.37034379186101346,0.01885055561241365,0.2161860208364518,0.10860694567253794,0.10822202675209697
0.49500000000000033,0.3705076462410297,0.020256951638565973,0.2157670724156167,0.1076052160119736,0.10822202675209697
0.5000000000000003,0.3705622685425599,0.022110605248282,0.21632962384166177,0.10635999328446513,0.10822202675209697
0.5050000000000003,0.3705068412922228,0.024386436822122205,0.21779933695058146,0.10490682533249182,0.10663732489192469
0.5100000000000003,0.3702873320841482,0.025962254133287087,0.21928315715009722,0.10389291127986858,0.10663732489192469
0.5150000000000003,0.36992579776762335,0.026884026628948374,0.22077814907058638,0.10328259405260115,0.10663732489192469
0.5200000000000004,0.3694392505873809,0.027183420025095655,0.2222743596002179,0.10305440765429949,0.10663732489192469
0.5250000000000004,0.3688401481566055,0.02688205943197202,0.22376525248526455,0.10319877158581608,0.10283100974166345
0.5300000000000004,0.3680714565284677,0.026016755302685712,0.22466111365553526,0.10351528494179484,0.10283100974166345
0.5350000000000004,0.3671536724050793,0.024640102410891686,0.22501974348440246,0.10399383369294019,0.10283100974166345
0.5400000000000004,0.3664720873190912,0.022844055282399824,0.22413264698887614,0.10466118119203496,0.10283100974166345
0.5450000000000004,0.3660249173553569,0.021277157570755496,0.2225692977738536,0.10519481372161958,0.1024227291740059
0.5500000000000004,0.3658052214195167,0.02036549613746732,0.22073895584838368,0.10536643517356256,0.1024227291740059
0.5550000000000004,0.3657874099500147,0.020071557229361787,0.2186486756874237,0.10518703521140421,0.1024227291740059
0.5600000000000004,0.36594573324676516,0.02036501298475929,0.216315709780487,0.10467460664369437,0.1024227291740059
0.5650000000000004,0.36625357205581244,0.021205566102074667,0.21375260538843543,0.10386160396613987,0.10366201722434829
0.5700000000000004,0.3664393856061865,0.022546448617280904,0.21232538496584286,0.10278696267561989,0.10366201722434829
0.5750000000000004,0.366521135568067,0.024353651665109458,0.21196118027426386,0.10144210825501501,0.10366201722434829
0.5800000000000004,0.36650670550422876,0.026583570162516064,0.21256523070054972,0.09985489006386444,0.10366201722434829
0.5850000000000004,0.3663906908336983,0.029164447822687546,0.2140669315511558,0.09809830704403298,0.0982647431550301
0.5900000000000004,0.3661274416454199,0.030968014673891767,0.2155686275363966,0.09685368191245743,0.0982647431550301
0.5950000000000004,0.36574018458324775,0.03204730083487836,0.21706922360188174,0.09607652984593087,0.0982647431550301
0.6000000000000004,0.36524288933247295,0.0324716048286215,0.21856709791643417,0.09571549450276912,0.0982647431550301
0.6050000000000004,0.3646446704597379,0.03229587207783063,0.22006230335399207,0.09573546037084267,0.09867133367782026
0.6100000000000004,0.3638756951040607,0.03155698156438494,0.2209642748891213,0.09593775075136748,0.09867133367782026
0.6150000000000004,0.36295445662294634,0.030338409793109325,0.22133743539157494,0.0962875220780597,0.09867133367782026
0.6200000000000004,0.3622628829316833,0.028713939534117904,0.22046756608975976,0.09683640983301985,0.09867133367782026
0.6250000000000004,0.3618688091889159,0.02671866338147894,0.2190920132575806,0.09778756985056493,0.09612097443421477
0.6300000000000004,0.3616753592659282,0.025463579995779473,0.21745258449781857,0.09830625897307038,0.09612097443421477
0.6350000000000005,0.36166393541378083,0.024878813027163386,0.2155493798178839,0.09842467615208916,0.09612097443421477
0.6400000000000005,0.36181350752378694,0.024912228307739485,0.21339680984490633,0.09817615639310232,0.09612097443421477
0.6450000000000005,0.36210342639767334,0.02547966903432047,0.2109996105587673,0.09762738719237646,0.09854155114181652
0.6500000000000005,0.3622808716534545,0.026509883152976914,0.20972034715329282,0.09682039762820492,0.09854155114181652
0.6550000000000005,0.3623634296066258,0.02797278813847446,0.20948816229362527,0.09574519217462481,0.09854155114181652
0.6600000000000005,0.3623579447138867,0.02983957197116239,0.2102125080268555,0.09442083589085856,0.09854155114181652
0.6650000000000005,0.36223699674244014,0.03207970326140736,0.21172275551283326,0.09286567433336523,0.09567232052809001
0.6700000000000005,0.3619810802064526,0.0335661340293617,0.21323332876506024,0.09181630487864133,0.09567232052809001
0.6750000000000005,0.3616103298542823,0.034350851040978174,0.2147422469739991,0.09123035322544627,0.09567232052809001
0.6800000000000005,0.3611346062157259,0.034515166118391755,0.21625024712204277,0.0910481964521053,0.09567232052809001
0.6850000000000005,0.3605577757962345,0.03414296571537171,0.21776440017612925,0.0912138535956648,0.09054064418740888
0.6900000000000005,0.3598002000369614,0.03326073760566044,0.21869171188390904,0.091540008534805,0.09054064418740888
0.6950000000000005,0.35888550869777447,0.03190734653114931,0.21908611228769087,0.09202386795436825,0.09054064418740888
0.7000000000000005,0.3581923816888177,0.030158754669676217,0.21823514064472263,0.09271824626383057,0.09054064418740888
0.7050000000000005,0.3577287072456488,0.02880105979937159,0.21689405524400693,0.09320569633093272,0.09524571231930361
0.7100000000000005,0.35746552770058154,0.028139642765241495,0.2152912692176529,0.09327390165582307,0.09524571231930361
0.7150000000000005,0.3573811051076566,0.028103847095604997,0.21342678833750708,0.09296196357052865,0.09524571231930361
0.7200000000000005,0.35745197250562166,0.028642078989007495,0.21131382077680094,0.09230755427573263,0.09524571231930361
0.7250000000000005,0.357656670287017,0.029665712582011984,0.20895643798003669,0.09138611161698576,0.09651781938549732
0.7300000000000005,0.3577521407166159,0.031118111785628316,0.20771874179394698,0.0902197498123921,0.09651781938549732
0.7350000000000005,0.3577540741449058,0.032971121593647984,0.20752911048964615,0.08879803559490547,0.09651781938549732
0.7400000000000005,0.35766746320485476,0.035197654329465554,0.20829647734471624,0.08714190641257571,0.09651781938549732
0.7450000000000006,0.35747218542226555,0.03776936017460249,0.20990238158450383,0.08528635172953962,0.0850642450083537
0.7500000000000006,0.35715579929449387,0.03956095342332004,0.21150149558686818,0.08397587835101997,0.0850642450083537
0.7550000000000006,0.3567395600676767,0.040626768391767945,0.2130922427946171,0.08316228189312426,0.0850642450083537
0.7600000000000006,0.35623503674393314,0.04103700864754489,0.21467271425959808,0.08279071355269878,0.0850642450083537
0.7650000000000006,0.3556468795177192,0.04086735574015094,0.21624757403928635,0.08280838411286331,0.08392969997838565
0.7700000000000006,0.3548847117433723,0.04017045705768216,0.21722978834933784,0.0829986228705194,0.08392969997838565
0.7750000000000006,0.35403307752007196,0.03899410640441286,0.21755020359561156,0.08336247456699941,0.08392969997838565
0.7800000000000006,0.3534040139366334,0.03741524368844235,0.21662957900382324,0.08393678171675151,0.08392969997838565
0.7850000000000006,0.3530449284684842,0.035469620811288745,0.21504463200858862,0.08487800201901145,0.08502346335564315
0.7900000000000006,0.3528549856380152,0.03426495361523964,0.2132168275107253,0.08537816090458764,0.08502346335564315
0.7950000000000006,0.3528178151929864,0.03372628181069862,0.2111455769326392,0.08547602710442724,0.08502346335564315
0.8000000000000006,0.3529135082974524,0.03380418720701146,0.2088448052469578,0.08520537290291945,0.08502346335564315
0.8050000000000006,0.3531195735750796,0.03445341640296758,0.20632693930488408,0.08460540100377012,0.08432199738290493
0.8100000000000006,0.35321732764087316,0.035552938222073144,0.20494024047728962,0.08372522743485034,0.08432199738290493
0.8150000000000006,0.3532254753638995,0.037073399603295906,0.20461245020444252,0.08254685313255748,0.08432199738290493
0.8200000000000006,0.3531508854276441,0.038987393335725894,0.20525212778613328,0.0810872347536519,0.08432199738290493
0.8250000000000006,0.35298488633315084,0.04126648027218514,0.20679736850526861,0.07939287586396497,0.08078900313674528
0.8300000000000006,0.3527101513185531,0.04278428352969184,0.20833852303705647,0.07824020213211991,0.08078900313674528
0.8350000000000006,0.35234517426913986,0.043594563520454155,0.2098737911618251,0.07758274476726149,0.08078900313674528
0.8400000000000006,0.3518990024482572,0.043766795207099016,0.2114010568850169,0.07736707228853852,0.08078900313674528
0.8450000000000006,0.3513781432346731,0.04334696484659255,0.21291803081890004,0.07756388021865498,0.07706739489470268
0.8500000000000006,0.3506753342770516,0.042416461659350514,0.21384379958063132,0.07794552058167718,0.07706739489470268
0.8550000000000006,0.3498151345305745,0.041014480505979375,0.21423229472080815,0.07850730762991856,0.07706739489470268
0.8600000000000007,0.34916712270543737,0.03922851975800457,0.21337524909020564,0.07930621699564179,0.07706739489470268
0.8650000000000007,0.34873684081620776,0.037977329075930794,0.21222249447940966,0.07982155556363804,0.07896774842030334
0.8700000000000007,0.34847738056247546,0.03739933021803518,0.21080603968366393,0.07991039217144787,0.07896774842030334
0.8750000000000007,0.34836730715722486,0.037443408874777775,0.20912673872040166,0.07959912596580472,0.07896774842030334
0.8800000000000007,0.34838480655886295,0.03806315693830789,0.20719998934976158,0.07892465952301567,0.07896774842030334
0.8850000000000007,0.34850601021654715,0.0392160152337792,0.20503958253751503,0.07792896267332426,0.08192424777793574
0.8900000000000007,0.348519861111422,0.040780747466711016,0.20399249864426286,0.07666183430037125,0.08192424777793574
0.8950000000000007,0.34844005593792915,0.042730823635346235,0.2039869924720727,0.07511387148674929,0.08192424777793574
0.9000000000000007,0.34826947028826344,0.04503956817259323,0.2049319982238503,0.07331381476259871,0.08192424777793574
0.9050000000000007,0.34790994732141756,0.04766546827687722,0.20627462757562104,0.0712294687206938,0.06964159569206417
0.9100000000000007,0.34747057181438057,0.049502613626761414,0.20762393598921058,0.06972492824578586,0.06964159569206417
0.9150000000000007,0.34696983974132545,0.05060761224485924,0.20897739187206227,0.0687485809184782,0.06964159569206417
0.9200000000000007,0.3464159609568833,0.05105228350501076,0.21033219689784965,0.06824276279841471,0.06964159569206417
0.9250000000000007,0.34581479716162905,0.0508847276241586,0.2116854244229627,0.06817517703284003,0.0700516357958881
0.9300000000000007,0.3450507731795555,0.050184081718248015,0.21245456931806742,0.06831042508452496,0.0700516357958881
0.9350000000000007,0.3443567892310385,0.04902823292856584,0.2122502042994467,0.0686710513582652,0.0700516357958881
0.9400000000000007,0.34390947705580044,0.04748197710373862,0.21109460587314674,0.06934893787021228,0.0700516357958881
0.9450000000000007,0.3437699059389656,0.0455852744864495,0.20967761085322598,0.07050122814850404,0.07030156473026979
0.9500000000000007,0.34374769785325354,0.0444276468456015,0.20801379981730245,0.07117842713974894,0.07030156473026979
0.9550000000000007,0.34383133043228464,0.043933611679204884,0.20610340744157307,0.07142742476948306,0.07030156473026979
0.9600000000000007,0.3440048274470343,0.044053042846460076,0.20396127630250568,0.07128940007692652,0.07030156473026979
0.9650000000000007,0.3442493170978108,0.044739888831245064,0.20160069692050103,0.07081132805305285,0.0682613564502833
0.9700000000000008,0.34437878166980096,0.04586931977041076,0.20036685931622164,0.0699981527639966,0.0682613564502833
0.9750000000000008,0.3444114828574536,0.04741338793485789,0.20018688446015653,0.0688314354338851,0.0682613564502833
0.9800000000000008,0.3443200100551829,0.04933791666020073,0.20079340178456706,0.06731671015440399,0.0682613564502833
0.9850000000000008,0.34401165438127257,0.05159839014763583,0.20165724426264425,0.0654407213913717,0.07011309602387769
0.9900000000000008,0.34364090928151814,0.05309721038045373,0.20255611076053961,0.06411656836756986,0.07011309602387769
0.9950000000000008,0.3432225720497426,0.05388966136833032,0.20348563010852933,0.06329694843020417,0.07011309602387769
1.0000000000000007,0.34276155794554286,0.05404606506673778,0.20444132603900497,0.06292885149726843,0.07011309602387769
1.0050000000000006,0.3422612308616402,0.053613088263373576,0.2054187423945319,0.06298507746713278,0.06031985412741961
1.0100000000000005,0.34158712195728413,0.05266427675675325,0.205835255400253,0.06327882436674576,0.06031985412741961
1.0150000000000003,0.340761292159506,0.05124021562869903,0.20574287243051734,0.06381206856231485,0.06031985412741961
1.0200000000000002,0.34024061271123374,0.04971861057216721,0.20531141872174014,0.06461993657538309,0.06031985412741961
1.0250000000000001,0.339866074436056,0.048913125607622364,0.2045628783351723,0.06496146923234813,0.0639299204003929
1.03,0.3396188858809206,0.04874839437795142,0.20351629532149132,0.06487486053989908,0.0639299204003929
1.035,0.3394821477383609,0.04917541538451369,0.20219085966098477,0.06439548320670181,0.0639299204003929
1.0399999999999998,0.3394360184178005,0.05014916069789861,0.20060372909803711,0.06356626634148695,0.0639299204003929
1.0449999999999997,0.33945868611438307,0.05162813912035636,0.198770349106563,0.06243666291653277,0.06276198024229457
1.0499999999999996,0.33937772478645467,0.053489620446863013,0.19803554778786644,0.060972778254138854,0.06276198024229457
1.0549999999999995,0.33914324758828507,0.05569694688257406,0.1980210382314945,0.05915125220115342,0.06276198024229457
1.0599999999999994,0.338655437965358,0.05820281484161743,0.19810030285742117,0.056963641216931364,0.06276198024229457
1.0649999999999993,0.3381220540003743,0.06020220576513123,0.19845216086497564,0.0551321252370732,0.05895295285719169
1.0699999999999992,0.33757308936968955,0.06145830590022899,0.1988706353758157,0.053837484091637876,0.05895295285719169
1.074999999999999,0.3370182922158341,0.06202645824345429,0.1993488992629935,0.053035533034775255,0.05895295285719169
1.079999999999999,0.3364575690945098,0.06197653386750661,0.199880259478854,0.052677819419583355,0.05895295285719169
1.0849999999999989,0.3358903911918675,0.06135469656044673,0.2004582600434979,0.05274267399466862,0.055580449219297584
1.0899999999999987,0.33532521079610167,0.06026191306755645,0.20138045933232365,0.05318732686277493,0.055580449219297584
1.0949999999999986,0.33508581969305723,0.058802110723507994,0.20189693475347414,0.05414682987794167,0.055580449219297584
1.0999999999999985,0.3351349509212922,0.05699705606235263,0.20203350933983372,0.05556845439438861,0.055580449219297584
1.1049999999999984,0.33532403199614874,0.055510430392429595,0.2018146744962458,0.0568366262533159,0.05576018693295024
1.1099999999999983,0.3355666756822041,0.054729823881746846,0.20126330233163206,0.057584487473987776,0.05576018693295024
1.1149999999999982,0.33586117249162156,0.054583674122598375,0.2004008846983744,0.05786905094450373,0.05576018693295024
1.119999999999998,0.3361973006448694,0.05502444689683831,0.19924669528225303,0.05773744382035077,0.05576018693295024
1.124999999999998,0.3362450949955369,0.055944276231193205,0.1985699844809248,0.057067141617691865,0.05830581259423889
1.129999999999998,0.33602935616945084,0.05725266021496497,0.1980432329882204,0.05593995443170091,0.05830581259423889
1.1349999999999978,0.33557195007960006,0.05892214099643953,0.197657715037977,0.05438970887608494,0.05830581259423889
1.1399999999999977,0.33488602655062005,0.06092412875793961,0.19739032595312445,0.05244777364624343,0.05830581259423889
1.1449999999999976,0.333983763106964,0.06323143821715976,0.1972298618411588,0.05014476000448955,0.05247103661421012
1.1499999999999975,0.33310510513577674,0.06477194956530262,0.19716723394529673,0.04842507704692987,0.05247103661421012
1.1549999999999974,0.3322591782395683,0.06560430060951963,0.19719330327529305,0.047239774171316806,0.05247103661421012
1.1599999999999973,0.33144464707627214,0.06580101739430286,0.19729926070342474,0.0465363324055963,0.05247103661421012
1.1649999999999971,0.3306597483268802,0.06541058690105422,0.19747671470800562,0.04629054584536623,0.047639908369402025
1.169999999999997,0.33021995301080287,0.06460942393334235,0.19727919765602533,0.04661696257479667,0.047639908369402025
1.174999999999997,0.33009921912940426,0.06342554394401687,0.19674472410836344,0.04747894953683799,0.047639908369402025
1.1799999999999968,0.33026077020491196,0.0618821671665665,0.1959104504360997,0.04884063686058636,0.047639908369402025
1.1849999999999967,0.3306267009547228,0.06021011221811322,0.19478109748880423,0.05048234270006225,0.05085305540124224
1.1899999999999966,0.331004192552907,0.059253068163689374,0.1933752072827804,0.05162809592147287,0.05085305540124224
1.1949999999999965,0.33133985508936536,0.05892655126193949,0.1918468517003336,0.05230380995163602,0.05085305540124224
1.1999999999999964,0.33138996652733443,0.059130560552974706,0.19082322351051226,0.05234361762468524,0.05085305540124224
1.2049999999999963,0.3311830092774739,0.059827215646609394,0.19026603828458324,0.051778206621900774,0.05535961624745925
1.2099999999999962,0.3307369206063536,0.060923165391784634,0.18986017810877015,0.050740253047703354,0.05535961624745925
1.214999999999996,0.330071127474421,0.06238946441362976,0.1895915307602034,0.04926622906811819,0.05535961624745925
1.219999999999996,0.32919698781223866,0.06419622613378287,0.18943635533725298,0.04739161222127825,0.05535961624745925
1.2249999999999959,0.32812533887854634,0.06631521489497372,0.18938294907563066,0.04514887822455309,0.047298934898504286
1.2299999999999958,0.32703958373831465,0.06797531067446083,0.1894212702145281,0.04322764554093438,0.047298934898504286
1.2349999999999957,0.32601705850398927,0.06892047088955741,0.18954200480315156,0.04185921793899349,0.047298934898504286
1.2399999999999956,0.32516500359449435,0.06925269225230868,0.19027043626130655,0.040906463428014066,0.047298934898504286
1.2449999999999954,0.32466950506696,0.0690702531022481,0.1915783754301247,0.040449443553696604,0.04200045507756337
1.2499999999999953,0.32448271371982934,0.06846313509094232,0.19244498658293965,0.04063318037160316,0.04200045507756337
1.2549999999999952,0.32457865462759145,0.06745964180117936,0.1929098859695731,0.04139148332657859,0.04200045507756337
1.2599999999999951,0.32493362374671886,0.06608645195701897,0.1930012686761114,0.042670792987130036,0.04200045507756337
1.264999999999995,0.32546389153343247,0.0646246638967339,0.1927442215573701,0.044186768350423525,0.03964500126221454
1.269999999999995,0.3259789280640112,0.06385979328530085,0.1921608985622494,0.04519370261538213,0.03964500126221454
1.2749999999999948,0.32636252283650075,0.0636926609235358,0.19157712876277427,0.04565249435679559,0.03964500126221454
1.2799999999999947,0.32644647539613786,0.06403713272443881,0.1914406101765717,0.04545335012633902,0.03964500126221454
1.2849999999999946,0.32615422191009436,0.06483158319090354,0.19121371355036104,0.04469966100716994,0.04618761052654742
1.2899999999999945,0.3256236619476226,0.06601107769487174,0.19111555931943897,0.04348278023857831,0.04618761052654742
1.2949999999999944,0.3248732277185561,0.06754706817781453,0.19113324168354337,0.041838853283007404,0.04618761052654742
1.2999999999999943,0.3239136025377423,0.06940996063013424,0.1912441445358473,0.03980296345615721,0.04618761052654742
1.3049999999999942,0.32275519217758447,0.07157184971247652,0.19143765858323808,0.037406846837791885,0.042501111200913405
1.309999999999994,0.3215569851472279,0.07342249563140048,0.19170465816054744,0.035211930411922956,0.042501111200913405
1.314999999999994,0.3204430293027509,0.07454349972176173,0.19203698344356443,0.0336059590871492,0.042501111200913405
1.3199999999999938,0.31945748605037505,0.07500479097989722,0.1923189084730825,0.03259376327465197,0.042501111200913405
1.3249999999999937,0.3190106734770358,0.07499556773317931,0.1928092295729329,0.032223198450359966,0.03702334988715617
1.3299999999999936,0.31888057807114684,0.07455765997676586,0.19291248920256088,0.032465700415397626,0.03702334988715617
1.3349999999999935,0.31903834322103974,0.07371945628272297,0.19266482611231778,0.03327056156184255,0.03702334988715617
1.3399999999999934,0.3194578129006308,0.07250772676456944,0.1920913282267952,0.03459737937682294,0.03702334988715617
1.3449999999999933,0.3201110266241295,0.0709456418080356,0.19121454356759757,0.036411445543249946,0.032923021685504324
1.3499999999999932,0.32050083969173054,0.07002752422044671,0.19059889114677345,0.037510193015927805,0.032923021685504324
1.354999999999993,0.32058436066791374,0.06966985884779646,0.19041916790857177,0.03788701241828771,0.032923021685504324
1.359999999999993,0.32038601968448577,0.06983105545696207,0.19065373514738862,0.03759132453256069,0.032923021685504324
1.3649999999999929,0.31992309219168547,0.0704703366045667,0.19128099555857697,0.03667358260622416,0.039606575749628295
1.3699999999999928,0.3192285406078118,0.07149732522530641,0.19198292212444779,0.03530457167111494,0.039606575749628295
1.3749999999999927,0.318319747804606,0.07288254642480382,0.19274942343165488,0.03351925280492872,0.039606575749628295
1.3799999999999926,0.31720666359050875,0.07459544759031694,0.19356054835745,0.03135166809772669,0.039606575749628295
1.3849999999999925,0.3158991621531609,0.07660728316830681,0.19440825864279745,0.028831755571697943,0.02947107912274391
1.3899999999999924,0.3145969273653364,0.07847380610081324,0.19512130192004562,0.026462218486922883,0.02947107912274391
1.3949999999999922,0.3137036043995438,0.07970217433611335,0.1951381098988866,0.02496854972912999,0.02947107912274391
1.3999999999999921,0.31319285981818934,0.08034523047631398,0.194495672172363,0.02430347999866915,0.02947107912274391
1.404999999999992,0.3131481069111587,0.08050285385277714,0.1939550653936879,0.02428070545985055,0.024445549042286963
1.409999999999992,0.31338656121535635,0.08022365702122249,0.193104775411668,0.024856546117879377,0.024445549042286963
1.4149999999999918,0.31388505684449547,0.07953713472622265,0.1919626351753527,0.026002363202449735,0.024445549042286963
1.4199999999999917,0.3146175360743948,0.0784696149373496,0.19054972317791163,0.027686414969192642,0.024445549042286963
1.4249999999999916,0.31539927202907314,0.07699772087086826,0.18928901383186267,0.029681099185406092,0.027742588520670762
1.4299999999999915,0.31581385775674836,0.07613220312981751,0.1885117887499782,0.030850102468421257,0.027742588520670762
1.4349999999999914,0.3159076248348933,0.07581442966485574,0.18818189734894203,0.03126758530163257,0.027742588520670762
1.4399999999999913,0.31570683752125783,0.0760036838868196,0.18827688160459038,0.030983212177494866,0.027742588520670762
1.4449999999999912,0.3152304261702735,0.07665984390447446,0.18877436960853186,0.030045690965220032,0.027149805331622902
1.449999999999991,0.3145180239627017,0.0776947073905028,0.18935315640449385,0.028664514241899194,0.027149805331622902
1.454999999999991,0.3135873471369497,0.0790792478235116,0.19000265576696623,0.026874537494881535,0.027149805331622902
1.4599999999999909,0.3124485960748511,0.08078317819316022,0.19070250582516013,0.024712288087544887,0.027149805331622902
1.4649999999999908,0.31111204141474114,0.08277810035834038,0.1914442908746527,0.02220971522347528,0.019291631889835337
1.4699999999999906,0.30978273118019345,0.084402786220381,0.1922211181189258,0.019987143626610852,0.019291631889835337
1.4749999999999905,0.30887537507621454,0.08541647223346942,0.1922985729774336,0.018728682362744452,0.019291631889835337
1.4799999999999904,0.3083614293366532,0.08586995471570014,0.19171430533245915,0.01839087861990083,0.019291631889835337
1.4849999999999903,0.30835679645921166,0.08587536841004452,0.19141242306345052,0.018522627844175292,0.02061436889773607
1.4899999999999902,0.3086349592355123,0.08546185449138481,0.19079049961893446,0.019254482415725287,0.02061436889773607
1.4949999999999901,0.3091730623603157,0.08465771913538642,0.18986713818510187,0.020547640831850997,0.02061436889773607
1.49999999999999,0.309945291354469,0.0834880933199962,0.18866421940944167,0.02236183811612342,0.02061436889773607
1.50499999999999,0.31070150548949305,0.08271369983493726,0.18720049215938922,0.02402427510040949,0.02565631129352536
1.5099999999999898,0.3110864286100196,0.08246624096106506,0.18623318448364784,0.02489712462959869,0.02565631129352536
1.5149999999999897,0.31113457003386313,0.08270854826256999,0.18573846279980283,0.02502727305040409,0.02565631129352536
1.5199999999999896,0.3108767855807495,0.08340484447778886,0.18567929457084856,0.024470109426900883,0.02565631129352536
1.5249999999999895,0.31033163637490546,0.0845179562796231,0.1860326296017899,0.023270664446545745,0.026853627970625255
1.5299999999999894,0.309543344469909,0.08596425660969209,0.18647227309638206,0.021704306286283007,0.026853627970625255
1.5349999999999893,0.30852935013918414,0.08771752780916584,0.18698953280621114,0.019821230877926626,0.026853627970625255
1.5399999999999892,0.3072993526541079,0.08974979840890226,0.187563710091285,0.017692045911108803,0.026853627970625255
1.544999999999989,0.3058635453345129,0.09203498569169088,0.18818606401366467,0.015407520900868062,0.01776355526161488
1.549999999999989,0.30457780485776803,0.0935612824271877,0.18884982402908812,0.013665277365664688,0.01776355526161488
1.5549999999999888,0.30344175575761134,0.09439129441275504,0.18954829342931367,0.012350766425577473,0.01776355526161488
1.5599999999999887,0.30282579341407917,0.09474224277096027,0.19010720179176477,0.011554071831498853,0.01776355526161488
1.5649999999999886,0.30274556365998895,0.09467353944867585,0.19087011171702067,0.01092081324240772,0.015109856552422309
1.5699999999999885,0.30296054750862766,0.0942010861177577,0.19123721727659443,0.010916895383858887,0.015109856552422309
1.5749999999999884,0.3034533714415774,0.09335460339825925,0.1912478982636594,0.011518956337758488,0.015109856552422309
1.5799999999999883,0.3041999592825944,0.09215905172353982,0.1909276468400993,0.012705420878803482,0.015109856552422309
1.5849999999999882,0.30517431822055785,0.09063566363241154,0.19029948438002153,0.014441757785892385,0.015577801679762387
1.589999999999988,0.3057322824801456,0.08969868229209947,0.1901146606924234,0.015384932309802635,0.015577801679762387
1.594999999999988,0.30592298387437533,0.08929162938692684,0.1903389998138575,0.015591211106251023,0.015577801679762387
1.5999999999999879,0.3056874079424959,0.08934435234005095,0.19046274611212194,0.015389887844919098,0.015577801679762387
1.6049999999999878,0.3049876613765985,0.08979611818707704,0.19010572371707965,0.015062956988004477,0.013645764374906178
1.6099999999999877,0.3040584903145712,0.09062548814252744,0.1898802501077973,0.014379226477112704,0.013645764374906178
1.6149999999999876,0.30291845602598466,0.09180289838173816,0.18977218818804584,0.013428253608584644,0.013645764374906178
1.6199999999999875,0.3015784264302619,0.09329730538858269,0.1897578790736667,0.012341741616129658,0.013645764374906178
1.6249999999999873,0.3002075705543984,0.09513933470158217,0.19043983396493608,0.010726878730380363,0.013084682375916696
1.6299999999999872,0.29943340953271125,0.09642825042095099,0.19131909360253302,0.009404071229772914,0.013084682375916696
1.6349999999999871,0.29920468959709046,0.09720915084657912,0.19239118847460962,0.008143424983570478,0.013084682375916696
1.639999999999987,0.2994699969663516,0.09753864669026134,0.19363850193565127,0.0068416241458991835,0.013084682375916696
1.644999999999987,0.3001861782256444,0.09744827109567918,0.19504398357846556,0.0055774619230766305,0.009727473174746436
1.6499999999999868,0.3011336937330598,0.0969543649367805,0.1960096712954819,0.005146248885235952,0.009727473174746436
1.6549999999999867,0.3023029586940573,0.09608585193374693,0.19657646679033508,0.005687244804715693,0.009727473174746436
1.6599999999999866,0.3036767745678774,0.09486700474217089,0.19677140575352353,0.007091553592004177,0.009727473174746436
1.6649999999999865,0.3046968047207181,0.0937648311754449,0.19619048213319112,0.008686180474339673,0.00776549129677803
1.6699999999999864,0.30513910972894687,0.093158124635385,0.19516215275407825,0.009829876565143374,0.00776549129677803
1.6749999999999863,0.30506065180920705,0.09299639695623965,0.19371128652411346,0.010686840950926384,0.00776549129677803
1.6799999999999862,0.30449858829720766,0.09324426004831801,0.19187282680650256,0.011486002920060124,0.00776549129677803
1.684999999999986,0.3036685523309757,0.09393254326447664,0.19026486198439904,0.01204347207516813,0.01253232218586551
1.689999999999986,0.3026886346646097,0.09500317682151818,0.18928719253231271,0.01212275719778677,0.01253232218586551
1.6949999999999859,0.30165238036245556,0.09645782030477246,0.18935052206248795,0.011344107642166801,0.01253232218586551
1.6999999999999857,0.30055314046201803,0.09826363308399083,0.19038584521430468,0.009785341418726334,0.01253232218586551
1.7049999999999856,0.29959590015545673,0.10047530539843144,0.19174653243573309,0.00827701267007271,0.00838298029702516
1.7099999999999855,0.29912453243691844,0.10208364431283135,0.19342786425495856,0.006949891029912187,0.00838298029702516
1.7149999999999854,0.29916779077493405,0.10316411375064034,0.1952430966816657,0.005773414691606353,0.00838298029702516
1.7199999999999853,0.2994796330443782,0.1036921894620601,0.19715158094071017,0.0046921781647307845,0.00838298029702516
1.7249999999999852,0.29982985061739836,0.10362226252977998,0.19848375569144844,0.003930487686059168,0.004197896466577775
1.729999999999985,0.3004620779447694,0.10315890203786196,0.19940293104004894,0.003247871526829195,0.004197896466577775
1.734999999999985,0.30127515050077885,0.10229585610934391,0.19937818690676082,0.0026988174442470225,0.004197896466577775
1.739999999999985,0.30209722473376105,0.10099829638341021,0.19839663122120815,0.0028223640257474822,0.004197896466577775
1.7449999999999848,0.3027225983798869,0.09921974042269266,0.19698598991745153,0.004135892131553556,0.004656981457209183
1.7499999999999847,0.30284197570123467,0.09800111914537862,0.19535132677017092,0.005803663787221818,0.004656981457209183
1.7549999999999846,0.3026293001785402,0.09733208849659186,0.19392341479550523,0.007138337269026575,0.004656981457209183
1.7599999999999845,0.3021170538212339,0.09717194429272576,0.1926781343428881,0.008129546891816431,0.004656981457209183
1.7649999999999844,0.3014469041802548,0.09752517263202284,0.19227221941490188,0.008242384059211705,0.009709280753361475
1.7699999999999843,0.3008701311682712,0.09838611577182195,0.19239775590488162,0.007820221597481839,0.009709280753361475
1.7749999999999841,0.3004633907526002,0.09975253770404269,0.19275607781718765,0.007262945488447292,0.009709280753361475
1.779999999999984,0.3001997792748877,0.10158550366970245,0.19332639027488552,0.006862273705446129,0.009709280753361475
1.784999999999984,0.3000675462073609,0.10334097989743082,0.19448957502836475,0.006444493194440282,0.009086225027214043
1.7899999999999838,0.30026346929435604,0.10449252539153114,0.1952151475096442,0.0065686386578258935,0.009086225027214043
1.7949999999999837,0.3006855804380015,0.10507240257888771,0.19575477839835764,0.006649901871932243,0.009086225027214043
1.7999999999999836,0.30111066333474557,0.10503646988831525,0.1966428005019643,0.006153892300704122,0.009086225027214043
1.8049999999999835,0.30154128507577416,0.1044323946533621,0.19785183396609218,0.005161036655284706,0.005495334010410333
1.8099999999999834,0.3018152406775026,0.10329712020004692,0.19848061468439182,0.004058895424632581,0.005495334010410333
1.8149999999999833,0.30194721045484907,0.10167454835719639,0.1985872924271895,0.0029311232390226813,0.005495334010410333
1.8199999999999832,0.30188378702295443,0.09976318129838677,0.19820958415333295,0.0026096600447724724,0.005495334010410333
1.824999999999983,0.30149541326648577,0.09847513069534874,0.19797249908829992,0.0029448679394488966,0.0056194268574614225
1.829999999999983,0.3011237143730007,0.09786368736446602,0.19713236806510956,0.0037483167666079197,0.0056194268574614225
1.8349999999999829,0.3008323618251638,0.09789901797831628,0.19619391705771236,0.0044264228251491445,0.0056194268574614225
1.8399999999999828,0.3006784610551092,0.09855522248551146,0.1955897180794747,0.004690232199815274,0.0056194268574614225
1.8449999999999827,0.3006411731485346,0.09978261593332267,0.19527317527122756,0.00477506343993268,0.003846447145834843
1.8499999999999825,0.3007198555635994,0.10148658205260166,0.19520767675268608,0.005068972315796171,0.003846447145834843
1.8549999999999824,0.3009979510892427,0.1030607894150169,0.19562573567944586,0.005431254603282126,0.003846447145834843
1.8599999999999823,0.3014190756319837,0.10397863735149324,0.19688652509490417,0.005247576279450222,0.003846447145834843
1.8649999999999822,0.30180981805886065,0.10424153028222755,0.19831741930318808,0.004908879540436444,0.0032425787281804017
1.8699999999999821,0.3020683534669666,0.10385573512708193,0.1991414919163409,0.004458902955238461,0.0032425787281804017
1.874999999999982,0.30221145850429865,0.10287504661749164,0.19940443745217967,0.0036757497898185607,0.0032425787281804017
1.879999999999982,0.30224808479885573,0.10134890146012215,0.19914831788615409,0.0027565889855056362,0.0032425787281804017
1.8849999999999818,0.30218106280039536,0.09932282565259357,0.19841184428822872,0.002781697072092073,0.006061996718574011
1.8899999999999817,0.3016531927473328,0.09788067814962023,0.19739990592721324,0.0037396604862837404,0.006061996718574011
1.8949999999999816,0.3010006452597947,0.09707068775208808,0.19646199619492274,0.004701024580499201,0.006061996718574011
1.8999999999999815,0.3003905525508428,0.09690116326038063,0.1953968317021746,0.005562776178482255,0.006061996718574011
1.9049999999999814,0.2999450787454495,0.09736844311139622,0.19469421508770013,0.005922791701364187,0.009699926683079502
1.9099999999999813,0.299648104900452,0.09842279815832872,0.1943199767559449,0.005905426306666063,0.009699926683079502
1.9149999999999812,0.2994774641394238,0.10001806717692278,0.19423190397246848,0.005791744290910566,0.009699926683079502
1.919999999999981,0.2994124411485781,0.10211361630331207,0.19440131617001694,0.006013140602848458,0.009699926683079502
1.924999999999981,0.2994945241492702,0.10404102295859705,0.1946224939706923,0.006745586963550322,0.006397842255697832
1.9299999999999808,0.29962549919185794,0.10523917485087288,0.19490122630485934,0.007320293516490732,0.006397842255697832
1.9349999999999807,0.2998061892228772,0.10578386172451401,0.19522188290429188,0.0075047333094471385,0.006397842255697832
1.9399999999999806,0.30003456527054384,0.10572442284736494,0.1955816129309551,0.007231345378645986,0.006397842255697832
1.9449999999999805,0.3002669039081103,0.10509060203152926,0.19596977740754803,0.006498319850875657,0.007534907069978103
1.9499999999999804,0.30052238777690565,0.10393603512255886,0.19670322781278238,0.005160810820974655,0.007534907069978103
1.9549999999999803,0.30079402732808835,0.10230104013884102,0.19776281421364791,0.003306095183288658,0.007534907069978103
1.9599999999999802,0.3008953227775697,0.10067896878313431,0.19913342512130033,0.001418997359017761,0.007534907069978103
1.96499999999998,0.3008648620380292,0.09968125572062764,0.20027064280935658,0.0009606413434331618,0.003570544212756903
1.96999999999998,0.30078289930348356,0.09932497203523448,0.2010268253648085,0.0014570396022156229,0.003570544212756903
1.9749999999999799,0.30065544022670493,0.09955926406710594,0.20142870634463048,0.0016324986592687815,0.003570544212756903
1.9799999999999798,0.3004432120870695,0.1003217128075316,0.20121831092695208,0.0013357460834249786,0.003570544212756903
1.9849999999999797,0.30021716898331463,0.10159788322922012,0.20041180171863807,0.0016643238377821955,0.004517447378369138
1.9899999999999796,0.2996689606167008,0.1032231251424411,0.19974725807199506,0.003249923266679184,0.004517447378369138
1.9949999999999795,0.29920999684073857,0.10419476919165885,0.19921284715486093,0.004340484208535236,0.004517447378369138
1.9999999999999793,0.2988349335488328,0.10458243635990794,0.19879627140394024,0.004879043488350318,0.004517447378369138
2.0049999999999795,0.298540833640061,0.10443236532496014,0.19848597135898163,0.004905844633262503,0.006129766995769853
2.0099999999999794,0.2983409458281965,0.10373609357652551,0.19826224502698064,0.004441919439137466,0.006129766995769853
2.0149999999999793,0.2984107630229953,0.10261368566168959,0.19888627829121516,0.003255365256283751,0.006129766995769853
2.019999999999979,0.2989587045544829,0.1011906831895871,0.19973112366247053,0.0016044678705736505,0.006129766995769853
2.024999999999979,0.2998179642492638,0.09943454970122059,0.20030405772176219,0.0006673246234772176,0.00560211618065396
2.029999999999979,0.300561024732793,0.09833556930219126,0.20048758868830194,0.0018228606714649333,0.00560211618065396
2.034999999999979,0.3012141060442838,0.0978307554387364,0.20031763297070204,0.0025061057753844244,0.00560211618065396
2.0399999999999787,0.3017864007425428,0.09787689294104641,0.19981937247339457,0.0027805462592993715,0.00560211618065396
2.0449999999999786,0.3022810865855823,0.09843288538424703,0.19901557807430498,0.0029373952334711753,0.0031868460388381706
2.0499999999999785,0.3022394535476919,0.09933849133983612,0.19777350676569816,0.003226455953849913,0.0031868460388381706
2.0549999999999784,0.301702928770078,0.10056318374819978,0.1961234914421519,0.004271353524266666,0.0031868460388381706
2.0599999999999783,0.30070074573193883,0.10207409392200774,0.19409994153833499,0.0062931391236174805,0.0031868460388381706
2.064999999999978,0.2995728654844988,0.10313166588887171,0.19191336075571924,0.008682367730118143,0.007657571373349622
2.069999999999978,0.29858381261972494,0.10357932005350068,0.1899893062310637,0.010725255636900353,0.007657571373349622
2.074999999999978,0.29772846667104075,0.10348821536601199,0.1883030442977974,0.012415566149134923,0.007657571373349622
2.079999999999978,0.29716209120065273,0.1029703012396147,0.1877181189472812,0.012950714960981994,0.007657571373349622
2.0849999999999778,0.2968627308176545,0.1020600771428833,0.18815900231640387,0.012421578076076085,0.013808300265939278
2.0899999999999777,0.2970927437095624,0.10084472839597908,0.18880982770528532,0.011592482960378361,0.013808300265939278
2.0949999999999775,0.2977948001562359,0.0993383917077088,0.18966538378330014,0.01058796128770037,0.013808300265939278
2.0999999999999774,0.29875259336955506,0.09800134291609594,0.19070654634403236,0.009587436273391146,0.013808300265939278
2.1049999999999773,0.29974522160354666,0.09734556852806558,0.19191504609363078,0.008513365852505719,0.014065712927080752
2.1099999999999772,0.3003165071765974,0.09712593367442336,0.19340006889730915,0.00720552042512666,0.014065712927080752
2.114999999999977,0.3005037527522196,0.09731398131459473,0.1951595839565138,0.00555860510269921,0.014065712927080752
2.119999999999977,0.3003321314466372,0.09787809365844127,0.1971827381143611,0.003542564375204237,0.014065712927080752
2.124999999999977,0.2997700180177696,0.09876632564785714,0.19837020516007556,0.002056957787493488,0.006750212178833479
2.129999999999977,0.2987592132235944,0.0999741569727629,0.19899259108842846,0.0015984656398163725,0.006750212178833479
2.1349999999999767,0.29776215507992,0.10077962381730596,0.19877395502769635,0.002668135951736654,0.006750212178833479
2.1399999999999766,0.2971506118058412,0.10112335502232847,0.19780361817972655,0.0037689564454408235,0.006750212178833479
2.1449999999999765,0.2969304861176312,0.10105661929357165,0.19629104330726932,0.004928967392279492,0.005268410492487121
2.1499999999999764,0.29720022626001863,0.1006627082984479,0.19514474249810485,0.005643708062402784,0.005268410492487121
2.1549999999999763,0.297919792432082,0.09996313106479124,0.19433062414694055,0.006039076535966439,0.005268410492487121
2.159999999999976,0.29905053488614286,0.0989749178122967,0.19381701689554381,0.006338892455624178,0.005268410492487121
2.164999999999976,0.30033705465999827,0.09829640553294498,0.19357356059500372,0.006656948503488377,0.004995880060788689
2.169999999999976,0.30140103456508005,0.09791030459060317,0.1942086189026737,0.006314255282380627,0.004995880060788689
2.174999999999976,0.3019694024841185,0.09791307503335393,0.19474378056282385,0.005988459295395724,0.004995880060788689
2.1799999999999757,0.30201807045246076,0.09825431423649732,0.1947284794150278,0.005908380185277261,0.004995880060788689
2.1849999999999756,0.30170681426276147,0.0987099951752356,0.19443092099805154,0.0059659004605696255,0.004278734901610197
2.1899999999999755,0.30100558826863,0.09949276357591158,0.19400615712819502,0.006098741585590898,0.004278734901610197
2.1949999999999754,0.2999775000310772,0.1005878851152697,0.19368234614862376,0.006344987418676762,0.004278734901610197
2.1999999999999753,0.2989226099495256,0.10138606680110351,0.19366979274509746,0.006569130413380711,0.004278734901610197
2.204999999999975,0.2981403102031577,0.10161759652148347,0.19449847582312235,0.006028418774070379,0.00795163623026037
2.209999999999975,0.2979005939871325,0.10150576273421583,0.19553965389835148,0.005154562480473835,0.00795163623026037
2.214999999999975,0.29809495370635974,0.10104826728687952,0.1964130169464792,0.004194581398888293,0.00795163623026037
2.219999999999975,0.2986559700611924,0.1002555523721354,0.19691314123011225,0.003376450881702296,0.00795163623026037
2.2249999999999748,0.2995400331314615,0.09914363031158578,0.19697856602975167,0.003173956804992541,0.002634993734398415
2.2299999999999747,0.3005987760956414,0.09822892483203895,0.19702380274044243,0.0035146820896174847,0.002634993734398415
2.2349999999999746,0.30161482261528233,0.09798396706580215,0.19692757060030933,0.004013958555675605,0.002634993734398415
2.2399999999999745,0.30223769377529686,0.09821332158783982,0.19645082441566447,0.004560278556067063,0.002634993734398415
2.2449999999999743,0.3023792313622156,0.0988367500366541,0.19591042159904404,0.00487222165441396,0.00257615913796809
2.2499999999999742,0.30217732932783375,0.0998052275750103,0.19576993327385214,0.004761529565911017,0.00257615913796809
2.254999999999974,0.3016559159541845,0.10109231661714427,0.196013644162562,0.004452667301976239,0.00257615913796809
2.259999999999974,0.30077719362823674,0.10264728767605633,0.19626563768497157,0.00464301883212593,0.00257615913796809
2.264999999999974,0.2996965767983494,0.1040081819264009,0.1963095663826085,0.005456820345109429,0.007727819734710632
2.269999999999974,0.29863964872935495,0.10463269923762197,0.19597836236556987,0.006283790819917036,0.007727819734710632
2.2749999999999737,0.2977446366705694,0.10465642304362284,0.19577588187740036,0.006679229987251289,0.007727819734710632
2.2799999999999736,0.2970836055618629,0.10416353939206377,0.19621972566393087,0.006334894698730718,0.007727819734710632
2.2849999999999735,0.29698106224940346,0.10333910800066855,0.19688875782087806,0.005472061337307269,0.005294515568736618
2.2899999999999734,0.29735974734477166,0.10225174565413564,0.19778516608942032,0.004116646915368462,0.005294515568736618
2.2949999999999733,0.29817341868654945,0.10091223643211691,0.19888764287257493,0.0023250619307152763,0.005294515568736618
2.299999999999973,0.2993785087573989,0.09932955987902897,0.20017594538318403,0.0009309662175939901,0.005294515568736618
2.304999999999973,0.3007030019920091,0.09788311213614063,0.20104300528053504,0.0024623740666575885,0.0018888825997062783
2.309999999999973,0.301602166963982,0.09701657211863957,0.20113695532539574,0.0035721769714979023,0.0018888825997062783
2.314999999999973,0.30194876358343054,0.0966081321368305,0.20070726527638302,0.003975257384935501,0.0018888825997062783
2.3199999999999728,0.30184854517450455,0.09664874887712432,0.20019770817369797,0.003832374182240897,0.0018888825997062783
2.3249999999999726,0.3013694039574003,0.0971163516893159,0.1998385445258855,0.003196367101629049,0.0051940733920574885
2.3299999999999725,0.30089844688577194,0.09805701215462265,0.19917835405120204,0.002292926217525017,0.0051940733920574885
2.3349999999999724,0.3004243473632045,0.09943289162829116,0.19823966855368994,0.001897485017276553,0.0051940733920574885
2.3399999999999723,0.29993487068782676,0.10120741328294626,0.19732895782014026,0.0029319882315127286,0.0051940733920574885
2.344999999999972,0.29926410831371414,0.10328472140604467,0.19661514989678325,0.004773692649356384,0.006172302417587719
2.349999999999972,0.298708153748979,0.10462517176890133,0.1960229288706359,0.0062352365950411395,0.006172302417587719
2.354999999999972,0.29834321988220014,0.10531954114821845,0.1960161200748911,0.006849360382109547,0.006172302417587719
2.359999999999972,0.29821274081211674,0.1054619825673035,0.19696405152028246,0.006499579381906167,0.006172302417587719
2.364999999999972,0.298286992773363,0.10509023098211535,0.19880455366970737,0.005502175673168536,0.008035907004280194
2.3699999999999717,0.29823095045104775,0.10417025803731891,0.20001128445230437,0.004529979662574092,0.008035907004280194
2.3749999999999716,0.2980667394991303,0.10275091755856683,0.20064016690233163,0.0034226973633517425,0.008035907004280194
2.3799999999999715,0.2978731124711998,0.10090388504785092,0.20123138192813841,0.002618579804558204,0.008035907004280194
2.3849999999999714,0.2980100693485522,0.09880920514579129,0.20146787794860943,0.002744536764992458,0.003110523541470409
2.3899999999999713,0.29807341848538127,0.09745487906557385,0.20138553448723204,0.0034798078565682557,0.003110523541470409
2.394999999999971,0.2980736620217453,0.09678192779911146,0.20100732860213677,0.003883487815003523,0.003110523541470409
2.399999999999971,0.29818363576884127,0.09678027800970981,0.20094790587197306,0.003816322085085589,0.003110523541470409
2.404999999999971,0.2983913280995362,0.09739657129690427,0.2011655477689768,0.0032747775340030705,0.004843524599841774
2.409999999999971,0.2985802318736901,0.09848477390685849,0.2007221360318207,0.002198438558221757,0.004843524599841774
2.4149999999999707,0.2984990359689865,0.09991238723376783,0.2002377317947839,0.001522197564527749,0.004843524599841774
2.4199999999999706,0.29810571466326075,0.10162864574976646,0.19984508533092596,0.002502958743150188,0.004843524599841774
2.4249999999999705,0.2978037610215835,0.10263616924958843,0.19953877027119532,0.003462020627541769,0.004242031296097598
2.4299999999999704,0.2976267216362855,0.10302478380272126,0.1996026514472589,0.0038651847455517052,0.004242031296097598
2.4349999999999703,0.29756820423012625,0.10284352841608552,0.20030913705577388,0.003754310887328606,0.004242031296097598
2.43999999999997,0.2976559916983149,0.10215243889649486,0.2010638475516068,0.0033554641608237027,0.004242031296097598
2.44499999999997,0.2979888120435326,0.1010363675263451,0.20162687736360613,0.0027866942067826606,0.007013157389410489
2.44999999999997,0.2986066827143298,0.09960971116310355,0.20183814963992164,0.0023393273677485608,0.007013157389410489
2.45499999999997,0.2992646445908751,0.0984702536744849,0.2017210872582709,0.0024172324564961864,0.007013157389410489
2.4599999999999698,0.29981634432305676,0.09797988283875636,0.2012977332998095,0.0024080520073825142,0.007013157389410489
2.4649999999999697,0.3001452691476324,0.09803643979403262,0.2008775554059194,0.0021556380257758633,0.005207992174484311
2.4699999999999696,0.30035984899413076,0.09863398244186247,0.20002203734341117,0.0014127918856723309,0.005207992174484311
2.4749999999999694,0.30022330723424173,0.09963477062600583,0.19931889885835802,0.0008044609261107105,0.005207992174484311
2.4799999999999693,0.2997667909268064,0.10100873187636078,0.1987419725543748,0.0016292819044451442,0.005207992174484311
2.4849999999999692,0.299233015742124,0.10215669173286657,0.19828033841642712,0.0028630089144920526,0.0027477646133249154
2.489999999999969,0.2988039692737475,0.10265587682464336,0.197915160764348,0.003582000257444392,0.0027477646133249154
2.494999999999969,0.29853841924264524,0.1025848984855518,0.19806800775981143,0.003542670250958528,0.0027477646133249154
2.499999999999969,0.2985461555099533,0.10203841492800447,0.19903937489728657,0.0026817158328044078,0.0027477646133249154
2.504999999999969,0.29895792368168844,0.10111441753410826,0.20037069630493892,0.0015701163154394082,0.0048475407844631455
2.5099999999999687,0.29965690501543313,0.09980595865749363,0.20126224979033616,0.0013223618053468831,0.0048475407844631455
2.5149999999999686,0.3005213697771682,0.0984174702274356,0.20175550368423584,0.002420334710523056,0.0048475407844631455
2.5199999999999685,0.301278238877564,0.09766186114081787,0.2018772092856697,0.003259555591662484,0.0048475407844631455
2.5249999999999684,0.30194713381294336,0.09747639359626573,0.20165359808031114,0.003590864238269763,0.005113120597180326
2.5299999999999683,0.3023051124424223,0.09778867213608186,0.20160369680221107,0.0035742632425960126,0.005113120597180326
2.534999999999968,0.30221604702893035,0.0984978077042086,0.20155953690607764,0.003098322366924446,0.005113120597180326
2.539999999999968,0.301648521552523,0.09954597693289463,0.20103037526941303,0.001996355041172416,0.005113120597180326
2.544999999999968,0.30063472736264113,0.10090113739044806,0.20005350036135378,0.0011035350968654778,0.0015422253759639476
2.549999999999968,0.29974698552869095,0.10162295327766763,0.19925678631021276,0.001802875551132425,0.0015422253759639476
2.5549999999999677,0.2989797357187832,0.10178258037712627,0.19862188039650316,0.0024734076991035445,0.0015422253759639476
2.5599999999999676,0.2983259571733893,0.10142581932124006,0.1981214032165317,0.0028921455698158903,0.0015422253759639476
2.5649999999999675,0.2977777274626683,0.10059505694381339,0.1977406512994908,0.0032244758561744313,0.004550772693119127
2.5699999999999674,0.2977767553295909,0.0994500811471881,0.1976454963428343,0.003284648395306118,0.004550772693119127
2.5749999999999673,0.29808842017224435,0.09847192357482126,0.1978241700851415,0.003274658885664662,0.004550772693119127
2.579999999999967,0.29849506212648036,0.09813634677707436,0.19823663125485294,0.002974476537113123,0.004550772693119127
2.584999999999967,0.2989852797979741,0.0983928954304069,0.19886199492149703,0.0022152872826577213,0.002855873763057344
2.589999999999967,0.2993917601974085,0.09913625133434018,0.19908572166191507,0.00139711212663016,0.002855873763057344
2.594999999999967,0.2997238429453204,0.1003334968654537,0.19894697470322106,0.0011385715409113037,0.002855873763057344
2.599999999999967,0.30023039629879517,0.10131121455989126,0.19847213876045977,0.0020265058706697,0.002855873763057344
2.6049999999999667,0.30071986740411105,0.10164179664942928,0.1984086261216894,0.0023971182987387396,0.003907662449486144
2.6099999999999666,0.3010417454266314,0.10137098358851185,0.19785072924771757,0.0027539415935152007,0.003907662449486144
2.6149999999999665,0.30121519233034744,0.100546537357557,0.19684150818524493,0.0034280411355197445,0.003907662449486144
2.6199999999999664,0.30113588653644174,0.09950132091273248,0.19541663251728494,0.004748281429881497,0.003907662449486144
2.6249999999999662,0.30074849585427155,0.09873499354901003,0.19393281802803622,0.0062426904813413925,0.006459635556139499
2.629999999999966,0.30015138630972893,0.09828777111401243,0.1926568192370592,0.007541680800060912,0.006459635556139499
2.634999999999966,0.299350824157423,0.09816995243103549,0.1915578849171205,0.008662552190425186,0.006459635556139499
2.639999999999966,0.29856460260937473,0.09829005746001451,0.19151727616507366,0.008771594656542984,0.006459635556139499
2.644999999999966,0.2978912068404661,0.09846638118543707,0.1923683799578057,0.008064776483356509,0.008051858030396921
2.6499999999999657,0.2974024439106407,0.09919977010840783,0.19340318534155487,0.007134818088405747,0.008051858030396921
2.6549999999999656,0.29720018683833527,0.10009729318323943,0.19461938228312736,0.0060662564006856564,0.008051858030396921
2.6599999999999655,0.2974058379421665,0.10075435286596947,0.19600138195254715,0.004825730133162735,0.008051858030396921
2.6649999999999654,0.29798202576651345,0.10093559418349227,0.19721384242027115,0.0035651410269834658,0.0020292808944361172
2.6699999999999653,0.2988308832136725,0.10064762315983461,0.197992727789759,0.002411512293817454,0.0020292808944361172
2.674999999999965,0.29982044353306325,0.10023295115899855,0.19837820144854307,0.001648252804883222,0.0020292808944361172
2.679999999999965,0.300760528796836,0.10000912583158413,0.1985270508651487,0.0016577293161062633,0.0020292808944361172
2.684999999999965,0.30130716984909117,0.0999861755547708,0.19874751995751117,0.0018104116621619028,0.0023832868071112043
2.689999999999965,0.30131728678930697,0.10035491351512509,0.1984448534224424,0.00206874091325867,0.0023832868071112043
2.6949999999999648,0.30105073120775144,0.10077141189739926,0.19797482944730438,0.0024084078047327193,0.0023832868071112043
2.6999999999999647,0.3007081555643672,0.101009929959678,0.1976312289925187,0.0026706776130194882,0.0023832868071112043
2.7049999999999645,0.30033889703149474,0.10098106700792157,0.1974011676296878,0.0027984412377198083,0.006303315174289588
2.7099999999999644,0.2996763525820033,0.10140689407835402,0.19727130861829656,0.0030870463643207866,0.006303315174289588
2.7149999999999643,0.29890563581643137,0.10182849241552877,0.19723128535407164,0.003493822873372704,0.006303315174289588
2.7199999999999642,0.29813437525426784,0.10199084259561864,0.19727126851801985,0.0038587543888108943,0.006303315174289588
2.724999999999964,0.2978096288024972,0.10198854923611,0.1974832397396471,0.003884087570508065,0.008487913352939845
2.729999999999964,0.2978445024211869,0.10153795216897532,0.19734615366391284,0.003748915451419035,0.008487913352939845
2.734999999999964,0.2982100131523995,0.10067371978658078,0.1968820355715112,0.0036578208598473977,0.008487913352939845
2.739999999999964,0.2986580846775221,0.09999075354837755,0.19611451453695802,0.0041106957456225335,0.008487913352939845
2.7449999999999637,0.2990291848684398,0.09986679401577106,0.19506542098672455,0.0050309338986076115,0.004983809902524371
2.7499999999999636,0.29932429294485663,0.1002581696482556,0.1937552352331643,0.006286518796978476,0.004983809902524371
2.7549999999999635,0.2994867861051286,0.10110215866846967,0.19233767274617003,0.0077581828527792255,0.004983809902524371
2.7599999999999634,0.2995972068324989,0.10174184371949963,0.19171424309950105,0.008476439659026185,0.004983809902524371
2.7649999999999633,0.29984637188363983,0.10199248778505801,0.1921224194001531,0.008127108051381268,0.010031269494282957
2.769999999999963,0.30011706142467964,0.10171712194361082,0.19258224160635398,0.007614811273622212,0.010031269494282957
2.774999999999963,0.30032137113409874,0.10118810418457336,0.19310199666764732,0.007006948046930374,0.010031269494282957
2.779999999999963,0.30035338794165173,0.10071245205862285,0.19367361754851578,0.0063761732956051625,0.010031269494282957
2.784999999999963,0.3001624230780342,0.10045290831809235,0.19428980082291403,0.005730434699293657,0.009846325457730927
2.7899999999999627,0.300027213844142,0.09970561755167132,0.19494511495446176,0.005063522928041622,0.009846325457730927
2.7949999999999626,0.29977362822082165,0.09894522913537368,0.19563246162386497,0.004498797308868812,0.009846325457730927
2.7999999999999625,0.29933471723427163,0.09847686407895476,0.19677904376403682,0.003624514211083148,0.009846325457730927
2.8049999999999624,0.2989321782135672,0.0984668932827806,0.1975143296976621,0.003109536368317361,0.0047817092870730375
2.8099999999999623,0.2985287542754013,0.09896551054693078,0.19786689981028333,0.0027901341957029015,0.0047817092870730375
2.814999999999962,0.2981222791531399,0.09993466939421906,0.1978660561361995,0.002843205951146798,0.0047817092870730375
2.819999999999962,0.297802071627853,0.10109215493113949,0.19753836891392795,0.003476106892288747,0.0047817092870730375
2.824999999999962,0.2977717967989002,0.1018731819165522,0.19690839535996585,0.004246377190991194,0.005454285621539677
2.829999999999962,0.2980703229496852,0.10214515663026966,0.1959978762994573,0.004933796165362629,0.005454285621539677
2.8349999999999618,0.2986672207478498,0.10194444264795806,0.1948261829077636,0.00568555547418876,0.005454285621539677
2.8399999999999617,0.29941170239157083,0.10125334753427707,0.1947238773523991,0.005454763451359658,0.005454285621539677
2.8449999999999616,0.30027516413338834,0.10010194832109515,0.19550750065688954,0.004502072756889372,0.007346644794535265
2.8499999999999615,0.30093697707265377,0.09895712863719118,0.19631426652658482,0.0039433663222047735,0.007346644794535265
2.8549999999999613,0.3012186286380288,0.09835144351468596,0.19715426570986466,0.0035072778465281397,0.007346644794535265
2.8599999999999612,0.3011525788530641,0.09824552991952229,0.19802229619168507,0.002884079684968072,0.007346644794535265
2.864999999999961,0.30076509470179813,0.09860061000470083,0.19891323419883392,0.001929953929047842,0.008008425811290625
2.869999999999961,0.30012679280897253,0.09939836473847918,0.19970701310726613,0.0006810893653744937,0.008008425811290625
2.874999999999961,0.29951017261960977,0.1007051774115661,0.19980385305733359,0.0008807267836737888,0.008008425811290625
2.879999999999961,0.29893989543158217,0.10249466437436139,0.19954569347949225,0.0027483752384388983,0.008008425811290625
2.8849999999999607,0.29872594171999134,0.10372888321433832,0.1989627684134322,0.004074756911915928,0.003130623912812276
2.8899999999999606,0.2988601615739916,0.10441870270564274,0.1980548172588045,0.00496063515438342,0.003130623912812276
2.8949999999999605,0.2992694897758723,0.10458686169360819,0.19698099676884195,0.005539614236893034,0.003130623912812276
2.8999999999999604,0.29968562384548014,0.10416989548269634,0.19635895710212087,0.005544732102395762,0.003130623912812276
2.9049999999999603,0.30011380456024317,0.10321608222795038,0.19615640686767946,0.005012917767298013,0.007087171085358763
2.90999999999996,0.30054789084022127,0.101766647358159,0.19635393821284117,0.0040883974631472034,0.007087171085358763
2.91499999999996,0.3006742952340251,0.1006538558466823,0.19693045677257603,0.0032100307094939154,0.007087171085358763
2.91999999999996,0.30039650749777236,0.09999715943738592,0.19749609770431475,0.002535104134137998,0.007087171085358763
2.92499999999996,0.29967041525509613,0.09973151566430921,0.19754224927734387,0.002494243083041714,0.004650277421465647
2.9299999999999597,0.298981934153453,0.1000627848025731,0.19699131784735072,0.0031768802770973316,0.004650277421465647
2.9349999999999596,0.29832034457668005,0.10093974285955887,0.19588456807234048,0.004543252021886901,0.004650277421465647
2.9399999999999595,0.2977749831837224,0.10204782220018539,0.1942373346290744,0.0065078865827206496,0.004650277421465647
2.9449999999999594,0.2975964874839705,0.10267890753516946,0.19207489099721733,0.00870406633147319,0.00840333859962378
2.9499999999999593,0.2977507271263919,0.10286693662745343,0.18986786065755737,0.01076748818157964,0.00840333859962378
2.954999999999959,0.29815032164343896,0.10261880964675835,0.18861519321906228,0.011827649784634754,0.00840333859962378
2.959999999999959,0.2987201375703592,0.10194336040940993,0.18841769427317076,0.011813742145036416,0.00840333859962378
2.964999999999959,0.29944310357738885,0.10087023054474567,0.18918384722488393,0.010865385206295111,0.013742019137397423
2.969999999999959,0.30013873673542,0.09930420888742839,0.19025473014155725,0.00977106226405101,0.013742019137397423
2.974999999999959,0.30053773095142544,0.09800237094332022,0.1916293711714148,0.008622476640162862,0.013742019137397423
2.9799999999999587,0.3006319864263842,0.09723569680310833,0.19313227386410925,0.007430103719671518,0.013742019137397423
2.9849999999999586,0.30057303478390046,0.09699363171848542,0.19446677370666732,0.00632322799848978,0.009865488244170563
2.9899999999999585,0.30014765922786524,0.09714950275633749,0.19586381925294566,0.005025448134843743,0.009865488244170563
2.9949999999999584,0.29928436481898457,0.09763323210417905,0.19667942208471167,0.004140043680505839,0.009865488244170563
2.9999999999999583,0.2980212541829145,0.09841767118244331,0.1969542767822689,0.0039617709947105915,0.009865488244170563
3.004999999999958,0.2966488057671425,0.0995781151671278,0.1966283760960916,0.0047724561127318555,0.007006144951608382
3.009999999999958,0.2958681586821184,0.10030143077457085,0.1966177120183756,0.005348162785354673,0.007006144951608382
3.014999999999958,0.2956240978059881,0.10063980708217776,0.19690076760372666,0.005400288377491826,0.007006144951608382
3.019999999999958,0.29587133767617724,0.1006217241606416,0.19744158404954593,0.00489672193325462,0.007006144951608382
3.0249999999999577,0.2964843394315951,0.10023721690440202,0.1976287689256079,0.004247220020217218,0.0077627892030975665
3.0299999999999576,0.29743249258841054,0.09951009551074,0.19747958482772168,0.003631059536528516,0.0077627892030975665
3.0349999999999575,0.2986633787772609,0.09845170527742357,0.19686947060395737,0.0037395169662032077,0.0077627892030975665
3.0399999999999574,0.2998681411846489,0.09784354584728908,0.19585973528768655,0.004670061364474571,0.0077627892030975665
3.0449999999999573,0.300994289623933,0.09786108966107587,0.19462189037112332,0.005872615471358019,0.005492305348641345
3.049999999999957,0.30164056188855737,0.09824344688773129,0.19354692148686078,0.006886155999042357,0.005492305348641345
3.054999999999957,0.3018633877573481,0.09897420307690749,0.1927116092949488,0.007592437838477041,0.005492305348641345
3.059999999999957,0.30169696995038836,0.10002829486167929,0.19210507507443336,0.008075292390499067,0.005492305348641345
3.064999999999957,0.30131984320507954,0.10097461251183726,0.19164672915273573,0.008512871987876931,0.006879802917832848
3.0699999999999568,0.3007262200034098,0.10202149568157552,0.19160239973408266,0.008667959997030222,0.006879802917832848
3.0749999999999567,0.3001600151212761,0.10257387224210998,0.1919529956159556,0.008450130337135108,0.006879802917832848
3.0799999999999566,0.29973762496267853,0.10254202920627528,0.19287475172915913,0.007569670803072408,0.006879802917832848
3.0849999999999564,0.2995592337807872,0.10201690747788125,0.19472495185272112,0.005664655646236836,0.0066998073153956466
3.0899999999999563,0.299724697613653,0.10114414682852671,0.1958209634549324,0.004341567667809244,0.0066998073153956466
3.0949999999999562,0.30020952524038313,0.09994798103144067,0.19623197684187413,0.0037742026071238602,0.0066998073153956466
3.099999999999956,0.30089433720573083,0.09869424000927525,0.19599285236371777,0.004308373285811513,0.0066998073153956466
3.104999999999956,0.3014857926454074,0.09811914400877281,0.19513472445540608,0.005423661601695465,0.0031668532895383268
3.109999999999956,0.30182152610682106,0.09808494053593803,0.19411263118227365,0.0064534116329783885,0.0031668532895383268
3.114999999999956,0.30191140812493167,0.09854698093220775,0.19354670885681574,0.006885471081205938,0.0031668532895383268
3.1199999999999557,0.30164366686668154,0.09941721997743012,0.193386973612097,0.006839107495165931,0.0031668532895383268
3.1249999999999556,0.3011063119052106,0.10068757486177146,0.1934635945039807,0.006664929259230147,0.004750507415888519
3.1299999999999555,0.300382187284294,0.1019766100412577,0.19390815193575683,0.006415891770697206,0.004750507415888519
3.1349999999999554,0.2997593508601978,0.10258032843344073,0.19470658419609171,0.005893747339848927,0.004750507415888519
3.1399999999999553,0.2992244847099418,0.10256958735388405,0.19584305666306792,0.004948169463631876,0.004750507415888519
3.144999999999955,0.2989515875500979,0.10206689457723822,0.19685485089199606,0.003906812610057533,0.010266596833329662
3.149999999999955,0.2991083230945164,0.10118668728721211,0.1977884040179134,0.002663544857776058,0.010266596833329662
3.154999999999955,0.2997398027764948,0.0999872184473429,0.1989423606576743,0.0010892506330699631,0.010266596833329662
3.159999999999955,0.3006689797520733,0.09843412741816113,0.1993840072663367,0.0018107837803461825,0.010266596833329662
3.1649999999999547,0.30163105556642283,0.09720420863315195,0.19916460912229084,0.003342853503559614,0.003402456968223939
3.1699999999999546,0.30248526781895785,0.09665475632863683,0.19832688118460973,0.004490716860720111,0.003402456968223939
3.1749999999999545,0.3029934225319619,0.0966192867586615,0.19749888562801612,0.0051619156886531,0.003402456968223939
3.1799999999999544,0.303135601143231,0.09704183572596507,0.19678956641648962,0.005374905970874254,0.003402456968223939
3.1849999999999543,0.30293791717070395,0.09788674616195604,0.19619028775198039,0.005254627151248266,0.007447108319101979
3.189999999999954,0.30241633667684714,0.09874870115505005,0.19533200116546445,0.005403206904651641,0.007447108319101979
3.194999999999954,0.3018720647658718,0.09924502868793211,0.1949194621882965,0.005466852167912835,0.007447108319101979
3.199999999999954,0.3013944453948985,0.09918788364614708,0.19493289461257243,0.00531785369663802,0.007447108319101979
3.204999999999954,0.30091837958129,0.09877427894108678,0.1953356249964435,0.0049093998964635744,0.00427757442470303
3.209999999999954,0.30049574350492586,0.09847805644778274,0.19562855014514113,0.00465528169205233,0.00427757442470303
3.2149999999999537,0.30019577311814294,0.09838766401638172,0.19558605070749266,0.004703286382380296,0.00427757442470303
3.2199999999999536,0.3000174538602871,0.0984519975681383,0.19523287850344032,0.005012191489682954,0.00427757442470303
3.2249999999999535,0.29997627971053975,0.09857605805804723,0.19459139644535053,0.0055929567956092135,0.004720184759056957
3.2299999999999534,0.2999263512870013,0.09920892427388359,0.19411775398506764,0.005935658608576197,0.004720184759056957
3.2349999999999532,0.29971236985830263,0.10003360380516757,0.19361495727049768,0.0063916062904175435,0.004720184759056957
3.239999999999953,0.2994588515198916,0.10054772761968644,0.19322664476237236,0.006816977951995216,0.004720184759056957
3.244999999999953,0.29929080137744757,0.1004689534246157,0.19294192557590645,0.007109099420934605,0.008510375274096243
3.249999999999953,0.2991838450542117,0.09989499513576104,0.19276022271447776,0.007286392115513165,0.008510375274096243
3.254999999999953,0.29913156105676336,0.0988628869934764,0.19267110816268343,0.007467253025766619,0.008510375274096243
3.2599999999999527,0.2991912787148636,0.09797867468737068,0.19284178523376552,0.007481966638260703,0.008510375274096243
3.2649999999999526,0.29935697620624807,0.09778445318427012,0.19326568440184744,0.007118506435169038,0.008129672085901044
3.2699999999999525,0.29937777350767436,0.09785357725968746,0.19370255797827124,0.006682220619294009,0.008129672085901044
3.2749999999999524,0.29932603931932555,0.09811558864578973,0.19409248903088425,0.0062373002975000995,0.008129672085901044
3.2799999999999523,0.2992584273785034,0.09843157400335989,0.19443655360912293,0.005827677565210097,0.008129672085901044
3.284999999999952,0.2991953753958279,0.09868289212551909,0.19479291619810674,0.005431014235536309,0.007868705599541687
3.289999999999952,0.29909593271135637,0.0994193281248266,0.19480022148094733,0.005309634086847651,0.007868705599541687
3.294999999999952,0.29895619876035884,0.1006039598758612,0.1944839310170122,0.00564635329966226,0.007868705599541687
3.299999999999952,0.29896526949108077,0.10177091453904474,0.19394826727262698,0.006389857160707589,0.007868705599541687
3.3049999999999518,0.2992923447684791,0.10239521184790805,0.19414576193588234,0.0063647402959132685,0.005864241175578453
3.3099999999999516,0.299649874083317,0.10241094330382916,0.19440931601808695,0.0060984410432036685,0.005864241175578453
3.3149999999999515,0.30004468911618043,0.10186819706312444,0.1947347762822622,0.005587015140627455,0.005864241175578453
3.3199999999999514,0.3004712365841585,0.10080947106412763,0.19511490264204598,0.004974081173302135,0.005864241175578453
3.3249999999999513,0.3009210758023636,0.09927362835570563,0.19554278713077156,0.004608985025029962,0.006448125649080113
3.329999999999951,0.3011584589233929,0.09790652805033231,0.19602097638081284,0.004642981891337015,0.006448125649080113
3.334999999999951,0.30104585039599224,0.09711692800857007,0.1965426491319503,0.0046215995265026,0.006448125649080113
3.339999999999951,0.30081110216663265,0.096917597998188,0.19697313577332407,0.004395565478095104,0.006448125649080113
3.344999999999951,0.3007010185592647,0.09735395968458235,0.1976381810368159,0.0036154038759321377,0.006328310036669804
3.349999999999951,0.30053821386710033,0.09831396324763672,0.1979076849349858,0.0027404701108284715,0.006328310036669804
3.3549999999999507,0.3003263118811677,0.09975882094688009,0.19781006314041089,0.0022272113120317336,0.006328310036669804
3.3599999999999506,0.30012133160296395,0.10150894791317192,0.19738187050143646,0.003024276315714601,0.006328310036669804
3.3649999999999505,0.30024363384853936,0.10270616048999281,0.1966471854802471,0.004315556424566618,0.0031847296931578053
3.3699999999999504,0.30068406079023313,0.10335884033472809,0.1956186737494958,0.005562891988191754,0.0031847296931578053
3.3749999999999503,0.3014159503078378,0.10350729195261442,0.19431791572216087,0.006825840157490257,0.0031847296931578053
3.37999999999995,0.30219404350832857,0.10309758808545633,0.193311404703836,0.0076906557522403085,0.0031847296931578053
3.38499999999995,0.3029408529744914,0.10214269102078331,0.19277013070337876,0.008093871204457556,0.007263539575409467
3.38999999999995,0.30356095520317067,0.10099903953027657,0.1923641825674544,0.008484349698427736,0.007263539575409467
3.39499999999995,0.30382569377108637,0.10034667153136237,0.192079731160782,0.008802657125338578,0.007263539575409467
3.3999999999999497,0.30376596393959043,0.1001508775679448,0.19189701521761904,0.00893664427054709,0.007263539575409467
3.4049999999999496,0.30340886263617045,0.10037805732716008,0.19180552530855222,0.008883281335389355,0.010797282563095062
3.4099999999999495,0.30275789133930003,0.10104600093203081,0.19180546857827896,0.008709215108766643,0.010797282563095062
3.4149999999999494,0.30183246334681213,0.10211648873625284,0.19188717912326103,0.008582267128570801,0.010797282563095062
3.4199999999999493,0.3007779700753619,0.10322231412303684,0.19204215262681795,0.008620665900064904,0.010797282563095062
3.424999999999949,0.29985705940957896,0.10371629909735142,0.19226299262054386,0.008584439072130676,0.009715857346736375
3.429999999999949,0.299326420466537,0.10377690171937681,0.19212616985488645,0.00875876116467567,0.009715857346736375
3.434999999999949,0.29915569183083573,0.10343751549624094,0.19168218942703596,0.009039653853944108,0.009715857346736375
3.439999999999949,0.29931210535671754,0.1027261192004794,0.19094074388604687,0.009485517712474974,0.009715857346736375
3.4449999999999488,0.29976348051232016,0.10166696849301644,0.18992063889261124,0.010219013932758056,0.01030991223212939
3.4499999999999487,0.30041838193518955,0.10043434171991464,0.1886329783759218,0.011383008248069268,0.01030991223212939
3.4549999999999486,0.30095830805534646,0.09981249212398066,0.18709722602136325,0.012939671165694172,0.01030991223212939
3.4599999999999485,0.30135794037637154,0.09972191175026016,0.18543167450971215,0.01463411913069572,0.01030991223212939
3.4649999999999483,0.3013927342070639,0.10003003318819895,0.18428169056299265,0.015779919585391874,0.017740284413374732
3.4699999999999482,0.3011869882278935,0.10074413657876488,0.18368662163137206,0.016373423408042438,0.017740284413374732
3.474999999999948,0.30069553586743414,0.10180803258167911,0.18323175166924124,0.01687977796184816,0.017740284413374732
3.479999999999948,0.29993584584010446,0.1031922302604232,0.1828925520639535,0.017402851050225526,0.017740284413374732
3.484999999999948,0.2993799079456706,0.10392784791826987,0.18299586896390665,0.017462902843385822,0.020284266829559902
3.489999999999948,0.2989233592890425,0.10410706339449177,0.18318140549847894,0.017346245874928095,0.020284266829559902
3.4949999999999477,0.2986066410042196,0.10379108176527173,0.18367507424878762,0.016817162395145482,0.020284266829559902
3.4999999999999476,0.29854095179224327,0.10306812334879742,0.18511441520741637,0.015268360657686582,0.020284266829559902
3.5049999999999475,0.2986859704391003,0.10196018697311707,0.18743907738512455,0.012780680091191775,0.01745446703515581
3.5099999999999474,0.29910042278461774,0.10052705983645721,0.1892610869322125,0.010789406152107661,0.01745446703515581
3.5149999999999473,0.29956741047897234,0.09931933374016579,0.19063803465788243,0.009396639575826586,0.01745446703515581
3.519999999999947,0.2999215975149049,0.09877235685480161,0.19160032232580296,0.008489277924065517,0.01745446703515581
3.524999999999947,0.30018464986953397,0.09882061538961814,0.19217667769826532,0.007913874870778777,0.00842678893971632
3.529999999999947,0.30033592414936205,0.0993499138463878,0.19250304133287813,0.007532585631625894,0.00842678893971632
3.534999999999947,0.3002139792933697,0.10025879886447273,0.19301532857920473,0.006992739008909012,0.00842678893971632
3.5399999999999467,0.2996673144126622,0.10144956576965872,0.19331161550037385,0.006851744875243685,0.00842678893971632
3.5449999999999466,0.2989618081955626,0.1026672237291048,0.19369362962460865,0.006925477020069768,0.00420962006074871
3.5499999999999465,0.2983836512160224,0.10321743144835535,0.19414117502811684,0.006876792752984028,0.00420962006074871
3.5549999999999464,0.2979220896994057,0.10317180703290993,0.19464528979001844,0.006561325514270237,0.00420962006074871
3.5599999999999463,0.29756900932948577,0.10257812913166076,0.19519761928665996,0.005968192856762043,0.00420962006074871
3.564999999999946,0.2973129421749906,0.10147966500175522,0.19579037317045847,0.005208708699510791,0.005873454397182819
3.569999999999946,0.2975542162779347,0.10014056818588637,0.19661217641420917,0.004180785342306346,0.005873454397182819
3.574999999999946,0.29823484667542555,0.09856572367977118,0.19763984178145538,0.0032776915105892906,0.005873454397182819
3.579999999999946,0.29894415415720926,0.09774162740521965,0.19885273664649877,0.002744316020956831,0.005873454397182819
3.584999999999946,0.2996857037436441,0.09759182688439119,0.2002335146377613,0.002439796913177234,0.002179668041022194
3.5899999999999457,0.30030499127894134,0.09800728217449103,0.20116958428241974,0.0023306375535494047,0.002179668041022194
3.5949999999999456,0.300817731411111,0.09894960098119912,0.2016917116717667,0.0021526521176927567,0.002179668041022194
3.5999999999999455,0.3012343563950565,0.10038234976596336,0.20183851931241223,0.002247216125712409,0.002179668041022194
3.6049999999999454,0.30152322306047313,0.10225589179280613,0.201711676096419,0.0032154457438836235,0.0028387177205158693
3.6099999999999453,0.30168539363699015,0.10333949724954852,0.20107146719799215,0.0038911226590435536,0.0028387177205158693
3.614999999999945,0.301731864651714,0.10371172911435353,0.1999783163884703,0.004095944136484893,0.0028387177205158693
3.619999999999945,0.30167659029874627,0.10342887766148834,0.19845843700577653,0.004116378689146943,0.0028387177205158693
3.624999999999945,0.3015215707272661,0.10254123686294125,0.19654783403892054,0.004548682456984698,0.003664258830625066
3.629999999999945,0.30143656665290053,0.10116380368523448,0.19486843782996088,0.005454456258048815,0.003664258830625066
3.6349999999999447,0.30141343475600324,0.09933676727055737,0.19338850919663347,0.006793341306447233,0.003664258830625066
3.6399999999999446,0.30116935535253475,0.09783835879863811,0.192088049456002,0.008284868498328593,0.003664258830625066
3.6449999999999445,0.30073345856047756,0.09689994712302881,0.19145305064785997,0.00912132844096748,0.010566512871904249
3.6499999999999444,0.3003667577368593,0.0966291647761249,0.19135846007747537,0.009282955002403625,0.010566512871904249
3.6549999999999443,0.3001487350513297,0.09700461938589755,0.19153978290710372,0.008976062633347067,0.010566512871904249
3.659999999999944,0.3000557429373441,0.09797298570277221,0.1919572750074545,0.008294414960800186,0.010566512871904249
3.664999999999944,0.3000660099341409,0.09948741667047123,0.19258916652337438,0.00742883246542761,0.00778750488628305
3.669999999999944,0.30006608498966686,0.10125311975909668,0.19282424472887352,0.007284650991474976,0.00778750488628305
3.674999999999944,0.30036849471309607,0.10246341803131483,0.19270169054049954,0.0077116494809619535,0.00778750488628305
3.6799999999999438,0.30070510948148055,0.1030778430424402,0.19286861422235052,0.007799164076004092,0.00778750488628305
3.6849999999999437,0.3010348100479531,0.10312375414945765,0.19342133481418128,0.007355780546529516,0.01146377186695625
3.6899999999999435,0.3013811919271162,0.1025944987547601,0.1943209038646385,0.00639462648187217,0.01146377186695625
3.6949999999999434,0.30167497594360226,0.10150944506315324,0.19517561615949078,0.005325283865756886,0.01146377186695625
3.6999999999999433,0.301930968492724,0.09991867904380894,0.19583367359795573,0.004592769110915541,0.01146377186695625
3.7049999999999432,0.30216886517834524,0.09801256421721621,0.19654165938402918,0.0045402639756518025,0.004215123632563389
3.709999999999943,0.30207224164513746,0.09667663259086037,0.19728961308800813,0.004762893404714241,0.004215123632563389
3.714999999999943,0.3017445422365572,0.09587690496845469,0.19791932194523287,0.00493685744394907,0.004215123632563389
3.719999999999943,0.30144833199452387,0.09566414350476371,0.19786657059622675,0.005044684146161046,0.004215123632563389
3.724999999999943,0.30117337149940504,0.09599000507251843,0.19717980626353765,0.005040868249143752,0.006561954644879907
3.7299999999999427,0.3006641636731662,0.09677449864573319,0.19710254502311564,0.004386367257104982,0.006561954644879907
3.7349999999999426,0.3000009257872507,0.09800445230384632,0.19706232216759728,0.0035513606563818234,0.006561954644879907
3.7399999999999425,0.29925299350120493,0.09966768359627795,0.1968900223960121,0.0032156513490630687,0.006561954644879907
3.7449999999999424,0.2985195423566941,0.10146882800369422,0.19659601071377195,0.003992036272231835,0.006295668072908848
3.7499999999999423,0.2981532816276461,0.10271325321039934,0.1960066531230966,0.005169035791112886,0.006295668072908848
3.754999999999942,0.2981213454554821,0.10346193433020374,0.1951424406859405,0.006253816010556061,0.006295668072908848
3.759999999999942,0.2984788434834436,0.10378522007505629,0.1943092838413596,0.007001861078504929,0.006295668072908848
3.764999999999942,0.29905441409063127,0.10365481714366767,0.19437465194582637,0.006774685365110242,0.00894821940599248
3.769999999999942,0.2996430532427531,0.10296823638124289,0.19451014489008672,0.0062511076882648545,0.00894821940599248
3.7749999999999417,0.30024846291557317,0.10177229101179944,0.19471250045532204,0.005582150184820355,0.00894821940599248
3.7799999999999416,0.3008632357937824,0.10010564360328895,0.1949749430796054,0.005099758196207823,0.00894821940599248
3.7849999999999415,0.3012973855375531,0.09848761899590294,0.19529005889490295,0.00511410312255126,0.004145875066157208
3.7899999999999414,0.3013806896222055,0.09741417792923857,0.19565111048745962,0.005244580021964273,0.004145875066157208
3.7949999999999413,0.30136551998800687,0.09691082479881966,0.19649530073959598,0.0048672954674141705,0.004145875066157208
3.799999999999941,0.30147276485120417,0.0970157408363783,0.1975393690276305,0.00413878531030382,0.004145875066157208
3.804999999999941,0.3015300090629021,0.09762193322281212,0.19815555739050963,0.003376106910189763,0.005600378915987711
3.809999999999941,0.3014669337772208,0.09872251764214512,0.1985348663908796,0.002435256120812736,0.005600378915987711
3.814999999999941,0.30118086389992227,0.10023525052778279,0.1989603900946567,0.001590776890783127,0.005600378915987711
3.8199999999999408,0.30084788803964346,0.10147474879109947,0.19961355814802756,0.0017444584917892646,0.005600378915987711
3.8249999999999407,0.3005529422625785,0.10209147076157851,0.2006155331707561,0.0022491945617452167,0.005896191590709681
3.8299999999999406,0.3004128754056349,0.10218741840894739,0.20123808531161191,0.0025471789562591073,0.005896191590709681
3.8349999999999405,0.30035165286177795,0.10177648900865355,0.20089931402974195,0.002021964059313164,0.005896191590709681
3.8399999999999403,0.3003612517133394,0.10089769226972378,0.19968016802335936,0.0010191401791678802,0.005896191590709681
3.8449999999999402,0.30049526002969607,0.09961181452719338,0.19791396528950814,0.0021788784435322634,0.0027616671730373993
3.84999999999994,0.30042961790962275,0.09850548502222145,0.19636239540893802,0.003956047740863141,0.0027616671730373993
3.85499999999994,0.3000655162207314,0.09788909261929211,0.19499625545555815,0.0054311768348248085,0.0027616671730373993
3.85999999999994,0.2994330850864264,0.097726752017076,0.1937993306668406,0.006628525408436161,0.0027616671730373993
3.86499999999994,0.2985561834849754,0.09798310797192133,0.19275635568058816,0.007656555531577666,0.00800431414994631
3.8699999999999397,0.2977046435668085,0.09872243497295784,0.19249388487348984,0.00795252147725108,0.00800431414994631
3.8749999999999396,0.29714816412718104,0.09971153345963531,0.1925130377335215,0.008016906184437995,0.00800431414994631
3.8799999999999395,0.29712174974868255,0.10024097404652202,0.19279094306144284,0.007766137710835762,0.00800431414994631
3.8849999999999394,0.2975780455791336,0.10034401831487454,0.1932890400557825,0.007142912234559175,0.007001596349728875
3.8899999999999393,0.29823099789273283,0.1002010371959402,0.19340439926455072,0.006831671352687158,0.007001596349728875
3.894999999999939,0.29899233898501787,0.10003846214179435,0.19317470098200257,0.006899388867323183,0.007001596349728875
3.899999999999939,0.29978065859847325,0.10004986492938181,0.19262400973925764,0.007379419319172226,0.007001596349728875
3.904999999999939,0.30047755918459795,0.10026613624052297,0.19198937281565323,0.008029261433027898,0.010014996873112206
3.909999999999939,0.30113380815809726,0.09994402839521935,0.19179492648182123,0.00828322915285026,0.010014996873112206
3.9149999999999388,0.30158915289329974,0.09955438265775518,0.19201915465250394,0.00814971620331911,0.010014996873112206
3.9199999999999386,0.30161365904908977,0.09929888643048376,0.19173109924476167,0.008454003516917314,0.010014996873112206
3.9249999999999385,0.3013870075540603,0.09933021471212838,0.19157270749483102,0.00856689332573641,0.010269249121139733
3.9299999999999384,0.3008774832569795,0.09976157330609967,0.19151085426102626,0.00853770575343164,0.010269249121139733
3.9349999999999383,0.3001067080410539,0.10056259292448963,0.19153561624209917,0.008483730889515944,0.010269249121139733
3.939999999999938,0.2992865438110123,0.1012019046369269,0.19163815805734072,0.008477853216698633,0.010269249121139733
3.944999999999938,0.29859903194052245,0.10123748719499956,0.1918102656403729,0.008400347310839058,0.011641548711407702
3.949999999999938,0.2984148635118022,0.10103436144925973,0.1922216034969191,0.008005374035800698,0.011641548711407702
3.954999999999938,0.2986362496597345,0.10072267418844416,0.19286439684577739,0.0073006099298462395,0.011641548711407702
3.959999999999938,0.29915121538543366,0.10048815783332574,0.19370212202321557,0.006373539079869852,0.011641548711407702
3.9649999999999377,0.2998121591265841,0.100422961019786,0.19445802535097997,0.005561264535010434,0.009171258407413561
3.9699999999999376,0.30042906692102744,0.09984207876412901,0.1955253224043849,0.004497974780293787,0.009171258407413561
3.9749999999999375,0.30100637809555136,0.09878377168050692,0.1969033484391086,0.0034758105653090285,0.009171258407413561
3.9799999999999374,0.30129985093339434,0.09793024985250916,0.19857811219103788,0.002827586084164315,0.009171258407413561
3.9849999999999373,0.301210754127633,0.09758341917602417,0.20053584444220685,0.0027555249413917502,0.0053459494109989545
3.989999999999937,0.3008016541745561,0.09771722025002044,0.20191185443102158,0.003083653704279526,0.0053459494109989545
3.994999999999937,0.3002024695387726,0.09833459815649934,0.2021081486550343,0.002694224928655563,0.0053459494109989545
3.999999999999937,0.29948029761803935,0.0994177459225205,0.20110199216189117,0.0013503692463273243,0.0053459494109989545
4.004999999999937,0.29866605562077086,0.10093845132604162,0.19911888378820064,0.0018537702869886323,0.0011077975565863631
4.009999999999937,0.2981890630830389,0.1018466792376062,0.19684670576845276,0.004078355211911727,0.0011077975565863631
4.014999999999937,0.297925242629673,0.1021722629264562,0.19450246863403514,0.0062646784025319055,0.0011077975565863631
4.0199999999999365,0.29781327201984437,0.10194294742197624,0.19219912087700305,0.008331298760419612,0.0011077975565863631
4.024999999999936,0.2979781659538056,0.10125772345998633,0.19086921019251865,0.009436154074651188,0.012490527814813947
4.029999999999936,0.29834498524105085,0.10013031834408569,0.19059545796216354,0.009549945950872083,0.012490527814813947
4.034999999999936,0.29897908717977606,0.09862669785406232,0.1910873332722285,0.009075453155124553,0.012490527814813947
4.039999999999936,0.29988263517937364,0.0967826674662464,0.1921776871456413,0.008458935011296381,0.012490527814813947
4.044999999999936,0.3006790188145825,0.09560455519480736,0.193779517423879,0.007646921280219716,0.009943276246594747
4.049999999999936,0.30104772777219346,0.0949681282009083,0.1956414050939987,0.006739051627769337,0.009943276246594747
4.054999999999936,0.3010980796632434,0.09484967276068476,0.19760524732444026,0.005785022903667882,0.009943276246594747
4.059999999999936,0.3009487536225901,0.09524507017391057,0.19945033278728308,0.004879715681486862,0.009943276246594747
4.0649999999999356,0.30065829049221016,0.09613118300341927,0.20108765007763985,0.0040723548490469485,0.002341347719917029
4.0699999999999354,0.30000819031298154,0.09738195346043929,0.2018706564044207,0.0032176995117525675,0.002341347719917029
4.074999999999935,0.2993418335541582,0.09835541092373559,0.20171640573948943,0.002466557309845534,0.002341347719917029
4.079999999999935,0.29882926113322755,0.09876994940759307,0.20058625921365714,0.0017964837376525681,0.002341347719917029
4.084999999999935,0.29851256146753136,0.09869027866016972,0.19869762397664498,0.002371503042816803,0.005555524361625533
4.089999999999935,0.2985710889464348,0.09817267191217453,0.1963280638267924,0.004343274110583759,0.005555524361625533
4.094999999999935,0.29895847194499486,0.0972452801902915,0.19348772908617026,0.007147232637495173,0.005555524361625533
4.099999999999935,0.2995507107857347,0.09661983679919323,0.19109459955179642,0.00953590694192263,0.005555524361625533
4.104999999999935,0.2999337743151417,0.09649828116408542,0.18983369721374674,0.01075268027000315,0.011041831455827681
4.109999999999935,0.3002526722440436,0.0965232595064709,0.18961601156181432,0.010953482715859338,0.011041831455827681
4.1149999999999345,0.3005260925091543,0.09666230488750047,0.19036137079609486,0.010213723851885015,0.011041831455827681
4.119999999999934,0.30077692731068956,0.09682406400409373,0.19200819883827822,0.008634759481577143,0.011041831455827681
4.124999999999934,0.3010183402028298,0.09692027980433346,0.1944992930412796,0.006385880542103095,0.0076993480704969025
4.129999999999934,0.30116089002918356,0.09756172770246418,0.19648515469669295,0.004432490830556579,0.0076993480704969025
4.134999999999934,0.3012239887371656,0.09871166281163499,0.19801136108625525,0.0026669544182254977,0.0076993480704969025
4.139999999999934,0.3012357128911056,0.10001136483251571,0.19932014685138622,0.0014104310732335863,0.0076993480704969025
4.144999999999934,0.30125323571079254,0.10069072540967886,0.2002726722741771,0.001456726298069286,0.0044278036725229454
4.149999999999934,0.30114812303599836,0.10074389956871724,0.2006539220070254,0.0015163070485227936,0.0044278036725229454
4.154999999999934,0.30093689278978974,0.10022180858529717,0.20052201438784675,0.0010952014285922791,0.0044278036725229454
4.1599999999999335,0.3004730592573279,0.09957795310707794,0.1999139554680119,0.0006397751966541663,0.0044278036725229454
4.164999999999933,0.3000214043802531,0.09918147680370494,0.19905614735632013,0.0012495183805565295,0.006707260140333643
4.169999999999933,0.2996454670408749,0.0984393419385735,0.1982448694350217,0.002375253776741047,0.006707260140333643
4.174999999999933,0.29940894664292683,0.09780710357863978,0.19699726918048405,0.0037649078554717564,0.006707260140333643
4.179999999999933,0.29929632029852865,0.09751301469762672,0.19535254488739173,0.005317809703269983,0.006707260140333643
4.184999999999933,0.2993936701638636,0.0976119515083982,0.19407481395752477,0.006417027435376469,0.005976914735427331
4.189999999999933,0.29971453702041717,0.09798558153824888,0.1931324580947203,0.007162576538685576,0.005976914735427331
4.194999999999933,0.3002997488634142,0.09844027316943663,0.19248007425307484,0.007685823339523587,0.005976914735427331
4.199999999999933,0.30114844478669633,0.09884488546915804,0.19201618360318795,0.008148284436950969,0.005976914735427331
4.204999999999933,0.30195336973779396,0.09903677104791643,0.19161178380640437,0.008666350688563296,0.005628103025086292
4.2099999999999325,0.30270645509548244,0.09869492967806612,0.19161804379641376,0.008904229193360515,0.005628103025086292
4.214999999999932,0.3032929818545932,0.09818451791959448,0.19201795866120297,0.008823417059916102,0.005628103025086292
4.219999999999932,0.3036144394339148,0.09783559759044158,0.19278100948342763,0.008358387062723448,0.005628103025086292
4.224999999999932,0.30356889735607007,0.09773912305684242,0.19345901256661918,0.007786726494099528,0.009895662724980476
4.229999999999932,0.303091466458811,0.09789937120295461,0.1936122879653354,0.007400856115796959,0.009895662724980476
4.234999999999932,0.3023799333623379,0.09813049508020276,0.1935865697788171,0.007091630183272211,0.009895662724980476
4.239999999999932,0.301610600599511,0.0982567025503715,0.1936703848641402,0.0067599665721904305,0.009895662724980476
4.244999999999932,0.300874142541517,0.09821005918823328,0.1941501477277402,0.006179707509241945,0.007342913873878195
4.249999999999932,0.3001910402793123,0.09868529380573697,0.1939574116795532,0.006186907335329477,0.007342913873878195
4.2549999999999315,0.2996572697165888,0.09968314076437332,0.19383099653191824,0.006186636211348942,0.007342913873878195
4.259999999999931,0.2994838863065946,0.10065011675081974,0.19395563421267847,0.006101096860824293,0.007342913873878195
4.264999999999931,0.29980615615353967,0.10115420712808457,0.19430957234719415,0.005809538398457263,0.008006557491211777
4.269999999999931,0.3004580715470795,0.10117910457874874,0.1944046285111833,0.005736575568031255,0.008006557491211777
4.274999999999931,0.30138479105755983,0.10074755081161434,0.19414364281136343,0.006064107354750438,0.008006557491211777
4.279999999999931,0.3022395244412858,0.10023928747972494,0.19396625032193024,0.0064404086360010425,0.008006557491211777
4.284999999999931,0.30279024785330516,0.09990733802506938,0.19418746208261858,0.006448229707870912,0.00817830944960268
4.289999999999931,0.30315007457400867,0.09938117762765056,0.19451267581043946,0.00635740809698988,0.00817830944960268
4.294999999999931,0.30313071703213346,0.09891146814078028,0.1943343354503686,0.006563996155755809,0.00817830944960268
4.2999999999999305,0.30281468891438584,0.09866009965301867,0.19403520617098963,0.00673027280629899,0.00817830944960268
4.30499999999993,0.3022997311719182,0.0986273928270904,0.19385569338438002,0.006702635131123193,0.004548599179637408
4.30999999999993,0.3015075509841342,0.09905347979339373,0.1937817779267382,0.0064679901224165715,0.004548599179637408
4.31499999999993,0.3005499329716938,0.09965904038614214,0.19380136626196892,0.006232314172913251,0.004548599179637408
4.31999999999993,0.2998839584752602,0.10012957231158648,0.19421898362221188,0.005783632507313067,0.004548599179637408
4.32499999999993,0.2997428696105246,0.10022666908157082,0.1948802315867867,0.0051312302145459015,0.005850413466117437
4.32999999999993,0.30003508722273997,0.09989945480156442,0.19551049061516146,0.004490772201602025,0.005850413466117437
4.33499999999993,0.30057448540215204,0.09912016596143812,0.19589262862109943,0.004239651053672877,0.005850413466117437
4.33999999999993,0.3010529994853711,0.09844854357249946,0.19623829391120132,0.004203124749651119,0.005850413466117437
4.34499999999993,0.3012508780713984,0.09825638594256156,0.19673231212034767,0.003909305566162508,0.005446284690435994
4.3499999999999295,0.3013994644003346,0.09858984825178474,0.19686736947132516,0.003709501663294434,0.005446284690435994
4.354999999999929,0.3015772951417083,0.09919984530112733,0.19666863751374458,0.00377174807231535,0.005446284690435994
4.359999999999929,0.3016168790370987,0.0996402113889064,0.19599687671092256,0.0043322905873032416,0.005446284690435994
4.364999999999929,0.30161201409364424,0.09974603817448688,0.19546614623927774,0.004818601038739471,0.005381170796789246
4.369999999999929,0.3013702838208752,0.10006512339861176,0.19506116780296645,0.005125815279275532,0.005381170796789246
4.374999999999929,0.3010091920035446,0.10032528361145382,0.19477014798758224,0.005336256178229169,0.005381170796789246
4.379999999999929,0.3005992040055845,0.10037432771720878,0.1945820413951043,0.00546383035283333,0.005381170796789246
4.384999999999929,0.3001601496221834,0.10018792482485409,0.19448634123099687,0.005519184420028668,0.005716561518552047
4.389999999999929,0.2999403624514706,0.0995654527983102,0.195374175957838,0.00464657249773801,0.005716561518552047
4.3949999999999285,0.29995677228633216,0.09855426238577947,0.19670972199577322,0.0035941557046822122,0.005716561518552047
4.399999999999928,0.30010781229815153,0.09766957066816938,0.19760596508028047,0.003342742520614743,0.005716561518552047
4.404999999999928,0.3001969056361981,0.09741197114044059,0.19811655692114877,0.0032068712226641792,0.004186759247861754
4.409999999999928,0.30025084202220365,0.09768301710415789,0.19826092125396488,0.00290787316515684,0.004186759247861754
4.414999999999928,0.3002695982558157,0.09844357277306758,0.19806619133336323,0.002496951119152108,0.004186759247861754
4.419999999999928,0.3002491062284908,0.09965576359547582,0.19755658071251786,0.0024800908107794066,0.004186759247861754
4.424999999999928,0.3004344232083731,0.10062785344603437,0.19675501853407437,0.0033335908848974435,0.0052651212218939565
4.429999999999928,0.30065065859026563,0.10096145410828435,0.19609856829765712,0.0040704938191169675,0.0052651212218939565
4.434999999999928,0.30090648973709305,0.10070939480915432,0.19556700648783348,0.004579999576159442,0.0052651212218939565
4.439999999999928,0.3010648732586139,0.10027297370551433,0.19514812789525382,0.004974850009962863,0.0052651212218939565
4.4449999999999275,0.3010621774600968,0.0998569913540894,0.19483082506850957,0.005279113742087021,0.007425653810025445
4.449999999999927,0.3009891488862525,0.09925656021630144,0.19461508746706757,0.005525251235780434,0.007425653810025445
4.454999999999927,0.30075864542590175,0.09873042529478751,0.19449068040411138,0.0057043812305980655,0.007425653810025445
4.459999999999927,0.30050138266028603,0.09846903457729875,0.19499587862601636,0.005257040081937969,0.007425653810025445
4.464999999999927,0.3004728868406035,0.09856702593339961,0.19573216464088436,0.004526748865585885,0.007296937415852498
4.469999999999927,0.30038668838663873,0.09921545874007917,0.19606966508464302,0.004026483011730424,0.007296937415852498
4.474999999999927,0.30025039370458445,0.10037450206174293,0.19604752269721082,0.0039780680776740065,0.007296937415852498
4.479999999999927,0.299944700796316,0.10195715603768661,0.19597923559458935,0.0044721431284786214,0.007296937415852498
4.484999999999927,0.2997480403660264,0.10290659544702843,0.1961503760601369,0.004830257263149197,0.006029393216033797
4.4899999999999265,0.29960960249427915,0.10321341788090421,0.19669206955919075,0.0046282684117303,0.006029393216033797
4.494999999999926,0.2995237924309829,0.10292785422531828,0.197588218386305,0.0038230608896093346,0.006029393216033797
4.499999999999926,0.29944003754171294,0.1020782674850877,0.1985478751042165,0.0025964245429470644,0.006029393216033797
4.504999999999926,0.299263501769354,0.10067367865844495,0.1989602495566716,0.0014413027312089781,0.005179124866543095
4.509999999999926,0.298836642154548,0.0997994666570742,0.19934852643873766,0.001348344503168046,0.005179124866543095
4.514999999999926,0.29844700072052555,0.09951985826059435,0.19909739572725552,0.0018593109812896395,0.005179124866543095
4.519999999999926,0.29808394387674375,0.09978499735478924,0.1982436595687697,0.0026081083020629476,0.005179124866543095
4.524999999999926,0.29783012040198337,0.10031047460054017,0.19681711040982391,0.0038646549769314094,0.0041299182754803146
4.529999999999926,0.2976161729164924,0.10138888335344017,0.19526611845491657,0.0054791662701919475,0.0041299182754803146
4.5349999999999255,0.2975551089071885,0.10287750389263499,0.19407826206703038,0.007023140412565438,0.0041299182754803146
4.539999999999925,0.29796384110475516,0.1039007922218523,0.19320646361897714,0.008094087939047201,0.0041299182754803146
4.544999999999925,0.29851434031339164,0.10439057871730115,0.19334921516973141,0.008106621061562076,0.009687332330718008
4.549999999999925,0.2990369377964266,0.10431960106799196,0.1938513517179456,0.007575771768668823,0.009687332330718008
4.554999999999925,0.29954399810025417,0.10373379094204727,0.19469694141327437,0.006501658473476633,0.009687332330718008
4.559999999999925,0.3000330988318866,0.10267132073003601,0.19587140819419838,0.004917552264523965,0.009687332330718008
4.564999999999925,0.30049714532604327,0.10116679067185594,0.19735957263897397,0.002929233789917024,0.006982722608680405
4.569999999999925,0.30069339580570686,0.0994709915029521,0.1982526791923759,0.0019528895867603252,0.006982722608680405
4.574999999999925,0.30040008376752336,0.0982657185456097,0.1985931151740502,0.0022687274180839072,0.006982722608680405
4.579999999999925,0.2996711507134055,0.09750068941507495,0.1984214331259331,0.0029743181788627624,0.006982722608680405
4.5849999999999245,0.29876071393181897,0.09722551350368139,0.19806265559800146,0.003603735368891155,0.005713955371098712
4.589999999999924,0.2980609000430905,0.09754643790123027,0.19800631771441302,0.003708752441356681,0.005713955371098712
4.594999999999924,0.29754107529233736,0.09841265225999918,0.19822681813329263,0.003422010739033316,0.005713955371098712
4.599999999999924,0.29713423023616514,0.0997643138688036,0.198388247914983,0.003296350872602165,0.005713955371098712
4.604999999999924,0.2968755003712479,0.10134780519205963,0.19829591124587612,0.0038056530645536354,0.002381056157438914
4.609999999999924,0.2969745133731301,0.10240828881668906,0.19758138183429536,0.004561045733758302,0.002381056157438914
4.614999999999924,0.2973192179291309,0.10296814410209978,0.19683273799917508,0.00510176641019484,0.002381056157438914
4.619999999999924,0.29775796315669967,0.10300836173243003,0.19679463959843488,0.004934704127279285,0.002381056157438914
4.624999999999924,0.2983186105781358,0.10258137205507681,0.19762383452082982,0.0038905930729245274,0.006776450916733303
4.6299999999999235,0.2987468813632782,0.10162300594934562,0.19809839568348347,0.002796525273603841,0.006776450916733303
4.634999999999923,0.29910601253733154,0.10019774472377511,0.19858586362458538,0.001684665618887046,0.006776450916733303
4.639999999999923,0.29920398855554375,0.09894402400256849,0.19929192356914469,0.0015000305859513656,0.006776450916733303
4.644999999999923,0.29893440363371987,0.09824615995758566,0.20033904867993743,0.002080001085954679,0.0021836860133067444
4.649999999999923,0.2986577918508084,0.09811198562344348,0.20099981378116852,0.002523043519017258,0.0021836860133067444
4.654999999999923,0.2983740403278267,0.09849853799978783,0.20130311241908377,0.002568313643304744,0.0021836860133067444
4.659999999999923,0.29807887807380723,0.09936466211893286,0.20127465408854278,0.0023914653925692243,0.0021836860133067444
4.664999999999923,0.297662824240798,0.10063125667390621,0.20019345123183327,0.0024286413685125257,0.004652614694434316
4.669999999999923,0.29748516210685916,0.1017409125658513,0.1985817820789479,0.0033714282229211634,0.004652614694434316
4.6749999999999226,0.2974738387850639,0.10224573618815258,0.196939163264326,0.004559993753622583,0.004652614694434316
4.6799999999999224,0.2975228364475583,0.10215406042276601,0.19548065327295064,0.0055857685603472994,0.004652614694434316
4.684999999999922,0.2976308251804221,0.10151401928939198,0.1941908037232045,0.006453836464980173,0.005072911568575817
4.689999999999922,0.29779473474733387,0.1004286460102485,0.19319767198149432,0.007163700071057284,0.005072911568575817
4.694999999999922,0.2981320685971872,0.09898015761778971,0.19324654731035443,0.007080845249082036,0.005072911568575817
4.699999999999922,0.29859484485194954,0.09767424022478083,0.19393370854236186,0.006647067892773012,0.005072911568575817
4.704999999999922,0.2990333258753299,0.09707038781304582,0.19501981344604938,0.005858271463615176,0.009609064435099584
4.709999999999922,0.2993730717898706,0.09706544557310431,0.19568864692498544,0.005252848180035923,0.009609064435099584
4.714999999999922,0.2996300294673311,0.09761752475049133,0.19598024993603833,0.004687372087458462,0.009609064435099584
4.719999999999922,0.29975645327343176,0.09866428918910242,0.1960494729682557,0.004177331948374861,0.009609064435099584
4.7249999999999215,0.29955642962455187,0.10008766864934948,0.1963997012581299,0.0036285798187122103,0.005843911197743732
4.729999999999921,0.2990281727110962,0.10178839179512422,0.19710652959769664,0.0035376495673442947,0.005843911197743732
4.734999999999921,0.2981299542357027,0.10359772701251486,0.19749025236815326,0.004768599793724113,0.005843911197743732
4.739999999999921,0.2972069859778713,0.10462249547333087,0.1973587726319987,0.006012027423278347,0.005843911197743732
4.744999999999921,0.296370600756205,0.10497235815121338,0.19711343363110642,0.006799202148548389,0.00742744195804877
4.749999999999921,0.2959744908554277,0.10486832055167389,0.19627926308326746,0.007331381320762263,0.00742744195804877
4.754999999999921,0.2959743268398132,0.10434258221639627,0.19488100268550512,0.007827400475548408,0.00742744195804877
4.759999999999921,0.29638719144395714,0.10344735220655554,0.19331358587218783,0.008345343419372628,0.00742744195804877
4.764999999999921,0.29725796267366744,0.10224033017756687,0.192107389722914,0.008650499695941356,0.007508678042847371
4.7699999999999205,0.2985239427561922,0.10078803580179456,0.191224352674186,0.00893374117595613,0.007508678042847371
4.77499999999992,0.29972919432780276,0.09962671511925696,0.1911214381513866,0.008890530794836668,0.007508678042847371
4.77999999999992,0.3006450022709556,0.09907250029495807,0.1919851534579621,0.008094074914701974,0.007508678042847371
4.78499999999992,0.3012939451356752,0.0990614584018494,0.1937552165354467,0.006446120916082411,0.009518135369817235
4.78999999999992,0.3015242934109548,0.09948741927058781,0.19577015834899222,0.004525236988207949,0.009518135369817235
4.79499999999992,0.3012924188285376,0.10028806059279585,0.19753279246834532,0.0028000782735012972,0.009518135369817235
4.79999999999992,0.30058064962800984,0.10141203230770704,0.19867955301848847,0.002018556280983856,0.009518135369817235
4.80499999999992,0.2995064716241713,0.10264297207090413,0.19925428731055703,0.002790153945667443,0.003413570521234227
4.80999999999992,0.298434040519437,0.103137408723776,0.19929129319395322,0.0035774051953514894,0.003413570521234227
4.81499999999992,0.2977469338411457,0.10313232473907556,0.19865960735593513,0.0040846563903788055,0.003413570521234227
4.8199999999999195,0.29745407064243423,0.10268426644207916,0.19775906515116728,0.0043253706919176805,0.003413570521234227
4.824999999999919,0.2974891963074029,0.10181400995738055,0.19643463154649635,0.004722988409627329,0.01033086284040022
4.829999999999919,0.2980099343842004,0.10062712531006685,0.19548140927345212,0.004977078406430699,0.01033086284040022
4.834999999999919,0.2989761895846835,0.09914317416928042,0.19486388689071824,0.005306787742319724,0.01033086284040022
4.839999999999919,0.30004185317355386,0.0980647354761513,0.19428066444285086,0.006038029453445428,0.01033086284040022
4.844999999999919,0.3009981513657547,0.09759244295679079,0.19309328917343516,0.007382092623846742,0.007310190199901794
4.849999999999919,0.30154657299268384,0.09760763509652493,0.19206577873603234,0.008430134335743125,0.007310190199901794
4.854999999999919,0.3017211595703402,0.09807402017069416,0.1911871309830825,0.009183596728886315,0.007310190199901794
4.859999999999919,0.30155457324076085,0.09895858152429933,0.19043382187776678,0.009747461939844349,0.007310190199901794
4.8649999999999185,0.30119235487730817,0.1002753779314551,0.19049521493153104,0.009583239658714778,0.010192535861487129
4.869999999999918,0.3008804012633128,0.10095650788152483,0.19092990360409187,0.00916278682186417,0.010192535861487129
4.874999999999918,0.3006157744468285,0.101069378192752,0.19171723903776494,0.008374179186405418,0.010192535861487129
4.879999999999918,0.3003952778884518,0.10065762296532507,0.19284150326937813,0.007199499150353865,0.010192535861487129
4.884999999999918,0.30021035968033677,0.09976058612010194,0.194286536693618,0.005722345074737526,0.008390567689809687
4.889999999999918,0.3002123544358129,0.09888614959247014,0.19530550192196763,0.0048294999059336945,0.008390567689809687
4.894999999999918,0.30023901450641816,0.09841304802253864,0.19594181759109158,0.004363987737954894,0.008390567689809687
4.899999999999918,0.3002238998615072,0.09848320067173758,0.1962227101338394,0.004076607668540096,0.008390567689809687
4.904999999999918,0.30041138400362155,0.09892153985516802,0.19676430787090093,0.0034354063277493747,0.006287887578968085
4.9099999999999175,0.3005673080223712,0.09984458271068805,0.19663077140988228,0.003420189208001589,0.006287887578968085
4.914999999999917,0.30081708692217296,0.10088191680688144,0.1958565957175316,0.004314302648241488,0.006287887578968085
4.919999999999917,0.3010189428057922,0.10148155651269873,0.1952135379105215,0.0051130688901882245,0.006287887578968085
4.924999999999917,0.30126321585176885,0.1014769018334199,0.19467906969405271,0.005664737649217972,0.0065199599122571445
4.929999999999917,0.3015278379874956,0.10096489308816986,0.194253512763902,0.006023904310517402,0.0065199599122571445
4.934999999999917,0.30180918839687093,0.09998224534908887,0.19392782576881057,0.0063359906705204765,0.0065199599122571445
4.939999999999917,0.3018684529977888,0.09918450008487308,0.1936923893737012,0.0066288844106316795,0.0065199599122571445
4.944999999999917,0.30168466682552736,0.09893588754288085,0.19422954077682794,0.006104804442463348,0.010020077676036057
4.949999999999917,0.3018199971038602,0.09830189131164191,0.19439961546350032,0.006128643368005818,0.010020077676036057
4.954999999999917,0.30207319379315295,0.09779105907164434,0.19422328680276696,0.006522880337091832,0.010020077676036057
4.9599999999999165,0.3023402612825188,0.0976511701168452,0.19372488433210783,0.007097246038843766,0.010020077676036057
4.964999999999916,0.30259285485089094,0.09792119314313125,0.19292686595532377,0.00781495741766463,0.004566744186756623
4.969999999999916,0.30263820669933883,0.09861937048111524,0.19221683780557455,0.008333299838694515,0.004566744186756623
4.974999999999916,0.30234816430857,0.0996589369301061,0.1919505885257242,0.008391854665083914,0.004566744186756623
4.979999999999916,0.301805064077965,0.10086820812003405,0.19209441338761296,0.008155387259425882,0.004566744186756623
4.984999999999916,0.30127022101857065,0.101592434381272,0.19262873899964197,0.007647535382727899,0.010388679732234627
4.989999999999916,0.30083644461173836,0.10170203953452578,0.19322555300602276,0.007034892340313553,0.010388679732234627
4.994999999999916,0.30050381634903395,0.10124863381552167,0.1938905547275444,0.00625605617429609,0.010388679732234627
4.999999999999916,0.3003669148305753,0.10031827824658412,0.19434382690625707,0.005676990540905138,0.010388679732234627
