time_s,ee_x,ee_y,ee_z,error_true_m,error_measured_m
0.005,0.3913614999999999,-0.0009794652485835562,0.24634517669302677,0.14384592968467252,0.14335602169782033
0.01,0.39138777521394646,-0.0009794878118838338,0.24623686254200583,0.14382777852359935,0.14335602169782033
0.015,0.39142518101422014,-0.0009795091926832178,0.24608425199476955,0.14380258440721966,0.14335602169782033
0.02,0.3914581011243018,-0.0009795133515549436,0.24595198998169557,0.14378119404587558,0.14335602169782033
0.025,0.391477870188091,-0.000979495787804888,0.24587186176051828,0.14376817104312287,0.14115070241087257
0.030000000000000002,0.39148402973386065,-0.000979465138068505,0.24584634487157256,0.14376392946076377,0.14115070241087257
0.035,0.3914776530727935,-0.0009794285091421612,0.24587055691229695,0.1437675693095755,0.14115070241087257
0.04,0.3914639596301399,-0.0009793951831562,0.24592318662280363,0.14377563504423393,0.14115070241087257
0.045,0.39144954588926917,-0.000979372613147678,0.2459780764255974,0.14378399301903028,0.14251409390803163
0.049999999999999996,0.3912591090448106,-0.0004429385551776412,0.24555527671987296,0.14315129103950136,0.14251409390803163
0.05499999999999999,0.3909036621299041,0.000594296905658076,0.24469316237572938,0.14192409365379627,0.14251409390803163
0.05999999999999999,0.39038831967934123,0.0019814675395873264,0.24342647081849975,0.14022674284136308,0.14251409390803163
0.06499999999999999,0.38971763308847596,0.0030517055836096893,0.24236729115277486,0.13871990786065816,0.14090866715891617
0.06999999999999999,0.3889481721464523,0.0035123050333342393,0.2419727615474107,0.13778013398197522,0.14090866715891617
0.075,0.38841360533850733,0.003410166822951109,0.24198640940177935,0.13751152699529337,0.14090866715891617
0.08,0.388186637838047,0.002783080966772964,0.2421155844131311,0.13784678048453458,0.14090866715891617
0.085,0.3882373997989094,0.0021155882347390817,0.24209608583238626,0.1383447766715873,0.13684768938570427
0.09000000000000001,0.38854312277788616,0.001683579846777129,0.2418088511646386,0.13875872260406472,0.13684768938570427
0.09500000000000001,0.38891945694409863,0.0015839036846666348,0.241585185996614,0.1390026098012385,0.13684768938570427
0.10000000000000002,0.38917246019848256,0.0017648369944935488,0.24187549878589382,0.13912380208697495,0.13684768938570427
0.10500000000000002,0.38925899433029276,0.0020746462131940218,0.24278763667881426,0.13923837414909931,0.13966467717222078
0.11000000000000003,0.38913628447680365,0.0028999401841797593,0.2431698118474094,0.138698707569704,0.13966467717222078
0.11500000000000003,0.38882158286024904,0.004205577526545752,0.24306374874179912,0.13755119561283186,0.13966467717222078
0.12000000000000004,0.3883247455741974,0.0059585709810375635,0.24250705295281358,0.13583777310972286,0.13966467717222078
0.12500000000000003,0.3876708576027239,0.007341120402812085,0.24211636984768387,0.1343340457596292,0.1351905870359062
0.13000000000000003,0.3868858259882881,0.008069839075769206,0.2418684611689468,0.13324139479109956,0.1351905870359062
0.13500000000000004,0.3859845518912094,0.008206940317170374,0.24175129278526677,0.13252350515704253,0.1351905870359062
0.14000000000000004,0.3850543061392751,0.007794875068886669,0.2416077539705563,0.13216363057539732,0.1351905870359062
0.14500000000000005,0.3844615655723575,0.006882845800734184,0.24138977626070976,0.13235435030256884,0.13067053794568215
0.15000000000000005,0.3841874768870532,0.005501623723653229,0.24080692120646505,0.13297623547771525,0.13067053794568215
0.15500000000000005,0.3841929729797214,0.004435653313359398,0.2398780524116954,0.13345883305708342,0.13067053794568215
0.16000000000000006,0.38445047177104175,0.003983441886528177,0.23860670411286686,0.13357222472043986,0.13067053794568215
0.16500000000000006,0.384943182987466,0.004105447098809312,0.23732053012251378,0.13343137404968464,0.1329210946053886
0.17000000000000007,0.38533492857304236,0.004759499717144846,0.2363026930220876,0.13293114175899756,0.1329210946053886
0.17500000000000007,0.385546140048734,0.005906959473828875,0.23570665877046174,0.1320856079716768,0.1329210946053886
0.18000000000000008,0.38558938311687857,0.007514229948740573,0.23550350355018768,0.13091852018962194,0.1329210946053886
0.18500000000000008,0.3854896057350691,0.009550906197452944,0.23626051802092998,0.1296315410136966,0.13018460100919796
0.19000000000000009,0.3851909760036437,0.011310338132915612,0.2370828626311199,0.1284464760726026,0.13018460100919796
0.1950000000000001,0.38473011934391393,0.012387771456903304,0.2379654247648663,0.1276576248874247,0.13018460100919796
0.2000000000000001,0.3841260012755493,0.012847769050505674,0.23890249822025048,0.1272246038227839,0.13018460100919796
0.2050000000000001,0.3833921985955815,0.012731187326500018,0.23988819656327623,0.12712660098153297,0.13134351889908308
0.2100000000000001,0.3825374526935065,0.01207693635869063,0.24091672322810348,0.12734627775059537,0.13134351889908308
0.2150000000000001,0.38156443924279865,0.010921984948989895,0.24181225886434973,0.1278120319287647,0.13134351889908308
0.2200000000000001,0.3808792376753736,0.009317255270170808,0.24142073839159023,0.12837635626387553,0.13134351889908308
0.22500000000000012,0.38046052860506746,0.0075999189552966055,0.23994631748389889,0.12886962373266667,0.13052494915013554
0.23000000000000012,0.3803206099437766,0.006566355083020115,0.23818895739034873,0.12899473962442987,0.13052494915013554
0.23500000000000013,0.38043673730976457,0.006147503103374311,0.23616320746773034,0.12878717893146552,0.13052494915013554
0.24000000000000013,0.3807809766135163,0.006301026431704236,0.23386714544192733,0.12826553461772305,0.13052494915013554
0.24500000000000013,0.3813247504421662,0.006989118156272895,0.2313133115529732,0.12745690509439628,0.1301474980087306
0.2500000000000001,0.3816615564351042,0.008162608852026193,0.22927684247509822,0.12633229879006147,0.1301474980087306
0.2550000000000001,0.3818499286895045,0.009794454139941098,0.2283222319930371,0.12505438878926073,0.1301474980087306
0.2600000000000001,0.3819027393140996,0.011855802225090958,0.22838274757715085,0.12362458763758893,0.1301474980087306
0.2650000000000001,0.38182551533530407,0.014318533360313789,0.22937101520004896,0.12206303789148151,0.12522723997109633
0.27000000000000013,0.38156729868198547,0.016052354076892462,0.23040148125304738,0.12093254951702233,0.12522723997109633
0.27500000000000013,0.38115309710123,0.017103081486306546,0.23147010380664754,0.1202002150654847,0.12522723997109633
0.28000000000000014,0.3805998587903962,0.01753416654816435,0.23257273447930496,0.11982459662104859,0.12522723997109633
0.28500000000000014,0.37991977974243374,0.01738703454420185,0.23370534473449553,0.11978365297130994,0.12098418061506527
0.29000000000000015,0.3790927383184639,0.016704571133224905,0.2342804334761857,0.11987050447932633,0.12098418061506527
0.29500000000000015,0.37813552174993414,0.015520073940435827,0.23435012467802735,0.12009141822611592,0.12098418061506527
0.30000000000000016,0.3774454910591135,0.013888010112482843,0.2331978125106877,0.12047893443780892,0.12098418061506527
0.30500000000000016,0.3770815856947203,0.011839675633085677,0.2317425466196755,0.1213317885452709,0.12027606043042528
0.31000000000000016,0.37696687398338435,0.010488769538244628,0.23000971643206924,0.12180617040973277,0.12027606043042528
0.31500000000000017,0.37707817451479325,0.009794167071910956,0.22800086239247896,0.1219105638388478,0.12027606043042528
0.3200000000000002,0.3773916879648776,0.00969659750350689,0.22573095804829355,0.12168097661746335,0.12027606043042528
0.3250000000000002,0.3778810094554436,0.010158141712725936,0.2232126999062515,0.12114388375500937,0.12126905900838099
0.3300000000000002,0.3782262663084142,0.01112990747549846,0.2218097491245617,0.12038649111401464,0.12126905900838099
0.3350000000000002,0.37844815720858455,0.012573502925970668,0.22145167466557505,0.11940552795417694,0.12126905900838099
0.3400000000000002,0.3785510852078,0.014454451828273101,0.22206205643792093,0.11821610775860587,0.12126905900838099
0.3450000000000002,0.3784632093867618,0.016737314635820122,0.22303310228823184,0.11670335814510821,0.11588430480912548
0.3500000000000002,0.3782068839096726,0.01830471394064083,0.22404569778459918,0.1156228006801851,0.11588430480912548
0.3550000000000002,0.37780470203395655,0.019199007105016295,0.22509504669421138,0.11494404499578315,0.11588430480912548
0.3600000000000002,0.3772714861732584,0.019481690937417973,0.22617669420584124,0.11462678565356209,0.11588430480912548
0.3650000000000002,0.3766178037465696,0.019192793454656784,0.22728648878060267,0.11465009790917569,0.1177412958247267
0.3700000000000002,0.37580195913127096,0.01835696757566533,0.2278319453275091,0.11483091453216461,0.1177412958247267
0.3750000000000002,0.37484115529648177,0.017025772236676274,0.22786955635341288,0.11516350624381007,0.1177412958247267
0.3800000000000002,0.3741558234472316,0.015267801782115379,0.22695968421208887,0.1157819335595473,0.1177412958247267
0.38500000000000023,0.3737738460450339,0.013461780625013095,0.2257327378760187,0.11659167024906028,0.117454350788246
0.39000000000000024,0.3736313036133926,0.012361075550811122,0.22421952032625334,0.1169988680084215,0.117454350788246
0.39500000000000024,0.3737065505253525,0.011884793711102098,0.22241810184413732,0.11704493350835604,0.117454350788246
0.40000000000000024,0.37397573283051727,0.011982429738972402,0.2203420544352537,0.11676172703893098,0.117454350788246
0.40500000000000025,0.374412647230384,0.012613689265223979,0.21800494443000723,0.11617997846271126,0.1160927105638891
0.41000000000000025,0.374723562813521,0.013739693324522378,0.21677600419932636,0.11535114071473018,0.1160927105638891
0.41500000000000026,0.3749255159192538,0.015326588901399782,0.21658535499679255,0.11427376550726133,0.1160927105638891
0.42000000000000026,0.3749951643690034,0.017340283162123583,0.21714592723143397,0.112919822383306,0.1160927105638891
0.42500000000000027,0.37486341476246143,0.01974627757483728,0.21797235657920294,0.11121239334715091,0.11102535667853364
0.43000000000000027,0.3745774749934961,0.02139481974814269,0.21884166191494459,0.10997991799664876,0.11102535667853364
0.4350000000000003,0.374157340388244,0.022363688929121793,0.21975632242514445,0.10916510525767066,0.11102535667853364
0.4400000000000003,0.3736160461172699,0.022728398030383803,0.22071425326613867,0.1087166178891918,0.11102535667853364
0.4450000000000003,0.37296351344321765,0.022530533839693223,0.2217108303248396,0.10861193596716474,0.10738102041888144
0.4500000000000003,0.37213852622953203,0.02181736023899024,0.2221575632839335,0.10866208969668412,0.10738102041888144
0.4550000000000003,0.3711626746697422,0.020601600632297414,0.22210103059518566,0.10888841830825763,0.10738102041888144
0.4600000000000003,0.37053454682669096,0.01893907653564653,0.22167189902041096,0.10961599708113466,0.10738102041888144
0.4650000000000003,0.37021822166563567,0.016854607306739017,0.22089238303898798,0.11081627429691325,0.1080332146043653
0.4700000000000003,0.3701192354605619,0.015476334042959533,0.21978143135666098,0.11158970523712919,0.1080332146043653
0.4750000000000003,0.37022031386836257,0.014762115802643007,0.21836037152610896,0.1119530822478334,0.1080332146043653
0.4800000000000003,0.37050154055028356,0.014650064655139598,0.216647361140184,0.11194736850979052,0.1080332146043653
0.4850000000000003,0.37093959379646213,0.015099412115545444,0.21465796042148982,0.11160372572119179,0.10985795249721367
0.4900000000000003,0.3712383484299425,0.016024544793638858,0.2136093590292284,0.11095942509461693,0.10985795249721367
0.49500000000000033,0.3713448610782734,0.017411465141123284,0.21298664283592983,0.10990727084484464,0.10985795249721367
0.5000000000000003,0.3712285002291089,0.01924029578496561,0.2125068404756896,0.10840687306841924,0.10985795249721367
0.5050000000000003,0.37095667660643866,0.021487556848772613,0.2124811496102243,0.10655905771072788,0.1098050847503931
0.5100000000000003,0.3705527028318274,0.0230392656178856,0.21256192317614755,0.10515911956361153,0.1098050847503931
0.5150000000000003,0.3700355344711642,0.023941565009323255,0.21274040237754155,0.1041737945677045,0.1098050847503931
0.5200000000000004,0.3694194980930773,0.02422074793283089,0.2130001688679902,0.103588446025368,0.1098050847503931
0.5250000000000004,0.36871375175289295,0.023904165504444134,0.21333111172081506,0.10339184806959437,0.1043011122118193
0.5300000000000004,0.3679754572209989,0.023038788758299608,0.2139976137958781,0.10363215723013798,0.1043011122118193
0.5350000000000004,0.3673320457481569,0.021687102421658555,0.21472330982578428,0.10432300879467449,0.1043011122118193
0.5400000000000004,0.36699047972621446,0.019919938748544894,0.21501592090833588,0.10547994342390668,0.1043011122118193
0.5450000000000004,0.3668769565055403,0.018451392790906976,0.2149163769124667,0.1065138533214419,0.10791207130641173
0.5500000000000004,0.3669548434071557,0.017626815437265006,0.21443856255782712,0.10712966292964535,0.10791207130641173
0.5550000000000004,0.3672074600594203,0.01741058932265712,0.21361186867834997,0.10734587282511618,0.10791207130641173
0.5600000000000004,0.36761472288040925,0.017773433025507525,0.21245918740954856,0.10718297634191491,0.10791207130641173
0.5650000000000004,0.36802755833232914,0.018667772598354795,0.2112822892165555,0.1066300612244848,0.10713703700334355
0.5700000000000004,0.36818151034222446,0.020050280307708127,0.21031681988634374,0.10557988825524568,0.10713703700334355
0.5750000000000004,0.36810432295078077,0.021886683413930345,0.20953269565238045,0.10407094368295458,0.10713703700334355
0.5800000000000004,0.3678099414794828,0.024130864966660483,0.20890188650824285,0.10214478644337963,0.10713703700334355
0.5850000000000004,0.3673122928846539,0.02671228570304441,0.20840345541536473,0.09986316589804091,0.10156969178233527
0.5900000000000004,0.36671447713740496,0.028518537203387054,0.20802880025563447,0.0981064861097663,0.10156969178233527
0.5950000000000004,0.36603567632997824,0.029603396599308808,0.20776900912184662,0.0968336192726844,0.10156969178233527
0.6000000000000004,0.3652863795344771,0.0300366114171904,0.20761522855099696,0.09599572282447238,0.10156969178233527
0.6050000000000004,0.36447215547336476,0.02987816466811017,0.20756188793594008,0.09555580971793452,0.09681275154291209
0.6100000000000004,0.3637348442523124,0.029185286366272288,0.2076774763281021,0.09558136681206202,0.09681275154291209
0.6150000000000004,0.36331608729263287,0.028059088699616673,0.20740921461217438,0.0961213716607664,0.09681275154291209
0.6200000000000004,0.3631799874265994,0.026525854710426608,0.20679534928897103,0.09714081330325436,0.09681275154291209
0.6250000000000004,0.36329253602138567,0.024609443906788334,0.20584194915212828,0.09860937802236738,0.09499711962080455
0.6300000000000004,0.3635462724836356,0.02342065235098048,0.20456735344256566,0.09961619321366968,0.09499711962080455
0.6350000000000005,0.3639302296045646,0.022888488328311807,0.2029906218860188,0.10021079437291369,0.09499711962080455
0.6400000000000005,0.3642101705658434,0.022948554150698228,0.20165221562544927,0.1003125173048487,0.09499711962080455
0.6450000000000005,0.3642921191448414,0.02349749032995713,0.20078336197456473,0.09993359908425534,0.10007799846821862
0.6500000000000005,0.3641530492419599,0.02449966235550221,0.20009180833595233,0.09907534072737299,0.10007799846821862
0.6550000000000005,0.3638125919093031,0.025923919299579188,0.1995628386729363,0.09777271464035554,0.10007799846821862
0.6600000000000005,0.36328237808029495,0.027740044917374022,0.1991721988297477,0.09605647161341077,0.10007799846821862
0.6650000000000005,0.36257230220765463,0.02991920570061883,0.19890756391264924,0.09395639493830735,0.0974761307886188
0.6700000000000005,0.3617946374166191,0.03135172247739551,0.19875874027666576,0.09237263634850268,0.0974761307886188
0.6750000000000005,0.36096345932304935,0.0320904360324608,0.198715626656209,0.09126829606046469,0.0974761307886188
0.6800000000000005,0.3600812803108404,0.032243718817442445,0.1987776802929064,0.0905658210858044,0.0974761307886188
0.6850000000000005,0.3593306932717607,0.031886277593842396,0.19980003259259949,0.09033078285443381,0.0894005866088199
0.6900000000000005,0.3588838570275962,0.03107356161717067,0.20036859765420298,0.09065483103960341,0.0894005866088199
0.6950000000000005,0.35871458070606616,0.02983497794823534,0.20053781142517327,0.091492193919169,0.0894005866088199
0.7000000000000005,0.3587939417400694,0.02819679053774462,0.20031827385975806,0.09280371637313348,0.0894005866088199
0.7050000000000005,0.3590413840152812,0.02683072123767186,0.19973331374470538,0.0940196761459959,0.09468369842593684
0.7100000000000005,0.3594066584239682,0.026153078154468087,0.19880476795318744,0.09478368799961236,0.09468369842593684
0.7150000000000005,0.3597953575070745,0.0260803673748239,0.19775929970563727,0.09510319450286098,0.09468369842593684
0.7200000000000005,0.3599759839023588,0.026502692851366524,0.1971642664776036,0.0949052906205266,0.09468369842593684
0.7250000000000005,0.35996335476587576,0.02738746835245423,0.196998139331402,0.09421886665906033,0.09737777182215054
0.7300000000000005,0.35973269586114065,0.028698505140070635,0.19696943018079216,0.09306493688564539,0.09737777182215054
0.7350000000000005,0.3593012989868205,0.030405666423083077,0.19706489392849735,0.09148021739802786,0.09737777182215054
0.7400000000000005,0.35867880153539927,0.03247963880831072,0.19726183082320659,0.08949691891639454,0.09737777182215054
0.7450000000000006,0.35787376385043135,0.03489248012086532,0.19754948892478605,0.08714566364172781,0.0899391773200963
0.7500000000000006,0.35701618345300085,0.036539849379037696,0.19791921927937245,0.08533677718773311,0.0899391773200963
0.7550000000000006,0.35611601271493043,0.03751675680911952,0.19837160616364397,0.08399889421390754,0.0899391773200963
0.7600000000000006,0.35517780845957425,0.037901667848125944,0.198900954262198,0.08307828419015237,0.0899391773200963
0.7650000000000006,0.35424619448267936,0.03774191566215636,0.19940036261371355,0.08257771034768256,0.08313400995220635
0.7700000000000006,0.35364299211203304,0.03711938074954384,0.1994824558778837,0.08265476835592013,0.08313400995220635
0.7750000000000006,0.3533446540786635,0.036065535857596975,0.19918621794137256,0.08327022316042773,0.08313400995220635
0.7800000000000006,0.35331605193269155,0.03460718492127535,0.19854766764857593,0.08438560852935016,0.08313400995220635
0.7850000000000006,0.35352426971791073,0.03276866715999869,0.19757560701481308,0.08596962978648519,0.08657115905002195
0.7900000000000006,0.35383762088212123,0.031599155541287005,0.19627842608045434,0.08712643145079861,0.08657115905002195
0.7950000000000006,0.3542476420816711,0.031033066075348448,0.19467824105307371,0.08790657406973347,0.08657115905002195
0.8000000000000006,0.35468296756596934,0.031021592874253066,0.19294031860252106,0.08830677603026883,0.08657115905002195
0.8050000000000006,0.35489187733397604,0.031498808349390214,0.19170358221985667,0.08817234261821859,0.0930841693391889
0.8100000000000006,0.35485553825499344,0.0324264212590088,0.19067897358475172,0.08753399427961542,0.0930841693391889
0.8150000000000006,0.35460155166001994,0.03377351031529939,0.1898353592408744,0.08643261711530932,0.0930841693391889
0.8200000000000006,0.35414294654094103,0.035509270116186015,0.1891468910924779,0.08490172480015229,0.0930841693391889
0.8250000000000006,0.35348631533495745,0.037657752550997264,0.18861207293509027,0.08292783988467864,0.08221671075409728
0.8300000000000006,0.35277378630007994,0.03911217716824013,0.18821833725898737,0.08143222376050682,0.08221671075409728
0.8350000000000006,0.3520189064101066,0.03992164300332756,0.1879536928616487,0.08037716789732358,0.08221671075409728
0.8400000000000006,0.35122700760370695,0.04015105822508508,0.187806743302301,0.07971685924886523,0.08221671075409728
0.8450000000000006,0.35060944112277403,0.0398712209271381,0.1886315683924455,0.07941049578467706,0.07751760870387128
0.8500000000000006,0.35017102281457124,0.039121276845841865,0.18929909344812929,0.0796106768227273,0.07751760870387128
0.8550000000000006,0.3500090829610497,0.03794895737728261,0.1895501670586094,0.08037685784897551,0.07751760870387128
0.8600000000000007,0.35009033386533744,0.036370745006149056,0.18940875290383857,0.08166944442608523,0.07751760870387128
0.8650000000000007,0.35029345418274715,0.03525778219422302,0.18889127496214417,0.0827308290301109,0.08146910374040614
0.8700000000000007,0.3505896879016414,0.034744055874580855,0.18802376291921657,0.08343311704773138,0.08146910374040614
0.8750000000000007,0.350755877129156,0.03476083043058197,0.18739873570049104,0.08361279908724108,0.08146910374040614
0.8800000000000007,0.35072915132645377,0.03526233218365693,0.1871999747531003,0.08323612842343582,0.08146910374040614
0.8850000000000007,0.35052017333193575,0.0362140268657781,0.18740820950550058,0.08233766738271056,0.08236614401446352
0.8900000000000007,0.35010255862194684,0.03757800412427577,0.18773396533580133,0.08097670996007357,0.08236614401446352
0.8950000000000007,0.34949170892323017,0.03932391423314878,0.18816364922722703,0.07919037716632085,0.08236614401446352
0.9000000000000007,0.34869529848121766,0.041422102007425785,0.1886745882650197,0.07701212358044765,0.08236614401446352
0.9050000000000007,0.3477145642000354,0.04389771186204332,0.18926832262764298,0.07442657637119938,0.07675422380914398
0.9100000000000007,0.3467123960547879,0.045652339943462204,0.18993561262196929,0.0723671748246083,0.07675422380914398
0.9150000000000007,0.3457007869744937,0.04673788346683299,0.19066778037948884,0.07079904879817363,0.07675422380914398
0.9200000000000007,0.34489186877584743,0.04725706585610767,0.1909206149324337,0.06985364856254837,0.07675422380914398
0.9250000000000007,0.3443736294801879,0.04726826299565801,0.19055127699697288,0.06956244279155259,0.07188412540623228
0.9300000000000007,0.34414089873289155,0.04681054056100627,0.1898295067927569,0.06986398548922275,0.07188412540623228
0.9350000000000007,0.3441718048355394,0.04591619172027188,0.18879038118708774,0.07072384473710523,0.07188412540623228
0.9400000000000007,0.3444351460296525,0.04461279885162264,0.18744000308026443,0.07211087141583523,0.07188412540623228
0.9450000000000007,0.3449043754504304,0.04290552131935691,0.18579496160901324,0.07401327952534623,0.07404015022170773
0.9500000000000007,0.3451295943835233,0.041812562123935984,0.18463974744907974,0.07522230769014071,0.07404015022170773
0.9550000000000007,0.345146422317808,0.04127600108666012,0.18394074628400112,0.07579318654329452,0.07404015022170773
0.9600000000000007,0.3449742099562677,0.0412574363281614,0.18367797347607798,0.07576131531182703,0.07404015022170773
0.9650000000000007,0.3446257878091601,0.041719769442956585,0.1838312045104991,0.07516299727227237,0.07712051786476684
0.9700000000000008,0.3440797971953018,0.04262252137121724,0.18410561487336302,0.07407992341470945,0.07712051786476684
0.9750000000000008,0.34335212127652504,0.043933227661288134,0.18448698611682923,0.0725502789753074,0.07712051786476684
0.9800000000000008,0.3424505054686095,0.04562013715833157,0.18495213025737567,0.07060915861989936,0.07712051786476684
0.9850000000000008,0.3413824954059639,0.047653252020585,0.18549004651690237,0.06828785909754873,0.07122226588356351
0.9900000000000008,0.3403180077538693,0.04899947478962615,0.18610333856247077,0.06648091846601065,0.07122226588356351
0.9950000000000008,0.33955010330790486,0.04975997907283104,0.18602135182794552,0.06544977447742968,0.07122226588356351
1.0000000000000007,0.3391663711981445,0.05001666383496699,0.18575285822870294,0.06507933293810701,0.07122226588356351
1.0050000000000006,0.33922278663197714,0.04982062120664062,0.18571483395799115,0.06527222239293537,0.06747400359336683
1.0100000000000005,0.3395056495014467,0.04917076457663837,0.1852886828738064,0.0660358263962988,0.06747400359336683
1.0150000000000003,0.3399984563001497,0.04809773231055828,0.18451131241282903,0.06733217166313914,0.06747400359336683
1.0200000000000002,0.34066085381464695,0.04674141406482442,0.18340602413719434,0.06903000828397712,0.06747400359336683
1.0250000000000001,0.3411486683023214,0.04584282925457607,0.1825787614236468,0.07021190497157649,0.06788459102064574
1.03,0.34139574615738805,0.04547916279238941,0.18219449535750593,0.07073305793841775,0.06788459102064574
1.035,0.3414279399351197,0.045615675339949195,0.18222151228649738,0.0706399575408767,0.06788459102064574
1.0399999999999998,0.3412096565475058,0.04620860265755427,0.18244397148174551,0.06999974541489441,0.06788459102064574
1.0449999999999997,0.3405909156709027,0.04719650808477894,0.18219960533925547,0.06893972181203965,0.06961167890620168
1.0499999999999996,0.3397890209410057,0.048579686596435266,0.18209984092045509,0.0674361217229878,0.06961167890620168
1.0549999999999995,0.33881716859340466,0.05032767717912971,0.18212864936941184,0.06552478466497222,0.06961167890620168
1.0599999999999994,0.337680775222443,0.052410560461575016,0.18226122738835704,0.06323969979936067,0.06961167890620168
1.0649999999999993,0.3363856333523901,0.05480019226236944,0.18248510563609505,0.06061112487449874,0.06203255117648194
1.0699999999999992,0.33522715064893127,0.056495112091535404,0.18252362653676643,0.058643422855397725,0.06203255117648194
1.074999999999999,0.33441756569361475,0.05759203921015041,0.1820629242650165,0.057486891136590806,0.06203255117648194
1.079999999999999,0.33409835982122016,0.0581839489994353,0.1818522312795875,0.056926459342811875,0.06203255117648194
1.0849999999999989,0.3342270390385862,0.05831299827560657,0.18186915815523247,0.05690363556152154,0.0553984945511724
1.0899999999999987,0.33458062602761074,0.05797184511319776,0.18149715755592302,0.05748513441021815,0.0553984945511724
1.0949999999999986,0.33514458175055617,0.05719297268742293,0.1807732683000367,0.05862806858172645,0.0553984945511724
1.0999999999999985,0.33580072546172496,0.05598480435333816,0.17999904847436823,0.06015868560175159,0.0553984945511724
1.1049999999999984,0.33636669904972216,0.05434239519314622,0.1796722100055901,0.0618091637423508,0.05803098345804922
1.1099999999999983,0.336672003209587,0.053300116526351554,0.17974825200360053,0.06273633901309492,0.05803098345804922
1.1149999999999982,0.3367441631058131,0.052799694209236914,0.18021075846156823,0.06300489242713249,0.05803098345804922
1.119999999999998,0.33645179703218914,0.05277495605837225,0.18045530368594911,0.06277685430294402,0.05803098345804922
1.124999999999998,0.33575508511668706,0.05317852717248682,0.18023200578062487,0.06214056666056676,0.06233385461173302
1.129999999999998,0.3348806647420849,0.05401451682803331,0.1801512073225749,0.06103523577541388,0.06233385461173302
1.1349999999999978,0.33384291634758034,0.05524982568308903,0.18019666177833632,0.05949868312008969,0.06233385461173302
1.1399999999999977,0.3326480003743302,0.05685193264650099,0.1803434259115306,0.057567599825594944,0.06233385461173302
1.1449999999999976,0.3313023226212537,0.05879034101226003,0.18057892955751664,0.05527431023995479,0.05761861688494107
1.1499999999999975,0.33028349534963525,0.060108042014719365,0.1801476527038542,0.053875542648381416,0.05761861688494107
1.1549999999999974,0.32978628851627173,0.06090009047260257,0.17996045177317943,0.053081158632421674,0.05761861688494107
1.1599999999999973,0.3297595104920785,0.061223046118841135,0.18000898240448437,0.05281023955194551,0.05761861688494107
1.1649999999999971,0.3301582813400121,0.06110809346632877,0.18025617849862244,0.053027547696319156,0.050224940374355626
1.169999999999997,0.3307582402423702,0.06054234714295895,0.18010316596072679,0.053841059764649,0.050224940374355626
1.174999999999997,0.33150137714382105,0.05954669253079884,0.1797180248549369,0.05513769457403833,0.050224940374355626
1.1799999999999968,0.3320893602364401,0.058421604249744866,0.17975195817669942,0.05628919284575848,0.050224940374355626
1.1849999999999967,0.332397092586648,0.05790759224195263,0.1801726459300705,0.05669626414810698,0.053096170455584624
1.1899999999999966,0.3322885994178078,0.05785404209037614,0.18025942490109298,0.056643849849026276,0.053096170455584624
1.1949999999999965,0.33175622182033077,0.058220808187349773,0.1798745818725417,0.05620490145552521,0.053096170455584624
1.1999999999999964,0.3308309779120067,0.05897536112561528,0.179054406489263,0.05542822459091897,0.053096170455584624
1.2049999999999963,0.32966670955018357,0.060112666533287215,0.17833933557167145,0.054224509311715845,0.05647388950720356
1.2099999999999962,0.3283506429162277,0.061616021134262226,0.17779577912940528,0.052631893484834935,0.05647388950720356
1.214999999999996,0.3268932602125517,0.06345533845442027,0.17740501087333344,0.050688196515314816,0.05647388950720356
1.219999999999996,0.325297409385196,0.06560086515956833,0.17713989096720262,0.04843391357678822,0.05647388950720356
1.2249999999999959,0.3239557884891525,0.06767423190536173,0.17766203083371684,0.04601977782996311,0.05158244750189462
1.2299999999999958,0.3231663833393189,0.06917986855312382,0.17838062606372274,0.044203610133376946,0.05158244750189462
1.2349999999999957,0.3228788688748136,0.07016037411445687,0.17927629983434334,0.042933875466071414,0.05158244750189462
1.2399999999999956,0.3230478482051097,0.07067285177284985,0.18033262399015715,0.04216741169594782,0.05158244750189462
1.2449999999999954,0.3236336204191087,0.07074898430805704,0.18153360213564723,0.04189484196424876,0.04278377701652742
1.2499999999999953,0.324415589975688,0.07036891502043102,0.18228239891777906,0.04228517020228335,0.04278377701652742
1.2549999999999952,0.3253302351991935,0.06955047471310695,0.18277527628235765,0.04319126662408401,0.04278377701652742
1.2599999999999951,0.32614835282617316,0.06826783804893377,0.18363286295276515,0.044255503982371526,0.04278377701652742
1.264999999999995,0.32679644618434955,0.06653630600590865,0.18447904238452525,0.04559351345468225,0.04428482954856777
1.269999999999995,0.32694178298010634,0.06534861621912433,0.18478809944198757,0.04645406318787994,0.04428482954856777
1.2749999999999948,0.32663652387557457,0.06465560550872881,0.18460425574629463,0.046858932630333756,0.04428482954856777
1.2799999999999947,0.32591973527994883,0.06442085231374219,0.18396511206504634,0.04684897072668398,0.04428482954856777
1.2849999999999946,0.3248226647683625,0.0646091218326988,0.18290523434088732,0.046485588697952857,0.052066126679339256
1.2899999999999945,0.3235683023646763,0.06523177771513347,0.18203521643916404,0.04568399725932901,0.052066126679339256
1.2949999999999944,0.32217104493971205,0.06625415354726473,0.18133515535589498,0.044482736113225924,0.052066126679339256
1.2999999999999943,0.3206369041309931,0.06764210547515632,0.18077670865104273,0.042923770576215756,0.052066126679339256
1.3049999999999942,0.31931532215340347,0.06945346458509877,0.18084025314056895,0.04090560347264239,0.03959654824055777
1.309999999999994,0.31836898676706055,0.07143310152476522,0.18113763104354777,0.03884940573537967,0.03959654824055777
1.314999999999994,0.3179382497014317,0.07285702824708025,0.18166230795530913,0.03734692313238982,0.03959654824055777
1.3199999999999938,0.31798045160105315,0.07376816875118777,0.18237872065976912,0.03635815033841003,0.03959654824055777
1.3249999999999937,0.31845240992154566,0.07422179318723328,0.18326863517087957,0.035846142713542535,0.03692363146975564
1.3299999999999936,0.31913595367800807,0.07419840063082178,0.18373140307790795,0.03600797826854421,0.03692363146975564
1.3349999999999935,0.32002275454830487,0.07373261816651352,0.18380630799297543,0.03678480268951039,0.03692363146975564
1.3399999999999934,0.320821322301705,0.07277862042227076,0.18427074407218103,0.03770862581093512,0.03692363146975564
1.3449999999999933,0.32153396686533214,0.07137185498410349,0.18510774721229206,0.03879512352218277,0.04128048308505581
1.3499999999999932,0.32173051662960556,0.07047399212959217,0.18539080062790003,0.03946427751836737,0.04128048308505581
1.354999999999993,0.32146606549547646,0.0700363701028208,0.18517832037992912,0.03972773931689597,0.04128048308505581
1.359999999999993,0.32077875455490906,0.07002610855916276,0.1845083453548105,0.039625524256545454,0.04128048308505581
1.3649999999999929,0.31969978081572836,0.07040927983140144,0.18341582095587336,0.03922661187066371,0.040046182321565336
1.3699999999999928,0.3184529794865534,0.07120368594238227,0.18251261714261047,0.03841287172858903,0.040046182321565336
1.3749999999999927,0.31705308457966397,0.07237601294231502,0.18177888894055708,0.037227694568491274,0.040046182321565336
1.3799999999999926,0.3155065517070142,0.07389323345425229,0.18118632907597162,0.03572073094092713,0.040046182321565336
1.3849999999999925,0.3139131149842822,0.075751363332376,0.18113752613793568,0.03372482867267612,0.03915770252840513
1.3899999999999924,0.31290646848335574,0.0770737223082148,0.1813371918732346,0.032256651169784566,0.03915770252840513
1.3949999999999922,0.3124407236205456,0.0779043357811202,0.1817650325481585,0.031233059719566466,0.03915770252840513
1.3999999999999921,0.3124577153972694,0.07829626992469295,0.18239878255580125,0.030594924867028493,0.03915770252840513
1.404999999999992,0.3129151919938724,0.07827992526204657,0.18321970148772412,0.030333846591257724,0.03220276082717985
1.409999999999992,0.3135906020411937,0.07782731147636597,0.1836256244716466,0.030731950054491017,0.03220276082717985
1.4149999999999918,0.3144728707131369,0.07696995637116946,0.18365545487043605,0.031733122312772304,0.03220276082717985
1.4199999999999917,0.31537475554179595,0.0763506021325743,0.18333393655575433,0.032763314822975516,0.03220276082717985
1.4249999999999916,0.3159175434108674,0.07625681744542497,0.18343095687240385,0.03303997724304403,0.033708346190025856
1.4299999999999915,0.31595592763432145,0.07654501601116398,0.18301666384405813,0.03306299453428229,0.033708346190025856
1.4349999999999914,0.31553088841643023,0.07718855172382996,0.18214825580008662,0.032867239592626725,0.033708346190025856
1.4399999999999913,0.31467378905039023,0.07815738716658159,0.18086246158701402,0.03253713566057224,0.033708346190025856
1.4449999999999912,0.3134109229656862,0.07942070965940322,0.1791929115237575,0.0321915357908307,0.032832370744288554
1.449999999999991,0.3119723092646115,0.08101078355965062,0.17774749233782824,0.031608553073510834,0.032832370744288554
1.454999999999991,0.31037203110065587,0.08289966469692862,0.17650404385027124,0.03085547685615018,0.032832370744288554
1.4599999999999909,0.30875866854412387,0.08510566812009368,0.17603999404114615,0.029540434701658198,0.032832370744288554
1.4649999999999908,0.3074392774805901,0.08685222892025769,0.17658110812369632,0.02786846300951178,0.02867967301756154
1.4699999999999906,0.3066991066561162,0.08809538124375473,0.17733308788225594,0.026464823496012604,0.02867967301756154
1.4749999999999905,0.3064846225672598,0.0888725513383753,0.17827557864191193,0.025255116845911883,0.02867967301756154
1.4799999999999904,0.30674630130446445,0.08923572741359942,0.17939162462925293,0.024209239579684634,0.02867967301756154
1.4849999999999903,0.30744252260120397,0.08921226854411024,0.18066473053507281,0.02335848749202678,0.025304347683292407
1.4899999999999902,0.3082437354054141,0.08872580558966438,0.1817840295718784,0.022954045649399644,0.025304347683292407
1.4949999999999901,0.3090325687447201,0.08777165359089921,0.1830941428376835,0.0227360453997988,0.025304347683292407
1.49999999999999,0.30976053193359177,0.08636833394789285,0.18471009071077538,0.022690782909709245,0.025304347683292407
1.50499999999999,0.3101665685700934,0.08536593257667854,0.18661696503359584,0.022284987564562965,0.02324040525562067
1.5099999999999898,0.3100641474923528,0.08479572043279555,0.18789816916977273,0.021884046503080307,0.02324040525562067
1.5149999999999897,0.3095064369589043,0.08463239141558632,0.1886143854239592,0.021358088784615537,0.02324040525562067
1.5199999999999896,0.3085346346221307,0.08484617804151913,0.1888059869725137,0.020682945528675143,0.02324040525562067
1.5249999999999895,0.30726727454919744,0.08543359336931916,0.18877915340212773,0.019771213414374395,0.020636567230343305
1.5299999999999894,0.3058280025115132,0.08639572867517992,0.1888632804251,0.018522103942141332,0.020636567230343305
1.5349999999999893,0.3045077431080325,0.08779676855477725,0.1883084347368976,0.01749089202799764,0.020636567230343305
1.5399999999999892,0.3033967792443998,0.08963941133066947,0.18774994607192386,0.01639950389649088,0.020636567230343305
1.544999999999989,0.302513286176286,0.09190738891551203,0.18748763527124396,0.015111791180204495,0.0201875720024173
1.549999999999989,0.30215401120586377,0.09363555842782581,0.18749135927842261,0.014199013117189171,0.0201875720024173
1.5549999999999888,0.30228340144915894,0.09486822245807464,0.1877372034634715,0.013487966555938903,0.0201875720024173
1.5599999999999887,0.3028590845875169,0.09566063389138274,0.18820256119340145,0.012891238315174794,0.0201875720024173
1.5649999999999886,0.30384574793623953,0.09604311918038488,0.1888659909906356,0.012426296295772781,0.015559364354571564
1.5699999999999885,0.30475561695326975,0.09587100096705237,0.189854702533797,0.01194117189801967,0.015559364354571564
1.5749999999999884,0.30559830446408387,0.09518607870222731,0.19116786786789794,0.011511794348955376,0.015559364354571564
1.5799999999999883,0.30632151675264924,0.09419133771466262,0.19277917264099034,0.011217953438473016,0.015559364354571564
1.5849999999999882,0.3066422705196934,0.09350877837839078,0.19426730831477432,0.010914186628214263,0.014267154226709421
1.589999999999988,0.3064669524637078,0.09322557706217294,0.1951464505826442,0.01054851753826712,0.014267154226709421
1.594999999999988,0.30584413870648464,0.09331703103649011,0.19547749589979324,0.009963386709560942,0.014267154226709421
1.5999999999999879,0.304811767488783,0.09375425653502739,0.19530071191286136,0.009178547070330945,0.014267154226709421
1.6049999999999878,0.3034199724164369,0.09451396277007457,0.19471860876023134,0.008347808649269744,0.009330944224359218
1.6099999999999877,0.3018468011690119,0.09562233076499874,0.19428416460694387,0.007432727408526006,0.009330944224359218
1.6149999999999876,0.30039460220335545,0.09716062293269674,0.1932504058991912,0.007333129860768434,0.009330944224359218
1.6199999999999875,0.29942927525537777,0.09840395825676601,0.19232910382670987,0.007855935595565106,0.009330944224359218
1.6249999999999873,0.29903604816657814,0.09914868957672276,0.19173610336715746,0.008363367750627987,0.00985935294914224
1.6299999999999872,0.2991432391602561,0.09950285096088998,0.19143742316586307,0.008619682032656733,0.00985935294914224
1.6349999999999871,0.299710538719145,0.09949334948465897,0.1914062271930698,0.008613559870050408,0.00985935294914224
1.639999999999987,0.30069873857810425,0.09914294366872642,0.19161736693189227,0.008455253887970528,0.00985935294914224
1.644999999999987,0.301866434353403,0.09839050976971908,0.19256209838756355,0.007835586537919003,0.009406428195818047
1.6499999999999868,0.3027749692186199,0.09760891884364153,0.1938155742172546,0.007187826202884072,0.009406428195818047
1.6549999999999867,0.3032614555563246,0.09732864886282593,0.1953636009877865,0.0062665305428455794,0.009406428195818047
1.6599999999999866,0.3033573795392534,0.09751327315468804,0.1971944732420143,0.005032572718159814,0.009406428195818047
1.6649999999999865,0.30295194013889304,0.09807393625582972,0.19839643903980225,0.0038723481097759716,0.005885209490907406
1.6699999999999864,0.30217281692390713,0.09876866120553741,0.19902077550116573,0.0026825751118436775,0.005885209490907406
1.6749999999999863,0.30121931585025297,0.0991476356618611,0.19911097825238708,0.0017330942776830872,0.005885209490907406
1.6799999999999862,0.30043488973292887,0.09895322808590123,0.19850019693756865,0.001879965357667912,0.005885209490907406
1.684999999999986,0.3000000924557527,0.09855009692790553,0.19731647833136134,0.0030501651550482157,0.002707495762375296
1.689999999999986,0.3000902918090746,0.09779110757439556,0.19648980167988356,0.004148355168645403,0.002707495762375296
1.6949999999999859,0.30046764225610223,0.09721232161430282,0.19597129290815096,0.004921414521627951,0.002707495762375296
1.6999999999999857,0.3010214892024026,0.09703214867420837,0.1957318639954013,0.005297977598705024,0.002707495762375296
1.7049999999999856,0.30170058761917123,0.0972581681101981,0.1956281592952075,0.005433473245585545,0.0062522178139562045
1.7099999999999855,0.30212915612792796,0.09797361255902931,0.19649576189185922,0.004573755196396409,0.0062522178139562045
1.7149999999999854,0.3022073532111605,0.09909536376487701,0.19768097324501166,0.003326959574005954,0.0062522178139562045
1.7199999999999853,0.30199022954791477,0.10008058447991477,0.19852397690274362,0.0024791433390247016,0.0062522178139562045
1.7249999999999852,0.3016969583680111,0.10042862384091644,0.19900756087906302,0.0020120441119744425,0.004322679993587293
1.729999999999985,0.30119663022063226,0.10048319143585663,0.19896348056813012,0.0016552251753944188,0.004322679993587293
1.734999999999985,0.3005498706042184,0.1002494363891007,0.1986220022702137,0.0015044779615824616,0.004322679993587293
1.739999999999985,0.29983856377057255,0.09986779482970067,0.19844739847253093,0.0015665603615325377,0.004322679993587293
1.7449999999999848,0.299329742950657,0.09958571729891719,0.19796865844344802,0.002178812334274226,0.005250634349567809
1.7499999999999847,0.29924907671832046,0.09921194215411733,0.19780347719625366,0.00245145535770149,0.005250634349567809
1.7549999999999846,0.2994757099159932,0.0989699565679794,0.19791278364961884,0.00238586287479711,0.005250634349567809
1.7599999999999845,0.29993497058896346,0.0989771927075775,0.19827052797994507,0.002010332571960501,0.005250634349567809
1.7649999999999844,0.30051719639670854,0.09921573239330553,0.19833181497382732,0.001914525808973433,0.004101855051980579
1.7699999999999843,0.3007350691825058,0.09983492200555671,0.19846466077520467,0.0017102175249114856,0.004101855051980579
1.7749999999999841,0.3006187659740007,0.10080772677042216,0.1986505210407947,0.001690085006020565,0.004101855051980579
1.779999999999984,0.3004236833778361,0.10149979436719592,0.19888537104908832,0.0019160606584181221,0.004101855051980579
1.784999999999984,0.30025270486668176,0.1015608404956645,0.19932287883315697,0.0017200511263150598,0.004431586064216759
1.7899999999999838,0.29989608945076984,0.1015806351440563,0.19993772866279286,0.0015852705069812948,0.004431586064216759
1.7949999999999837,0.2994258709018877,0.10148930618343532,0.20090047110381137,0.0018326225301783074,0.004431586064216759
1.7999999999999836,0.2990301577018099,0.10132918204284214,0.20180610932978862,0.0024432253063362934,0.004431586064216759
1.8049999999999835,0.298782180632107,0.10116807780932544,0.20199135829246392,0.002610171954185892,0.004310910108305607
1.8099999999999834,0.2988733342912733,0.10062346469644906,0.20186113685289128,0.0022631646498054462,0.004310910108305607
1.8149999999999833,0.2991998797458979,0.10013679781661347,0.2017307959905145,0.0019116905671252374,0.004310910108305607
1.8199999999999832,0.2996603943179664,0.09999545318132905,0.20151564540344313,0.0015532332992206199,0.004310910108305607
1.824999999999983,0.30012592824295725,0.1002594498560351,0.2006855333144142,0.0007437258065595305,0.006026070440633117
1.829999999999983,0.3004253686286236,0.10040384278919448,0.19998722031779098,0.0005866777555684966,0.006026070440633117
1.8349999999999829,0.3005696236655805,0.10046511744284337,0.19939897112734684,0.0009497584228577587,0.006026070440633117
1.8399999999999828,0.3005712702695262,0.10045064521109204,0.19891245301429367,0.001308506504853402,0.006026070440633117
1.8449999999999827,0.3004393734488271,0.10037154240137686,0.1985195204085882,0.0015883679057894613,0.005194897281066794
1.8499999999999825,0.30021295135123865,0.10044328259985913,0.1989690277632263,0.0011422571927243049,0.005194897281066794
1.8549999999999824,0.29983054337110354,0.10047692404916442,0.19975957908352981,0.0005603341099957204,0.005194897281066794
1.8599999999999823,0.2994851845937375,0.10041430393740505,0.20055658223685457,0.0008639828941920939,0.005194897281066794
1.8649999999999822,0.2993580775261003,0.10029186862648819,0.2009756894594304,0.001203836234240016,0.0022759436421368683
1.8699999999999821,0.29888427485021885,0.10062138324344583,0.20175849879358984,0.002173310321179719,0.0022759436421368683
1.874999999999982,0.2982496493212463,0.1010384746488297,0.2028129230537381,0.003471986924100759,0.0022759436421368683
1.879999999999982,0.29775423939704326,0.10128965224472786,0.20374307678006956,0.004551622499682938,0.0022759436421368683
1.8849999999999818,0.2974973470383636,0.10129343245654521,0.2039695640877859,0.00486761526962345,0.004088130156270478
1.8899999999999817,0.2976123909147923,0.1009146923077184,0.2035812860951159,0.004400335130036783,0.004088130156270478
1.8949999999999816,0.2980688714556927,0.10018080790607337,0.20261249952374405,0.003253782831582307,0.004088130156270478
1.8999999999999815,0.2986918475938853,0.09948328405437624,0.20108854480012084,0.001778535315352394,0.004088130156270478
1.9049999999999814,0.29920998723353354,0.09920571742356812,0.19923768136136022,0.0013550404751227437,0.0005180010409982708
1.9099999999999813,0.29944800550085043,0.09913382227063239,0.19757128419620745,0.0026369721730681085,0.0005180010409982708
1.9149999999999812,0.29942357456706337,0.09928133295181679,0.19607004757455113,0.0040364928678460615,0.0005180010409982708
1.919999999999981,0.2992892987649437,0.0995430646269593,0.1952624067848062,0.00481234616931252,0.0005180010409982708
1.924999999999981,0.29917451206131684,0.09976755385444633,0.1954660785829545,0.004614315221507741,0.007425558300402629
1.9299999999999808,0.29879345916429534,0.10021388318651553,0.19602361646382252,0.00416090288669182,0.007425558300402629
1.9349999999999807,0.298467451859496,0.10059454314728347,0.19650921988565892,0.0038584622796682994,0.007425558300402629
1.9399999999999806,0.2983493273658624,0.10073074106858405,0.1967585024205043,0.003710257297315465,0.007425558300402629
1.9449999999999805,0.2984381988495133,0.10058711900985645,0.1968031403750687,0.0036060841680294006,0.0019938957758530444
1.9499999999999804,0.29883170669493053,0.10005810836715291,0.19653215014669553,0.0036598180875648968,0.0019938957758530444
1.9549999999999803,0.2995012622260511,0.09916800799119571,0.1959673571459158,0.004147669039168173,0.0019938957758530444
1.9599999999999802,0.29994493501192987,0.09846810836555946,0.19570842702107594,0.004557117813488187,0.0019938957758530444
1.96499999999998,0.30000041668159233,0.09826296190597557,0.19586879255445472,0.004481537288904831,0.005947203066056715
1.96999999999998,0.2999693406740675,0.09862095472954797,0.19553184818080646,0.0046762256715844434,0.005947203066056715
1.9749999999999799,0.2998175513664336,0.09924939396889486,0.19502862896950418,0.005031026420192487,0.005947203066056715
1.9799999999999798,0.29960741723034273,0.09978983396554963,0.19450534273995093,0.005512671711473341,0.005947203066056715
1.9849999999999797,0.2994130476015012,0.10006501830979024,0.19396329257487646,0.006065523640647461,0.007039604856356592
1.9899999999999796,0.2990224324014267,0.10048046129257522,0.19352536139463702,0.006565624611070923,0.007039604856356592
1.9949999999999795,0.29854839311648007,0.10077205277983847,0.19318332291756746,0.0070121547676373994,0.007039604856356592
1.9999999999999793,0.2980574531226766,0.10079502623207144,0.19292889359947413,0.007376049132688759,0.007039604856356592
2.0049999999999795,0.29762893038569216,0.10055798532253728,0.19315018642229115,0.007270025088362874,0.008634498725825305
2.0099999999999794,0.29756463957211676,0.09989331325776284,0.19300944777277448,0.007403389961108123,0.008634498725825305
2.0149999999999793,0.29783217713848814,0.09883218791051174,0.19255772068169538,0.007839053672919531,0.008634498725825305
2.019999999999979,0.29821265879494385,0.09789146411617833,0.19180183336471268,0.00865161535995409,0.008634498725825305
2.024999999999979,0.2985189738140777,0.09752888006969332,0.1907636666693387,0.009675211918528276,0.009519622428580411
2.029999999999979,0.29881672856400343,0.0975325301853727,0.18947501922313292,0.01087491420337485,0.009519622428580411
2.034999999999979,0.298951315914017,0.09774947579712362,0.18839867209464561,0.011864038379383345,0.009519622428580411
2.0399999999999787,0.29887871981962555,0.09798644458167372,0.18780801728546495,0.012407905430695924,0.009519622428580411
2.0449999999999786,0.29866833524067204,0.09811849619147023,0.18766479969920988,0.012548727189375065,0.01184928518161766
2.0499999999999785,0.2983175047877722,0.09875567900345425,0.18852951830301115,0.011659805969336304,0.01184928518161766
2.0549999999999784,0.2977847891068757,0.09950603491042143,0.18944109226575429,0.010800078395597552,0.01184928518161766
2.0599999999999783,0.2972353103280728,0.09996534858602958,0.19038867272834586,0.010001116018994761,0.01184928518161766
2.064999999999978,0.29698591540367114,0.09996949575724413,0.19083676676946557,0.009646267656447424,0.0068223232147540955
2.069999999999978,0.2971039939923713,0.09953130472009059,0.1906227322962042,0.009825460582094,0.0068223232147540955
2.074999999999978,0.2975550460671289,0.09868280691081943,0.1897821326611274,0.010588560351759186,0.0068223232147540955
2.079999999999978,0.29824710086288986,0.0978380986095446,0.18880405391592453,0.011536710177709223,0.0068223232147540955
2.0849999999999778,0.2988958904807145,0.09758048140182439,0.18842729523410734,0.011874368348506352,0.012871526299186142
2.0899999999999777,0.29916045214068643,0.09773313447196987,0.18842957207244218,0.01182025052006342,0.012871526299186142
2.0949999999999775,0.29908005136491345,0.09826982799373135,0.18880112354444545,0.011369020825438206,0.012871526299186142
2.0999999999999774,0.29868015454692537,0.09916077283939051,0.1895263885207595,0.010589751256058134,0.012871526299186142
2.1049999999999773,0.29817535920673405,0.0998678458214016,0.1905899233039355,0.009586256942998523,0.011262112589454455
2.1099999999999772,0.2975502194154782,0.10045939627830117,0.191985999779319,0.008392655681599972,0.011262112589454455
2.114999999999977,0.2971546930791139,0.10055663190961212,0.19327745185003906,0.007321083539025088,0.011262112589454455
2.119999999999977,0.2970868679056261,0.10024464182297954,0.1941884049836019,0.006505445784528931,0.011262112589454455
2.124999999999977,0.2972120228770154,0.09992101112234897,0.1947875450194566,0.0059117461553478065,0.009159526851187908
2.129999999999977,0.29765942497401376,0.0992319727912892,0.19472359177901621,0.0058231126521866225,0.009159526851187908
2.1349999999999767,0.29833574276765334,0.09838298663533696,0.19404502780242175,0.006391101488072859,0.009159526851187908
2.1399999999999766,0.299011383349644,0.09792900542811159,0.19278016781204138,0.007575774430408807,0.009159526851187908
2.1449999999999765,0.299556218323741,0.09805496151781042,0.19104558832872545,0.009173963442920385,0.009170474605300833
2.1499999999999764,0.2997422341774747,0.09856589810478239,0.18948834155419841,0.010612165412691273,0.009170474605300833
2.1549999999999763,0.29969077936206134,0.09947127558420626,0.1886208136265171,0.01139565923644802,0.009170474605300833
2.159999999999976,0.2994910071213527,0.10077034473678675,0.18876160636140896,0.011276258082357488,0.009170474605300833
2.164999999999976,0.29920250628052875,0.1022797342232182,0.18984822481092117,0.0104351197334149,0.013178956160982691
2.169999999999976,0.29896884740665136,0.10308620605147306,0.1912177169173603,0.009365705505008046,0.013178956160982691
2.174999999999976,0.2987887812811049,0.1032630185420167,0.19287098823073473,0.007933293742000823,0.013178956160982691
2.1799999999999757,0.2987794587112369,0.10290832784100615,0.19449472059342357,0.006344776844997904,0.013178956160982691
2.1849999999999756,0.29903383850046134,0.10210669788933238,0.1958341968017576,0.004767133344746613,0.0043797872746478336
2.1899999999999755,0.2995723227947136,0.10096680086698744,0.19677441172765542,0.003394411791609294,0.0043797872746478336
2.1949999999999754,0.30037073458779034,0.09950980925428941,0.19734275562132797,0.002727394139054448,0.0043797872746478336
2.1999999999999753,0.3010367392836748,0.09873663181024782,0.19756240995276397,0.0029347525898406625,0.0043797872746478336
2.204999999999975,0.30141322199206116,0.09850980855556417,0.1966509543635017,0.0039286096287698994,0.003835355549411245
2.209999999999975,0.30143125581846736,0.09875134451619043,0.1959193557279132,0.004501032260544174,0.003835355549411245
2.214999999999975,0.301125126512508,0.09942763195017011,0.1953277529395601,0.00483977349133242,0.003835355549411245
2.219999999999975,0.30051992703767266,0.10050428695566883,0.1948622334779825,0.005188571507932084,0.003835355549411245
2.2249999999999748,0.29963550792606214,0.1019475753417563,0.19450988682900755,0.005836715413148526,0.005900730421681129
2.2299999999999747,0.29889159509750796,0.102702649649953,0.19425163956678382,0.006447986059881401,0.005900730421681129
2.2349999999999746,0.2982761021897921,0.10284371330996162,0.194079372242548,0.006790608374188828,0.005900730421681129
2.2399999999999745,0.29803047630297186,0.10252261981758698,0.1939490157489559,0.006845220576695959,0.005900730421681129
2.2449999999999743,0.29829917102911174,0.10184568522148683,0.19408251380669353,0.006427753571272041,0.012099020644134848
2.2499999999999742,0.2988687625914294,0.10076853528641275,0.1938660419608192,0.006284567271295773,0.012099020644134848
2.254999999999974,0.2997129856373315,0.09931897281294844,0.19332024759673952,0.006720510951017466,0.012099020644134848
2.259999999999974,0.30034429712502847,0.09846509412722934,0.19269935929196824,0.007468187952665584,0.012099020644134848
2.264999999999974,0.3006487045798631,0.09809171181303923,0.19236877833812469,0.007892903489154331,0.007217696073650166
2.269999999999974,0.30086901166238444,0.09830655171518424,0.19174021111397874,0.008476264554881839,0.007217696073650166
2.2749999999999737,0.3010066664075302,0.09906189292879339,0.19083449606423328,0.009268219059218073,0.007217696073650166
2.2799999999999736,0.3007767746205488,0.10020120150837503,0.19039840641777306,0.009635064098196906,0.007217696073650166
2.2849999999999735,0.3004965535407864,0.10120311455184103,0.19069850564733973,0.009392116227788619,0.009413509041876818
2.2899999999999734,0.30028124552154634,0.10162015601643395,0.19107597659950787,0.00907426020199489,0.009413509041876818
2.2949999999999733,0.3001309905716359,0.101498631357581,0.19152571949876787,0.00860676968957261,0.009413509041876818
2.299999999999973,0.30004193070337526,0.10088068514591408,0.1920378628974478,0.008010804688042142,0.009413509041876818
2.304999999999973,0.3000069231595397,0.09980466435440508,0.19260331670062897,0.007399265353788341,0.009686700226041355
2.309999999999973,0.29967362151369215,0.09921370126148327,0.1932035464484405,0.006849567103184212,0.009686700226041355
2.314999999999973,0.2992629116875276,0.09914972292715446,0.19334718144522015,0.006747315392347791,0.009686700226041355
2.3199999999999728,0.2990114782092075,0.09947003812375793,0.19332034363997422,0.006773170897679659,0.009686700226041355
2.3249999999999726,0.29905868435825295,0.09992618069225069,0.19354627877128835,0.00652242609199351,0.007119802221683236
2.3299999999999725,0.2990484654108657,0.10085183921697961,0.19339544642479237,0.00672689943835133,0.007119802221683236
2.3349999999999724,0.299219510632476,0.10161537626708272,0.19290697416852715,0.007316393892008102,0.007119802221683236
2.3399999999999723,0.2996987984390714,0.10186963556175427,0.1921059255799403,0.008118045975696557,0.007119802221683236
2.344999999999972,0.300399231986222,0.10180970174479367,0.19101435668909247,0.009174758432503243,0.008716545405407675
2.349999999999972,0.3010596835182068,0.10123507687525138,0.19039356090301462,0.009743306223794324,0.008716545405407675
2.354999999999972,0.3016836534061186,0.10018391257755735,0.19022145582883382,0.009924134155459953,0.008716545405407675
2.359999999999972,0.3020489313153728,0.09929431798314144,0.19046196975396085,0.009781110755859523,0.008716545405407675
2.364999999999972,0.3020389027396434,0.09891749195099073,0.19109331757464754,0.009200974942036193,0.008856113454470307
2.3699999999999717,0.301708314870844,0.09902360598891824,0.19178615162019083,0.008446241185836275,0.008856113454470307
2.3749999999999716,0.30120575504105307,0.09926362765466117,0.19254624684343064,0.007586469901678427,0.008856113454470307
2.3799999999999715,0.3006114680915569,0.09944414415895358,0.19335295015963433,0.006698219205380124,0.008856113454470307
2.3849999999999714,0.29997279075635275,0.09946574181950756,0.1941977498894627,0.0058268583723644065,0.007797872484379784
2.3899999999999713,0.29957752722467845,0.09948148985297942,0.19434524831126754,0.005694168304473794,0.007797872484379784
2.394999999999971,0.2994124176584399,0.09946668996132724,0.19383923119118948,0.006211662009565161,0.007797872484379784
2.399999999999971,0.29951697873355576,0.09946192775194762,0.1931565477832684,0.0068815455771687115,0.007797872484379784
2.404999999999971,0.2999282059529298,0.09952770647743622,0.19276481741914192,0.007250936666045481,0.008489180697707613
2.409999999999971,0.30031849662525345,0.09977713229501026,0.19215189594417156,0.007857725331502505,0.008489180697707613
2.4149999999999707,0.30056835491835215,0.10002549290937021,0.19176998521543676,0.008249655784078085,0.008489180697707613
2.4199999999999706,0.3006657421716951,0.10013778433171483,0.19178484761076697,0.008243235162213968,0.008489180697707613
2.4249999999999705,0.3006415374632489,0.10007838269329078,0.19217918733273706,0.007847472519211519,0.005866910508183078
2.4299999999999704,0.3006375098384643,0.09950980294513631,0.19294638349312976,0.007099311077331967,0.005866910508183078
2.4349999999999703,0.3006189705493597,0.09880984590839184,0.19385009718294394,0.00629451316322244,0.005866910508183078
2.43999999999997,0.3005430205149402,0.09831880313355441,0.19470509746032225,0.00558187128909996,0.005866910508183078
2.44499999999997,0.30056720562555556,0.09823274762713707,0.1960326622713942,0.004380031030012298,0.0063254911866234284
2.44999999999997,0.30035130358582884,0.09836174902120824,0.19735600973193562,0.0031301701258154616,0.0063254911866234284
2.45499999999997,0.29996373249160413,0.09856673429846632,0.1986863327917294,0.001944553274519263,0.0063254911866234284
2.4599999999999698,0.29946962544508915,0.09870360763694191,0.2000184291331616,0.0014008104655667375,0.0063254911866234284
2.4649999999999697,0.29907800935779616,0.09877571521687599,0.2009475461187726,0.0018018833540774663,0.004559127648380718
2.4699999999999696,0.29872159508883483,0.099364677312067,0.20117065992837585,0.001846184904769437,0.004559127648380718
2.4749999999999694,0.29857757831635107,0.09993389071405638,0.20073971978527433,0.0016046305632540136,0.004559127648380718
2.4799999999999693,0.2987063936069571,0.10026903873443035,0.19968922045666457,0.0013573441955897101,0.004559127648380718
2.4849999999999692,0.2990696732114324,0.10032263307560735,0.19823053234218735,0.0020249977350721535,0.004831583274676073
2.489999999999969,0.2995068923273035,0.10048707019079046,0.1965183656776051,0.003549953535260287,0.004831583274676073
2.494999999999969,0.30002476236638287,0.10071112799921539,0.19456718860097214,0.005479211248296983,0.004831583274676073
2.499999999999969,0.30034183957303023,0.10082141092118779,0.1931212150701937,0.00693608335486725,0.004831583274676073
2.504999999999969,0.3004886562805675,0.10081047358704333,0.1921583022321059,0.007898599640368445,0.0055784760233821605
2.5099999999999687,0.3006436744852181,0.10028600586462988,0.1916541046277961,0.008375564802525137,0.0055784760233821605
2.5149999999999686,0.30080547522524653,0.09928645747131679,0.19158569935793443,0.008482829043060509,0.0055784760233821605
2.5199999999999685,0.3009675153888051,0.09784750664673753,0.19193020427513474,0.008407789049712634,0.0055784760233821605
2.5249999999999684,0.30082703944926625,0.096799931565268,0.19266359114501175,0.00804657238364019,0.007917548793498756
2.5299999999999683,0.3003828224328887,0.09629069206857663,0.19347055135187724,0.007519256478782693,0.007917548793498756
2.534999999999968,0.29966468665412976,0.09627906638588543,0.1943390326713369,0.006782649415734063,0.007917548793498756
2.539999999999968,0.2988508653084117,0.09678541900395403,0.1948643047510431,0.0061667987813540815,0.007917548793498756
2.544999999999968,0.2980844290147301,0.09782179616464948,0.1947294598206989,0.006016026756055123,0.004886130577271557
2.549999999999968,0.29749002442561284,0.09896914400853185,0.19397247523762118,0.006610120741730508,0.004886130577271557
2.5549999999999677,0.29736781388181477,0.09961749508537376,0.193114606555189,0.007381284214845452,0.004886130577271557
2.5599999999999676,0.2977464724665528,0.0998317962448407,0.19256687658910854,0.007769041285049092,0.004886130577271557
2.5649999999999675,0.29858193161154517,0.09964172993183062,0.19228608562891347,0.007851353406931594,0.008656504802333004
2.5699999999999674,0.29965811248097607,0.09900425703539972,0.19165823506349594,0.008407938711902225,0.008656504802333004
2.5749999999999673,0.30077425985967055,0.09787997257027906,0.1911831132161143,0.009101180538420532,0.008656504802333004
2.579999999999967,0.30157670116401875,0.09693172842748449,0.191119762455002,0.0095267463416907,0.008656504802333004
2.584999999999967,0.30198382060006523,0.09644992270537901,0.1914502253169138,0.009467694550552876,0.011239527378382264
2.589999999999967,0.30192954746223677,0.09642209863040911,0.19165641790962473,0.009281157994473313,0.011239527378382264
2.594999999999967,0.30138538562643946,0.09678708586914157,0.1913697387712192,0.009312546344755122,0.011239527378382264
2.599999999999967,0.3003885962037841,0.09751121516670207,0.19062733836628729,0.00970524822228261,0.011239527378382264
2.6049999999999667,0.29913030223218023,0.09862237479708194,0.19008468483643937,0.01004826851750098,0.009800585769357249
2.6099999999999666,0.298305324923788,0.09955371548519112,0.18957519175667312,0.010571079433635373,0.009800585769357249
2.6149999999999665,0.2979968386059403,0.10007074379948716,0.18919722227268582,0.010987159181588876,0.009800585769357249
2.6199999999999664,0.29816036313988586,0.10020413483109644,0.1889079509786284,0.01124542068127593,0.009800585769357249
2.6249999999999662,0.29860493342180283,0.09991980591054456,0.18893838810850377,0.01114952463056956,0.014673404833930929
2.629999999999966,0.2991852024697723,0.09914029530250493,0.1896248371639485,0.010442556729879154,0.014673404833930929
2.634999999999966,0.29987187158269923,0.09789710675436503,0.19087873606655295,0.009361411893376947,0.014673404833930929
2.639999999999966,0.30037167047544644,0.09694363687003868,0.1926474331194833,0.007971181484383413,0.014673404833930929
2.644999999999966,0.30060485534037584,0.09649479960865143,0.19491885063490286,0.006202447793953499,0.009474550151893846
2.6499999999999657,0.300461347861974,0.09646438310688568,0.19739938304683502,0.004413234324360369,0.009474550151893846
2.6549999999999656,0.30012847075710913,0.09688188850769275,0.19972619424294163,0.003132745378496168,0.009474550151893846
2.6599999999999655,0.29970054444593625,0.09774451585760852,0.20106768379791404,0.002513330666221064,0.009474550151893846
2.6649999999999654,0.299142326069562,0.09900223241047279,0.2011128632528778,0.0017232554521224282,0.005140110380095186
2.6699999999999653,0.298797079960697,0.1001200770604645,0.20084352732250121,0.0014741009006213163,0.005140110380095186
2.674999999999965,0.29878458192619245,0.10075263941166776,0.20028240616186813,0.001457209805894365,0.005140110380095186
2.679999999999965,0.29898564693652857,0.10089878656248102,0.19881370893463018,0.0018011151862239614,0.005140110380095186
2.684999999999965,0.2994076804529912,0.10060388846604765,0.19670168971360516,0.003405051316872059,0.006843948263054667
2.689999999999965,0.2998281819376363,0.09981812548833194,0.1948392705555005,0.00516679089802106,0.006843948263054667
2.6949999999999648,0.3002520137414649,0.09858213760719683,0.19318274120309914,0.006967701356597811,0.006843948263054667
2.6999999999999647,0.3005525400791787,0.09726998615351695,0.19171392699139295,0.00874169789257525,0.006843948263054667
2.7049999999999645,0.30066152129835233,0.09658973128064485,0.19131227213459404,0.009356503547251904,0.007761482012924547
2.7099999999999644,0.30062232963989516,0.09642510080510604,0.19189942716622324,0.00887617477687702,0.007761482012924547
2.7149999999999643,0.30043555601211,0.0967341291443608,0.1934051854244539,0.00737205539664714,0.007761482012924547
2.7199999999999642,0.30009130623772223,0.09747348992775602,0.19576384544810904,0.004933213492410791,0.007761482012924547
2.724999999999964,0.2995332843332028,0.09858490438430384,0.19877737818436145,0.0019274654910715742,0.010195438623520065
2.729999999999964,0.29931449148985934,0.09914218210971532,0.20124021141681045,0.0016564714934929274,0.010195438623520065
2.734999999999964,0.2994217484636361,0.09919958392518563,0.20321429864335558,0.0033625520815008755,0.010195438623520065
2.739999999999964,0.2998399498064724,0.0987985576236757,0.20473370200319083,0.004886411208963972,0.010195438623520065
2.7449999999999637,0.3004231968090443,0.098311212598859,0.2058288534086444,0.006083307528384802,0.005608106529055216
2.7499999999999636,0.3011556009870078,0.0974147505511683,0.2056390135453624,0.006310103178129384,0.005608106529055216
2.7549999999999635,0.3015882849477488,0.0966850253704439,0.20469646986322285,0.005963936204052353,0.005608106529055216
2.7599999999999634,0.30150612011610955,0.09640727402452287,0.20332238321392515,0.005119991011631716,0.005608106529055216
2.7649999999999633,0.300946662865039,0.09654528843743845,0.2015522717010371,0.003903940316447082,0.005335640246870755
2.769999999999963,0.3001135116845265,0.09712780676583105,0.20001034137662388,0.002874454003980661,0.005335640246870755
2.774999999999963,0.29903194928833043,0.09811922721493951,0.19867482848196075,0.002496098556069174,0.005335640246870755
2.779999999999963,0.2977179583290387,0.09948347667788182,0.19751522148712897,0.0034130096378887477,0.005335640246870755
2.784999999999963,0.2965187114071645,0.10076507305980953,0.1966915956264888,0.004863151915385823,0.0045329238274024845
2.7899999999999627,0.2959184776867279,0.10154831887820787,0.19619368284290767,0.005791732559668847,0.0045329238274024845
2.7949999999999626,0.2958628668724882,0.1018925206959588,0.1959949330995312,0.006061193444909901,0.0045329238274024845
2.7999999999999625,0.2963038995693553,0.10182935326194167,0.19605386214931914,0.005707862619839812,0.0045329238274024845
2.8049999999999624,0.29719787010117704,0.10138575678754241,0.1963471366628197,0.004807875248403756,0.006206146805091481
2.8099999999999623,0.29833571152223004,0.1005175481282875,0.19626037843085364,0.004125831029351111,0.006206146805091481
2.814999999999962,0.29969967514586976,0.09925475659564514,0.1958310366862354,0.004245684616320209,0.006206146805091481
2.819999999999962,0.30126572863160406,0.09762179726174414,0.19508287289930415,0.005606786616013464,0.006206146805091481
2.824999999999962,0.3023548425699207,0.09651399029495993,0.19476060356396346,0.006719287328779502,0.006392002227939281
2.829999999999962,0.3028776894900386,0.09590665124345224,0.1941467551827104,0.007700459449600237,0.006392002227939281
2.8349999999999618,0.30286446048841503,0.09573770920314334,0.19308613180791548,0.0086124230100581,0.006392002227939281
2.8399999999999617,0.30237672392121273,0.09598054564539046,0.19168310178609954,0.009538114373755187,0.006392002227939281
2.8449999999999616,0.30161772003567544,0.09666368892952709,0.19048303107505776,0.010213749908388315,0.01032970143645447
2.8499999999999615,0.3006069735918987,0.09775017778447381,0.1894558831969842,0.010798542313589276,0.01032970143645447
2.8549999999999613,0.2994137989972491,0.09922561597905111,0.18887249852265928,0.011169807131537559,0.01032970143645447
2.8599999999999612,0.2983380138163776,0.10062431722466154,0.18930788749558752,0.010838507271694508,0.01032970143645447
2.864999999999961,0.29755618321588106,0.10145448636531265,0.1906952038934665,0.009729696893808301,0.012266169844818198
2.869999999999961,0.29733065439012424,0.10183884581963865,0.19222801630945213,0.008420836681678827,0.012266169844818198
2.874999999999961,0.2976074585434322,0.10180853636573431,0.1939067228072241,0.006791397894070276,0.012266169844818198
2.879999999999961,0.2982978694086696,0.10137332989146594,0.1955690830393503,0.004941286133478796,0.012266169844818198
2.8849999999999607,0.2992418357994293,0.10051012064628823,0.19676973100560724,0.003357033482843412,0.0054205346349267425
2.8899999999999606,0.3002857426261632,0.09962258155638656,0.19755059205562792,0.0024947330133582176,0.0054205346349267425
2.8949999999999605,0.3010200679981382,0.09923450884578686,0.19837240410080242,0.0020677484951243585,0.0054205346349267425
2.8999999999999604,0.30122042216992356,0.09921346969940414,0.1986158358718079,0.002005983678988995,0.0054205346349267425
2.9049999999999603,0.3009338598455288,0.09953484551419761,0.19834138248652253,0.0019594578236765865,0.0013487390544060342
2.90999999999996,0.3002433917133098,0.10005341338163082,0.197599592651903,0.0024133064356279517,0.0013487390544060342
2.91499999999996,0.29935970627112857,0.1003403330445434,0.19649585511072865,0.0035783842786161015,0.0013487390544060342
2.91999999999996,0.2985414568226288,0.1002538971024286,0.1955789692545653,0.004662330403452408,0.0013487390544060342
2.92499999999996,0.2977888194880773,0.0998167587574218,0.19481940280353285,0.005635732775898067,0.006931746579018797
2.9299999999999597,0.2972297750004649,0.09915709660327104,0.19452210804218653,0.006196122415329132,0.006931746579018797
2.9349999999999596,0.2970305497759783,0.09867625876880776,0.19451593146205662,0.006375337889787594,0.006931746579018797
2.9399999999999595,0.2970816221509517,0.09853682045527856,0.19478217860462982,0.006154956032652873,0.006931746579018797
2.9449999999999594,0.2973330405852178,0.09876919030574745,0.19528528151257574,0.005554829919918485,0.004983548776491057
2.9499999999999593,0.2979556297465448,0.09883587662615345,0.19599509775156235,0.004644768560680851,0.004983548776491057
2.954999999999959,0.2987443608269883,0.09886347662177972,0.19650088091071521,0.0038874348255681416,0.004983548776491057
2.959999999999959,0.29958064496182213,0.09897869112569363,0.19662503046594182,0.0035509646324066763,0.004983548776491057
2.964999999999959,0.30044306872998006,0.099229007336858,0.1963944759411683,0.0037135620803911834,0.004442410497833497
2.969999999999959,0.30089321774806793,0.09984853697438656,0.19655676985825507,0.0035604231212894386,0.004442410497833497
2.974999999999959,0.3009179657965725,0.10079298373779594,0.1968201935514748,0.0034033297610088246,0.004442410497833497
2.9799999999999587,0.300589547454715,0.10165238890534299,0.19655220022060413,0.0038684982376451763,0.004442410497833497
2.9849999999999586,0.30020773222867714,0.10202495306037071,0.19613102776351293,0.004371788391750415,0.0035860128854131998
2.9899999999999585,0.2999046816873172,0.10186582818176665,0.19583569327325198,0.0045641922504476296,0.0035860128854131998
2.9949999999999584,0.29967738754081874,0.10121644960089825,0.19565301900737814,0.004525491374487451,0.0035860128854131998
2.9999999999999583,0.2995188418009691,0.10011526921291627,0.1955708534541813,0.004456696010306163,0.0035860128854131998
3.004999999999958,0.29941940683928236,0.09859728192341727,0.1955778692871811,0.004675462165593937,0.0045777750973484245
3.009999999999958,0.2994409992260591,0.09784110744603267,0.1958452945878242,0.004715387151316956,0.0045777750973484245
3.014999999999958,0.2995724096474093,0.0977645932412394,0.1963632605436399,0.00429019239197821,0.0045777750973484245
3.019999999999958,0.2996722524871994,0.09826415278194021,0.19665122128398202,0.0037861461785631025,0.0045777750973484245
3.0249999999999577,0.2997810640012627,0.09907393116291491,0.1965846655904145,0.0035454260099263306,0.005136508903247603
3.0299999999999576,0.2998363090729589,0.10032696304548039,0.196179381748661,0.0038380754780449645,0.005136508903247603
3.0349999999999575,0.3000645525136034,0.10139705617167263,0.19546130209656556,0.004749285381240144,0.005136508903247603
3.0399999999999574,0.3002993201741794,0.10181204495351429,0.19517766928304886,0.005160229939050967,0.005136508903247603
3.0449999999999573,0.3005432785074359,0.10162260879748908,0.19530930762578763,0.004993055757331865,0.007267150811306003
3.049999999999957,0.30065438038557857,0.10081987410296962,0.19492722505281523,0.0051801016301358145,0.007267150811306003
3.054999999999957,0.30070979959278504,0.09981797914756937,0.1946746977058051,0.005375480590346793,0.007267150811306003
3.059999999999957,0.3005542993142313,0.0990540198774958,0.19452651145209562,0.005582222049145914,0.007267150811306003
3.064999999999957,0.3001154586390727,0.09875756516382812,0.19447043960721838,0.00566859887069894,0.0067563212371086106
3.0699999999999568,0.29950489409485515,0.09898542476248734,0.19424593870131443,0.00586376280206783,0.0067563212371086106
3.0749999999999567,0.29903723921884656,0.09962860554984057,0.19379315998313035,0.006292035056668946,0.0067563212371086106
3.0799999999999566,0.2989397951181854,0.1002643192670816,0.19363802619782086,0.0064551227506522155,0.0067563212371086106
3.0849999999999564,0.2992641496784921,0.1006627687606326,0.1937386157986188,0.006339216847769118,0.007701522350885676
3.0899999999999563,0.29967478246185986,0.10055028614594719,0.19393497532190762,0.006098615058798599,0.007701522350885676
3.0949999999999562,0.30010248177712434,0.0999396657458275,0.19440695544591702,0.005594308725913019,0.007701522350885676
3.099999999999956,0.30050742466449165,0.09885410392031169,0.19523182494978317,0.004930116725300724,0.007701522350885676
3.104999999999956,0.30068095668957623,0.09811103753025457,0.19620670319477143,0.00429196713381437,0.005447022836430925
3.109999999999956,0.30048305632367,0.09780593092765483,0.19736746374061734,0.003460856781640023,0.005447022836430925
3.114999999999956,0.299855732750602,0.09787316317161388,0.1981393795966055,0.002829515191575479,0.005447022836430925
3.1199999999999557,0.29893566430456514,0.09793652259500749,0.1983736363647738,0.0028347501031797677,0.005447022836430925
3.1249999999999556,0.29806386803916324,0.09789419729858184,0.1979090073605874,0.0035433405432093814,0.002421269506676639
3.1299999999999555,0.29727321636620807,0.09838066915959551,0.19686979782778113,0.004455978792046072,0.002421269506676639
3.1349999999999554,0.29654057791770794,0.09934868156238824,0.1952853217328106,0.005883876954333005,0.002421269506676639
3.1399999999999553,0.29611692967799147,0.10006113773941362,0.1931817194688085,0.007846714111707476,0.002421269506676639
3.144999999999955,0.2962160247620782,0.10033837685109187,0.19148126551357858,0.009327475797058168,0.011368153355212832
3.149999999999955,0.29677804839343247,0.10026468169541772,0.1901464953423244,0.010370273988366333,0.011368153355212832
3.154999999999955,0.29776628667939053,0.09986218787052992,0.1891394619766707,0.011088721907320022,0.011368153355212832
3.159999999999955,0.29886703707068424,0.09903903190669393,0.18915428244807958,0.010946992915480989,0.011368153355212832
3.1649999999999547,0.29997863236192907,0.09805608826143548,0.19012609713427636,0.010063459008960655,0.010539449048293285
3.1699999999999546,0.30063549471144324,0.09759895054196002,0.19139275937639538,0.008958430843672134,0.010539449048293285
3.1749999999999545,0.30088572171397776,0.09761565337781059,0.19295433177177834,0.0074907311092796604,0.010539449048293285
3.1799999999999544,0.3007580861823554,0.0980701833592912,0.1947985867863231,0.005599427323043619,0.010539449048293285
3.1849999999999543,0.3002744025303944,0.09892593257822199,0.19691258872307693,0.0032804002755888683,0.006707662554201421
3.189999999999954,0.2993387660742251,0.10004347697948576,0.19837555179622363,0.001754409450240506,0.006707662554201421
3.194999999999954,0.2984387835874439,0.10102850216832465,0.1986458306173738,0.002308460117464726,0.006707662554201421
3.199999999999954,0.2979764975906354,0.10150318182346141,0.1982987663438444,0.0030411040014977565,0.006707662554201421
3.204999999999954,0.2979166571215006,0.1015079989860621,0.19735577018684974,0.00368867588656296,0.003567252189101198
3.209999999999954,0.2982218565479212,0.1010768454979995,0.19584570260501738,0.0046453823533366845,0.003567252189101198
3.2149999999999537,0.2987914032728485,0.10021327431935717,0.19394178895929054,0.006181271147422085,0.003567252189101198
3.2199999999999536,0.2995628300135681,0.09893232891660758,0.1926611581294922,0.00742897295321957,0.003567252189101198
3.2249999999999535,0.30034091185506995,0.09759991259761755,0.1924189446648224,0.007959211043000878,0.00854424473109161
3.2299999999999534,0.30069538742198276,0.09682892618677351,0.19255287408723964,0.008123974221776532,0.00854424473109161
3.2349999999999532,0.3006765985681968,0.09656323455987975,0.19305881774522424,0.007774905363212147,0.00854424473109161
3.239999999999953,0.3003145508337773,0.09676414990637207,0.19392045679716097,0.006894237710628227,0.00854424473109161
3.244999999999953,0.2997187989732413,0.09742672287785847,0.19490889168836525,0.005711410771918236,0.006792114682385226
3.249999999999953,0.2991055529545007,0.09859211848748242,0.1955262654555556,0.0047745645502649215,0.006792114682385226
3.254999999999953,0.29856545453513106,0.099967563970982,0.19579827884785445,0.004439981241755637,0.006792114682385226
3.2599999999999527,0.2985453752319942,0.10088496964327007,0.19633914701963837,0.004037443377810786,0.006792114682385226
3.2649999999999526,0.29868170615247897,0.10126906206096542,0.19664514445929665,0.003821449055264457,0.004785921264515103
3.2699999999999525,0.298873935277355,0.10106523136307743,0.1970063190750499,0.0033711815579822294,0.004785921264515103
3.2749999999999524,0.2991166907940923,0.10031998451104127,0.19741723656808813,0.0027483253420526503,0.004785921264515103
3.2799999999999523,0.29940166271543445,0.09907482903364317,0.1978722309918554,0.0023961113862071485,0.004785921264515103
3.284999999999952,0.29971815219388287,0.09736776525911764,0.19836568346088976,0.0031111233448596035,0.0024399196884551375
3.289999999999952,0.2996545976660428,0.09619789983517546,0.19874280181100862,0.004019429775735005,0.0024399196884551375
3.294999999999952,0.2993276203525728,0.09553862252907744,0.1986440948568664,0.004711099880654824,0.0024399196884551375
3.299999999999952,0.29900613291971556,0.09544452148372423,0.1982258807748595,0.004988752881285701,0.0024399196884551375
3.3049999999999518,0.29867920122547476,0.09586769870830075,0.19750895625954668,0.005002571567206053,0.007170102891337559
3.3099999999999516,0.29832190997204905,0.0968173754669255,0.19652538890441276,0.005001800408454355,0.007170102891337559
3.3149999999999515,0.2979262113625996,0.0982484329502855,0.19529442365406421,0.0054324060221679835,0.007170102891337559
3.3199999999999514,0.2975282098431967,0.10013831844996085,0.19398896903203927,0.006500874700427021,0.007170102891337559
3.3249999999999513,0.2975348941129305,0.10177709330096477,0.19304518073018234,0.0075897508991155755,0.008981009722089634
3.329999999999951,0.2977278331241822,0.10282315304813636,0.19313935815718455,0.007758952373881111,0.008981009722089634
3.334999999999951,0.29804902791626464,0.10332182251037517,0.19393912844572206,0.007181570918636494,0.008981009722089634
3.339999999999951,0.29839255416246324,0.10327372104649293,0.1947658607666371,0.006379447086158317,0.008981009722089634
3.344999999999951,0.2987092959917584,0.10270068180038422,0.1954599792111491,0.005437958053076161,0.00789791392424443
3.349999999999951,0.2990649434292396,0.10161074504703245,0.19617603737888079,0.0042534128091191335,0.00789791392424443
3.3549999999999507,0.299449023415133,0.10004380982720165,0.19691104919415464,0.0031380107678215296,0.00789791392424443
3.3599999999999506,0.2998988589372995,0.09805471571368965,0.19799221182707077,0.0027974227096534223,0.00789791392424443
3.3649999999999505,0.29995622623724694,0.09662346947634495,0.1993709193068673,0.0034349115036565597,0.004545168356779607
3.3699999999999504,0.29997012054599487,0.0958301232143592,0.20031605128369992,0.004181943758962583,0.004545168356779607
3.3749999999999503,0.2999531705852798,0.09560849830807697,0.2008720880845326,0.0044775012821248504,0.004545168356779607
3.37999999999995,0.29990983606983457,0.09591567590732465,0.20106708131859047,0.0042223802965621155,0.004545168356779607
3.38499999999995,0.29983912404208507,0.09671111506968266,0.20092640724590416,0.0034206542567127803,0.003540644588969474
3.38999999999995,0.2997174525706944,0.09800764953139555,0.2004831512742725,0.002069475439184217,0.003540644588969474
3.39499999999995,0.2992541766119167,0.09965018298473485,0.2002333976150851,0.0008562119580503596,0.003540644588969474
3.3999999999999497,0.298321857437844,0.10154712641624403,0.19949866995774604,0.0023368984612143254,0.003540644588969474
3.4049999999999496,0.29734984124837227,0.10316939484863738,0.19892486390610317,0.004268995518362354,0.005160441529034148
3.4099999999999495,0.2966520399173858,0.10420144813765146,0.19816220080754812,0.005677896533041935,0.005160441529034148
3.4149999999999494,0.29624099834213546,0.1047237151568298,0.1971161022470375,0.00669032470035902,0.005160441529034148
3.4199999999999493,0.29610963450847116,0.1047822164916885,0.19576063383658063,0.007481762071771661,0.005160441529034148
3.424999999999949,0.29625755517207486,0.1044212423455734,0.1943758682836273,0.008073669223560277,0.008511259948273654
3.429999999999949,0.2965701193868593,0.1035741969616776,0.19379388654450325,0.00794070583536261,0.008511259948273654
3.434999999999949,0.29707019914598154,0.10229470925003456,0.19421105410667158,0.006881955982297872,0.008511259948273654
3.439999999999949,0.2977288137946457,0.10061013349086503,0.19556417764408202,0.00502066426176144,0.008511259948273654
3.4449999999999488,0.2986680963912626,0.09860441111699816,0.19739481059423736,0.0032417043963359616,0.0032216607491301675
3.4499999999999487,0.29946169602469014,0.09726354973215258,0.19875250847433923,0.003055186793770899,0.0032216607491301675
3.4549999999999486,0.3001414667115546,0.09654530816323154,0.19968191916245462,0.003472187197823061,0.0032216607491301675
3.4599999999999485,0.300732209286578,0.09638964591207844,0.2002134314376924,0.0036900325280569716,0.0032216607491301675
3.4649999999999483,0.301243874571996,0.09675668052058586,0.2003746831493754,0.003493813483692464,0.0025989124281312823
3.4699999999999482,0.3016620375930639,0.09765931875210518,0.20020092633804676,0.002877764593973093,0.0025989124281312823
3.474999999999948,0.3017317352025461,0.09895542606831681,0.19910592369902716,0.0022112019225866233,0.0025989124281312823
3.479999999999948,0.3012871919386251,0.10053711274664684,0.1976013964765573,0.0027746444911274084,0.0025989124281312823
3.484999999999948,0.3004201256913913,0.10239824806756147,0.19590033573978097,0.004768159648821197,0.004634554308115449
3.489999999999948,0.29966414253052726,0.10358634536789668,0.19441839606544148,0.006642964384965033,0.004634554308115449
3.4949999999999477,0.2990216864218844,0.10415701877776029,0.19312556882329232,0.008092941775341497,0.004634554308115449
3.4999999999999476,0.2984851959799849,0.10417864807004817,0.19200444647973394,0.009147929110340234,0.004634554308115449
3.5049999999999475,0.2980497295043716,0.10369602980008139,0.19103889527151857,0.009887648317169288,0.007400373117358116
3.5099999999999474,0.29802009754340797,0.10281913959361501,0.1907461110993687,0.009874311194768686,0.007400373117358116
3.5149999999999473,0.29849454129332964,0.1016312272999832,0.1907287361310324,0.009533291254846065,0.007400373117358116
3.519999999999947,0.2994207652116184,0.10014645759236127,0.19094747420135305,0.009072220571701312,0.007400373117358116
3.524999999999947,0.3006481722950959,0.09833638188774793,0.19164556214023004,0.008543089868443435,0.01276231219382721
3.529999999999947,0.30171191539974,0.0971750601500837,0.19193311891575382,0.008716966784316733,0.01276231219382721
3.534999999999947,0.302639486828725,0.0966206875856245,0.19185033483192956,0.009208891652344805,0.01276231219382721
3.5399999999999467,0.3033989852204905,0.09659342518994687,0.19155888467071433,0.009716495276996914,0.01276231219382721
3.5449999999999466,0.3037696673007477,0.09696665153753517,0.19167071603323715,0.009632682173311714,0.00884171212890066
3.5499999999999465,0.30373629806112157,0.0977519877282596,0.19202791170154038,0.009086675641502416,0.00884171212890066
3.5549999999999464,0.303202476120388,0.09886645452761547,0.19186404343071448,0.008816720928832851,0.00884171212890066
3.5599999999999463,0.3022065575983954,0.10028035512785993,0.19123446625844354,0.009043344359644767,0.00884171212890066
3.564999999999946,0.3007783452515057,0.10196212331774442,0.19017443621334365,0.010049748900854723,0.008405252694327233
3.569999999999946,0.2995166610776135,0.10298702048922062,0.18930263004235415,0.011117087385087057,0.008405252694327233
3.574999999999946,0.2986150865156353,0.103491892335031,0.18907848767915225,0.011549490413565996,0.008405252694327233
3.579999999999946,0.29827478925643114,0.10363380282805576,0.18913365442341953,0.011586990174009016,0.008405252694327233
3.584999999999946,0.29844885361079776,0.10343909729991012,0.1894420890613088,0.011211731746180858,0.010925009299374842
3.5899999999999457,0.2991119955259106,0.10287818514573954,0.1899713146120759,0.010471247885955198,0.010925009299374842
3.5949999999999456,0.3001578584772158,0.10194863097996176,0.19034994473223094,0.009846098144234258,0.010925009299374842
3.5999999999999455,0.3012878302150331,0.10056708848302139,0.1909118337627854,0.009196459186315968,0.010925009299374842
3.6049999999999454,0.30232395333192985,0.09900209307910546,0.19176627935835713,0.008613404258269383,0.01138582159409258
3.6099999999999453,0.3029285983939902,0.09796032538886731,0.19291629618900924,0.007931949366607597,0.01138582159409258
3.614999999999945,0.30315040533100646,0.09739162915290195,0.19436248339185871,0.006964929700484704,0.01138582159409258
3.619999999999945,0.30296860871827747,0.09724270627956816,0.19577929596286087,0.00585061098963934,0.01138582159409258
3.624999999999945,0.3023774799275528,0.09746760317981523,0.1969262373032924,0.004638260619722638,0.005693791383836937
3.629999999999945,0.3013445101563348,0.09806921361814865,0.19751451542814621,0.003422466533036275,0.005693791383836937
3.6349999999999447,0.2999079308237919,0.09901393531915051,0.197583538608059,0.0026115294267474694,0.005693791383836937
3.6399999999999446,0.2980987710949058,0.10026841463184183,0.19716983479119982,0.0034200223498181293,0.005693791383836937
3.6449999999999445,0.29666523259855426,0.10097235475083552,0.19590853154091062,0.005367146498367713,0.003349477917636914
3.6499999999999444,0.2958348337545027,0.10129586748370535,0.1950354694508593,0.006608664461243743,0.003349477917636914
3.6549999999999443,0.2955540742475895,0.10126855793556191,0.19451208582066945,0.007175841210026964,0.003349477917636914
3.659999999999944,0.29577556908727487,0.10091543230997196,0.19429536181640553,0.007157285075798809,0.003349477917636914
3.664999999999944,0.29645685683477296,0.10025741943133729,0.19435581044479272,0.006669108185360023,0.007180031647192605
3.669999999999944,0.29757641762874687,0.09926017627805908,0.19465804715952434,0.005912491082417082,0.007180031647192605
3.674999999999944,0.2989347445223007,0.09831898060165797,0.19508660587387344,0.005301135471672618,0.007180031647192605
3.6799999999999438,0.3000839714550513,0.09794413921434636,0.19526960963252565,0.005158508292515003,0.007180031647192605
3.6849999999999437,0.30082915846224073,0.09799449956617276,0.19550420840820662,0.004992161634244915,0.005955677183440784
3.6899999999999435,0.3010314606707074,0.09837574282943717,0.1951845292565423,0.005185641807186265,0.005955677183440784
3.6949999999999434,0.30073972474675326,0.09906592933753416,0.19436652434616633,0.005758101131950999,0.005955677183440784
3.6999999999999433,0.30008511998354703,0.10007612391505183,0.19365736336533018,0.006343664535699983,0.005955677183440784
3.7049999999999432,0.2991484960500316,0.10140035091868155,0.1933862530642309,0.006813786774082329,0.006666964069414754
3.709999999999943,0.2983080438657023,0.10208910725951376,0.19353016819074165,0.0070061264863141,0.006666964069414754
3.714999999999943,0.2975532360236379,0.10220872403472972,0.19406818926998118,0.006786125135479184,0.006666964069414754
3.719999999999943,0.29690586966847804,0.10181560874339825,0.19508225753092656,0.006087221748028972,0.006666964069414754
3.724999999999943,0.29664786508431445,0.10106888115709242,0.19666627083782556,0.004846964570499523,0.007497190902862805
3.7299999999999427,0.29687656740305796,0.10004656866798022,0.198431191301622,0.00349559158950012,0.007497190902862805
3.7349999999999426,0.29754576149027795,0.09876243901900846,0.20035850352669665,0.0027718889990274425,0.007497190902862805
3.7399999999999425,0.2982296085388203,0.0979799745637564,0.2017703889101108,0.003216996360260972,0.007497190902862805
3.7449999999999424,0.2988383265183271,0.09782429744263257,0.20244947867265076,0.0034760771947596435,0.0036362095756729664
3.7499999999999423,0.29925176066674813,0.09814090282711024,0.20278194388567905,0.0034286026572262463,0.0036362095756729664
3.754999999999942,0.299373272654552,0.09885319575088183,0.20303214654755763,0.0033017964560513725,0.0036362095756729664
3.759999999999942,0.2990608999866811,0.09986743951153006,0.20290663024949432,0.003057446733042824,0.0036362095756729664
3.764999999999942,0.2983975812936233,0.10117904853237891,0.2020319641732838,0.002843726350013248,0.0032612195751027025
3.769999999999942,0.2979773130079312,0.1018652540628924,0.201234100349993,0.0030155329646471786,0.0032612195751027025
3.7749999999999417,0.2977993667662898,0.1020021722273905,0.20044696443150442,0.0030085307810413945,0.0032612195751027025
3.7799999999999416,0.2978307826717072,0.10162698955327493,0.19970677269386217,0.0027273762257701566,0.0032612195751027025
3.7849999999999415,0.29802039131689584,0.10076575478181987,0.19908778543449226,0.0023102740827931705,0.004731831617720295
3.7899999999999414,0.29830145836429983,0.09949371563456375,0.19866509430793416,0.00221886023750978,0.004731831617720295
3.7949999999999413,0.29868567168134336,0.0978493756117596,0.19857936767633969,0.0028932404648673274,0.004731831617720295
3.799999999999941,0.2990391657042169,0.0965628571550042,0.19913998140123793,0.003671074157664961,0.004731831617720295
3.804999999999941,0.29918462562780024,0.09590291491085416,0.19966661390585097,0.0041907144835115285,0.000628061748178379
3.809999999999941,0.29930954821829314,0.09586668479709494,0.1995486525780363,0.004214822976679043,0.000628061748178379
3.814999999999941,0.29941417565910655,0.09640568241069841,0.19881801814389322,0.0038287583103810184,0.000628061748178379
3.8199999999999408,0.29949071602595445,0.09747344808008002,0.19750378171071017,0.0035880273853548107,0.000628061748178379
3.8249999999999407,0.29931218485977074,0.09894143972709415,0.19614595292233095,0.004055529360686785,0.007003327642490459
3.8299999999999406,0.29883052675071,0.10069333457623222,0.19492659215640246,0.005252413508367485,0.007003327642490459
3.8349999999999405,0.298489707041431,0.10175097133394898,0.19440671611962773,0.006052413568110364,0.007003327642490459
3.8399999999999403,0.2982096505344458,0.10215901417682674,0.1942998726459192,0.006352806094733991,0.007003327642490459
3.8449999999999402,0.2979892213847304,0.10196897539073524,0.1945733909290811,0.006112951884116698,0.00805207439989659
3.84999999999994,0.29782307709237105,0.10122803999050067,0.19521061184939748,0.005402343419402408,0.00805207439989659
3.85499999999994,0.29781763888771373,0.10002558477429757,0.1959122243950725,0.004633925334026829,0.00805207439989659
3.85999999999994,0.2981282912936302,0.09846533231731626,0.19625739057174926,0.004457086908531814,0.00805207439989659
3.86499999999994,0.29872153955488345,0.09657036703446797,0.19627102706958272,0.005225139472184122,0.004599852834206376
3.8699999999999397,0.29937220851487967,0.09545978199791888,0.1965737578843181,0.005722485184819924,0.004599852834206376
3.8749999999999396,0.3000319958226644,0.09503245489541864,0.19725775230759587,0.0056742797344873684,0.004599852834206376
3.8799999999999395,0.30038346818978506,0.09511611400409364,0.19782296474886452,0.005360864926322422,0.004599852834206376
3.8849999999999394,0.3003929185867766,0.09565050053830798,0.198430844949501,0.0046405579573581745,0.0069114132051510575
3.8899999999999393,0.3003840622147329,0.096715522271746,0.19837378811931006,0.0036850865407856174,0.0069114132051510575
3.894999999999939,0.3003495408104953,0.09826952130947758,0.19768489691843966,0.0029114322171062443,0.0069114132051510575
3.899999999999939,0.3002758551642309,0.10027225219018501,0.1963945448948699,0.0036262272187222544,0.0069114132051510575
3.904999999999939,0.300100957339506,0.10234441115061077,0.19490735709289797,0.005607269193356508,0.00940688090084792
3.909999999999939,0.2999557569367909,0.10366152047763175,0.19387897913438137,0.007132712393900194,0.00940688090084792
3.9149999999999388,0.29985783693495593,0.10430780316411276,0.19329193381290952,0.007973426516134035,0.00940688090084792
3.9199999999999386,0.2998105478712607,0.10433668144963687,0.19311324285625503,0.008140646292625106,0.00940688090084792
3.9249999999999385,0.299812376382708,0.10379706736099098,0.193325707864308,0.007681087076594623,0.01400128381233423
3.9299999999999384,0.299855825680485,0.10273285658605256,0.19391140365225304,0.0066753499413990435,0.01400128381233423
3.9349999999999383,0.29992880245370435,0.10118358206366537,0.19485197329873608,0.005282813124553558,0.01400128381233423
3.939999999999938,0.3000157401969119,0.09918504832804137,0.1961288385854133,0.00395604406942238,0.01400128381233423
3.944999999999938,0.2998175543639898,0.09752803745211255,0.19772203889421971,0.0033664509572701585,0.00692018406351943
3.949999999999938,0.2996069456879741,0.09659182762602331,0.19860356422439612,0.003704073905624259,0.00692018406351943
3.954999999999938,0.2994027733738898,0.09630357414875525,0.19884021099322746,0.0039198666121331134,0.00692018406351943
3.959999999999938,0.29920508447097244,0.09661206471530137,0.1984543372604129,0.0038077643698295094,0.00692018406351943
3.9649999999999377,0.2990083810629122,0.09746951195549236,0.19747642281367034,0.0037087895161562875,0.006301321153632072
3.9699999999999376,0.2988427572845402,0.0988469060033405,0.19621018948529856,0.004126923818652175,0.006301321153632072
3.9749999999999375,0.29881981390354817,0.10056650179722065,0.19508303799001717,0.005088249101225975,0.006301321153632072
3.9799999999999374,0.29926753000415934,0.1018011695427417,0.19426384559385243,0.006056747591543948,0.006301321153632072
3.9849999999999373,0.2998554757697882,0.10248619620150676,0.1944468063799499,0.006086051116057941,0.009427287852377286
3.989999999999937,0.30041640334482367,0.10253933825268113,0.19497192780439285,0.005648286511088813,0.009427287852377286
3.994999999999937,0.30096335027222787,0.10201369226108402,0.19582660181424405,0.004732890521258898,0.009427287852377286
3.999999999999937,0.3014938684105617,0.10095296265534862,0.19699877393040935,0.003485274533139943,0.009427287852377286
4.004999999999937,0.30196037522162444,0.09938125432429382,0.19821255215136802,0.00272413050941826,0.002501318102402351
4.009999999999937,0.301992319448729,0.09831928080162608,0.19944762504146124,0.002664445890684834,0.002501318102402351
4.014999999999937,0.3016185104204293,0.09770818499581752,0.19994556944087824,0.0028062349652515895,0.002501318102402351
4.0199999999999365,0.30117162409517256,0.09762901958464851,0.19974118301454158,0.0026572988884073813,0.002501318102402351
4.024999999999936,0.30079354057575036,0.09809299443252237,0.19912162112406942,0.002244532541406791,0.004339667102701767
4.029999999999936,0.3001278781240692,0.09897963105057012,0.19863053082112794,0.0017125861845339804,0.004339667102701767
4.034999999999936,0.2991948407684404,0.10025207636789907,0.19825526327939946,0.0019380222154636907,0.004339667102701767
4.039999999999936,0.2983692619575763,0.1013905923805382,0.19763730808400135,0.0031898850797080756,0.004339667102701767
4.044999999999936,0.2980923214448671,0.10209382495686192,0.19733222664463212,0.003891060921561447,0.005507587655182233
4.049999999999936,0.2982724179265979,0.10239579451334818,0.19717283592022017,0.00408867067694707,0.005507587655182233
4.054999999999936,0.29874037438583545,0.10227139830454485,0.19667815420582263,0.004216700893594722,0.005507587655182233
4.059999999999936,0.2994760598735255,0.10175171602487271,0.19588099222426242,0.004506578230155634,0.005507587655182233
4.0649999999999356,0.3004540446769666,0.10086220473530795,0.1948021042840384,0.005288447167957828,0.009391501418875712
4.0699999999999354,0.301300801509289,0.0996534859957095,0.19417583580950645,0.0059777123583830555,0.009391501418875712
4.074999999999935,0.3017309797501976,0.09893991726887752,0.1939817755665731,0.006351306292686177,0.009391501418875712
4.079999999999935,0.301791864082872,0.09867208848978276,0.19418768889504112,0.00622551895437502,0.009391501418875712
4.084999999999935,0.3013628303504225,0.09875921286950012,0.19387983187195326,0.006391659970837475,0.0071645617259844556
4.089999999999935,0.30067541551152926,0.0992477908025654,0.19369982741573316,0.0063807663631782665,0.0071645617259844556
4.094999999999935,0.29975132241783775,0.10010625379603982,0.19363323584862904,0.0063725047013105775,0.0071645617259844556
4.099999999999935,0.2986038336091287,0.10130228906983677,0.1936564315467312,0.006624658340904994,0.0071645617259844556
4.104999999999935,0.2974965574656012,0.10217163499295082,0.19375919515835008,0.00706617776009114,0.0049649174314289396
4.109999999999935,0.2969318137633858,0.10261915444586825,0.1938488485564573,0.007355977220958337,0.0049649174314289396
4.1149999999999345,0.296897277354498,0.10270951619076052,0.1942080017599469,0.007107433391575508,0.0049649174314289396
4.119999999999934,0.29734365814250757,0.10246538734910501,0.1947970896779624,0.006340706795315404,0.0049649174314289396
4.124999999999934,0.29822709819848325,0.10190597921054828,0.19559451063586963,0.005117057170516017,0.003986924698131557
4.129999999999934,0.29933134655040494,0.10097719991246257,0.19598895325240004,0.004182166079438322,0.003986924698131557
4.134999999999934,0.3005012878919153,0.10007892493917138,0.1960177472595782,0.00401445582678413,0.003986924698131557
4.139999999999934,0.30145410938055706,0.0997951079309169,0.1958270394213547,0.004423800949582265,0.003986924698131557
4.144999999999934,0.30196872123736435,0.09996743361883081,0.19603446552909282,0.004427458358876468,0.0063534750509052045
4.149999999999934,0.3019539081740953,0.10045565287183082,0.19571994148870236,0.004726973402985838,0.0063534750509052045
4.154999999999934,0.30145663480419055,0.10123913794262646,0.1949295942135965,0.005419064737796538,0.0063534750509052045
4.1599999999999335,0.3005099023427298,0.10229115283786208,0.19370221622827266,0.006720971816709035,0.0063534750509052045
4.164999999999933,0.29926749969953376,0.10326649632347536,0.19207377103467071,0.008604165301311117,0.007755422702653612
4.169999999999933,0.2982073961911679,0.10359647472528283,0.19066208546764105,0.010165859859287767,0.007755422702653612
4.174999999999933,0.29731834393349066,0.10335499444275215,0.18944608898910478,0.011394397947932114,0.007755422702653612
4.179999999999933,0.2966154836591441,0.1026011311225228,0.18855366719740407,0.012216356601125439,0.007755422702653612
4.184999999999933,0.29624447760569905,0.10144283040578903,0.1886183350560903,0.012071785490530739,0.013595569729101302
4.189999999999933,0.2963982090622229,0.10005939603428096,0.1889457261653412,0.011626409413914681,0.013595569729101302
4.194999999999933,0.29697377241419864,0.09856970156188052,0.18950974710708962,0.011011322026912431,0.013595569729101302
4.199999999999933,0.29760744568549835,0.09783091587711679,0.1902877741677896,0.010235065837396431,0.013595569729101302
4.204999999999933,0.2983003768715198,0.09776643791495912,0.19126012015836705,0.00917948898429424,0.013872873703526275
4.2099999999999325,0.29885622892660224,0.09825158370665737,0.1918197199417182,0.008442875910203254,0.013872873703526275
4.214999999999932,0.2992919392726956,0.09924909164071441,0.19200536713240562,0.008060978107228443,0.013872873703526275
4.219999999999932,0.2996138514747321,0.10072133344867841,0.19184228275328824,0.008198645211560721,0.013872873703526275
4.224999999999932,0.2999045616168259,0.10210441107653775,0.19162830513834664,0.008632666408513139,0.010400964877372404
4.229999999999932,0.30004029054390163,0.10274445465927995,0.19092105777714913,0.009484769190161446,0.010400964877372404
4.234999999999932,0.3000379249101406,0.10269995270413017,0.18977908829289278,0.010571575995462107,0.010400964877372404
4.239999999999932,0.2999098285772797,0.10202578746528553,0.1882271384001401,0.011946221829073797,0.010400964877372404
4.244999999999932,0.29965747413554483,0.10077134750069719,0.186300073050566,0.01372589885415453,0.010586300751262963
4.249999999999932,0.2994944283263561,0.09906699247225936,0.18460866539427095,0.015427873693724765,0.010586300751262963
4.2549999999999315,0.2993973716810411,0.09710618996494348,0.18331344425030777,0.0169463400236568,0.010586300751262963
4.259999999999931,0.2991953708546536,0.09579562527393902,0.18307855497368447,0.017454497892443088,0.010586300751262963
4.264999999999931,0.2989088424014204,0.09506731395137444,0.1838322363764605,0.016938671646439408,0.016102866787789574
4.269999999999931,0.29878544215841385,0.0950250280106365,0.18478165913497815,0.01605688001230326,0.016102866787789574
4.274999999999931,0.29880064272551515,0.09561020802170515,0.1859218109813475,0.014795409339706347,0.016102866787789574
4.279999999999931,0.2989330451207399,0.09677306599067505,0.18723481576095763,0.013209898730558495,0.016102866787789574
4.284999999999931,0.299160342924055,0.09846887315870861,0.18870338947738463,0.011430782243966155,0.01429414124050097
4.289999999999931,0.2994479808756969,0.10009932895279369,0.1897262701001668,0.010289028982813999,0.01429414124050097
4.294999999999931,0.29999468661870876,0.10117840074774034,0.19034446578619213,0.009727178291175212,0.01429414124050097
4.2999999999999305,0.30049995485596054,0.10165090684693585,0.19131035143136071,0.008859200896340097,0.01429414124050097
4.30499999999993,0.3008184665509347,0.1015015787454856,0.19170353616519747,0.008470887697642995,0.012313132949203456
4.30999999999993,0.30098953441865317,0.10073006915613453,0.19157565788757996,0.008513619639467817,0.012313132949203456
4.31499999999993,0.3010213379477016,0.09938789238139875,0.19096820441109857,0.009109947228160241,0.012313132949203456
4.31999999999993,0.3009914604286205,0.09769888554135026,0.19026857592456678,0.010048817645337627,0.012313132949203456
4.32499999999993,0.3006705280700448,0.09656980049712127,0.1897033909758193,0.010873639405420197,0.009386825088666189
4.32999999999993,0.3000954813432239,0.09594228463942207,0.18925888716624298,0.011482407218953435,0.009386825088666189
4.33499999999993,0.2994487592201671,0.09583764396652678,0.18981666355684412,0.01101496324375386,0.009386825088666189
4.33999999999993,0.29890710654183017,0.09628071960819956,0.19085272301152617,0.00993479436362951,0.009386825088666189
4.34499999999993,0.2985444075551827,0.09726301758547132,0.19207097858890568,0.008513471832363156,0.011988112108061066
4.3499999999999295,0.2983143667135838,0.0987930287697988,0.19346373968815941,0.006857174198673255,0.011988112108061066
4.354999999999929,0.2981911021238724,0.10082676598202518,0.19501412283365577,0.005367925542811289,0.011988112108061066
4.359999999999929,0.29850195613539315,0.10233972423692686,0.1966049515919303,0.004386889401191435,0.011988112108061066
4.364999999999929,0.29907386244990236,0.10331411940003503,0.19774047806706307,0.004116619672111138,0.006779898903144787
4.369999999999929,0.2997836862868012,0.10376266737077279,0.19873243157332598,0.003976328341811941,0.006779898903144787
4.374999999999929,0.30037650173219427,0.10362168570145308,0.1996426229622807,0.003658699116017056,0.006779898903144787
4.379999999999929,0.3007957627028819,0.10290921135882516,0.19997637057119882,0.0030161742919666795,0.006779898903144787
4.384999999999929,0.3010576268720904,0.10167260386744012,0.19979313043369767,0.0019897168932804334,0.006601826573692713
4.389999999999929,0.30099584705107757,0.10041186223097848,0.1991234371672576,0.0013891379507420631,0.006601826573692713
4.3949999999999285,0.3005023882971541,0.09960105501476851,0.19813169481345125,0.001975377273445192,0.006601826573692713
4.399999999999928,0.2997591226643045,0.09926279641843334,0.197306119187503,0.0028032989215326467,0.006601826573692713
4.404999999999928,0.29909175459818416,0.09947990156548488,0.19644510745879795,0.0037057621444176268,0.005544313609239075
4.409999999999928,0.2986159416682821,0.10025785187281619,0.19591434347029574,0.004321422720890391,0.005544313609239075
4.414999999999928,0.29830509473468136,0.1015519792054154,0.19566834505948896,0.004903527081203932,0.005544313609239075
4.419999999999928,0.2983318653745871,0.10282545345298041,0.19568119250385152,0.005423832457981042,0.005544313609239075
4.424999999999928,0.2988513269091463,0.10361560775842532,0.1959288093673714,0.005564769761601979,0.005363748741752403
4.429999999999928,0.2993299268509814,0.10382174792668669,0.19653898333607595,0.005199364536953503,0.005363748741752403
4.434999999999928,0.29977923541650775,0.1034884822925502,0.1974854290646703,0.004305962458680493,0.005363748741752403
4.439999999999928,0.30019850814072613,0.10265514574384124,0.19875429964380548,0.0029395533300819654,0.005363748741752403
4.4449999999999275,0.30066406605165397,0.10139019709033581,0.20060954876169335,0.0016568588847030144,0.004910181693531597
4.449999999999927,0.30057821890850916,0.10061823944829541,0.20183648680251087,0.0020221871568632615,0.004910181693531597
4.454999999999927,0.30022877469658726,0.10038014414860727,0.20228836196603409,0.0023309757448567066,0.004910181693531597
4.459999999999927,0.2998962220989369,0.10073730966067337,0.20210613408515174,0.0022338746995096315,0.004910181693531597
4.464999999999927,0.2995754956685971,0.10164266436694333,0.20132054810618932,0.0021499761511619875,0.004732046564584032
4.469999999999927,0.29927432712758123,0.1030005128632254,0.19995201565534088,0.0030873906551451974,0.004732046564584032
4.474999999999927,0.2990945168207366,0.10447262054470824,0.1980292654855479,0.004970717136523452,0.004732046564584032
4.479999999999927,0.299424197960518,0.10543363950549897,0.1964750160853211,0.00650242246113982,0.004732046564584032
4.484999999999927,0.2999526943505644,0.10582852881435763,0.1956438542319677,0.00727667450945907,0.003480724055746253
4.4899999999999265,0.30046622929499434,0.1056165817864107,0.19522495579367724,0.0073867724948916596,0.003480724055746253
4.494999999999926,0.30097744560917944,0.10484897929548709,0.19519873981752622,0.006893482390401445,0.003480724055746253
4.499999999999926,0.30148395991549115,0.10356850776850227,0.1955488930600176,0.005894805994755474,0.003480724055746253
4.504999999999926,0.30191975181037856,0.10179042702018663,0.19589437089815445,0.004873116687499626,0.004236016246396195
4.509999999999926,0.30195023427852546,0.10060711879962064,0.19661292399649746,0.003955286441143218,0.004236016246396195
4.514999999999926,0.301615960453224,0.09995541949053054,0.19768612003405145,0.00282265054603409,0.004236016246396195
4.519999999999926,0.3009959979978467,0.09981299508920508,0.19917046015071785,0.0013096255991401392,0.004236016246396195
4.524999999999926,0.3003524004328576,0.10023414960781972,0.20030113647886064,0.000519321945252591,0.0030192733451214634
4.529999999999926,0.29974114683854547,0.10119709345682579,0.20075374936155274,0.001438115365195452,0.0030192733451214634
4.5349999999999255,0.2991558275956257,0.10265993433961533,0.2005644307231617,0.002847184535751191,0.0030192733451214634
4.539999999999925,0.29874705360496795,0.10417481575018672,0.1997650887675433,0.004365105325643953,0.0030192733451214634
4.544999999999925,0.2987210795104355,0.10517253388377065,0.1983854785033096,0.005567533031842624,0.0033844986448069514
4.549999999999925,0.2989000840730485,0.10559047023923843,0.19682280625766166,0.006523628792208059,0.0033844986448069514
4.554999999999925,0.29921653565378625,0.1054515321209209,0.1957484236889778,0.0069576519010127,0.0033844986448069514
4.559999999999925,0.2995423092842647,0.10474991639898981,0.19510514697530548,0.006835990983173089,0.0033844986448069514
4.564999999999925,0.29988192101186034,0.10353267073322911,0.1948868759149162,0.0062159265653897134,0.010038388113479768
4.569999999999925,0.3002276800822584,0.10183946729325889,0.1950592981663531,0.005276932134472494,0.010038388113479768
4.574999999999925,0.3006435764390748,0.09973605663285678,0.1954257515334834,0.004626835394459223,0.010038388113479768
4.579999999999925,0.3008613541171764,0.0982752912498103,0.19570513901815587,0.0047076939196941175,0.010038388113479768
4.5849999999999245,0.3009494394287182,0.09742763996054968,0.19579279202611868,0.005021859251000201,0.009782822395368478
4.589999999999924,0.3010563797412884,0.0972366669522477,0.19585795724650798,0.005090035939201264,0.009782822395368478
4.594999999999924,0.3011132754653802,0.09762362464804189,0.19618795967633246,0.004627979419193542,0.009782822395368478
4.599999999999924,0.3009343000154952,0.09847114402332172,0.19638596609745784,0.004033801949166997,0.009782822395368478
4.604999999999924,0.300502405902786,0.09972981076794052,0.1965327044784265,0.00351390838614197,0.0029883180763114877
4.609999999999924,0.30015550926032386,0.10036922493100048,0.19675144669363154,0.0032731649460478345,0.0029883180763114877
4.614999999999924,0.29988429397044725,0.10045459708590254,0.19703424129824748,0.0030026273616296094,0.0029883180763114877
4.619999999999924,0.2996828009086336,0.10002844911146913,0.19737352902087923,0.002645708680045992,0.0029883180763114877
4.624999999999924,0.2995622068593955,0.09955378314049335,0.1975960201763611,0.002483926591534316,0.0022990214997607576
4.6299999999999235,0.2997696794084318,0.09865930018683672,0.19746768301278186,0.002874570035269621,0.0022990214997607576
4.634999999999923,0.30022141533268093,0.09752898231185939,0.1970102023679498,0.003885079541690626,0.0022990214997607576
4.639999999999923,0.30066772428066296,0.0967950196348101,0.19624723898178356,0.004980057240241787,0.0022990214997607576
4.644999999999923,0.30098287850864436,0.09660079575306399,0.19533180934088734,0.00585769952327444,0.009329146845508618
4.649999999999923,0.30122817341173663,0.09692567200401712,0.194146920455876,0.006724465979245031,0.009329146845508618
4.654999999999923,0.3014010431744392,0.09772855516625156,0.1927117231398278,0.007761530982990862,0.009329146845508618
4.659999999999923,0.3012101584679009,0.09885878869594762,0.19176659098722257,0.008399754206499976,0.009329146845508618
4.664999999999923,0.30094798540497836,0.09993577904198378,0.19162539434566633,0.008428334386170149,0.009753261487762798
4.669999999999923,0.3005962558897505,0.10084544007283915,0.19160267095275552,0.008460817048637829,0.009753261487762798
4.6749999999999226,0.3003238828559066,0.10118361249841477,0.1916762933086293,0.008413675281036441,0.009753261487762798
4.6799999999999224,0.30012891405284986,0.10099512742306127,0.19183576724969612,0.00822566677068099,0.009753261487762798
4.684999999999922,0.3000054988431208,0.10032067697497846,0.19207125166897132,0.007935232451311508,0.011948172818755699
4.689999999999922,0.2999449219265451,0.09919732863870875,0.19237354335665124,0.007668777988786166,0.011948172818755699
4.694999999999922,0.30005573455170087,0.09827163574061437,0.19324590155174187,0.006971957773978407,0.011948172818755699
4.699999999999922,0.30027102433158626,0.09803794362554297,0.1943101784739408,0.006024714798500093,0.011948172818755699
4.704999999999922,0.30057609197704316,0.0984404846678074,0.1955484444884415,0.004751875052002557,0.008115029528950171
4.709999999999922,0.3007971721239298,0.09930993604855959,0.1963452738800921,0.0038037737398254256,0.008115029528950171
4.714999999999922,0.30094635992539526,0.10061697833249908,0.19674312146009776,0.003447247771025939,0.008115029528950171
4.719999999999922,0.3011814713776086,0.10193088667794464,0.19677089974819717,0.003943511939295432,0.008115029528950171
4.7249999999999215,0.3014758670780886,0.10259380881875446,0.19703498364948177,0.004206821814538227,0.008774340830534974
4.729999999999921,0.30206883781858385,0.10275226471841134,0.1969488119307959,0.004600521669709668,0.008774340830534974
4.734999999999921,0.30293568581681724,0.10244215401004282,0.19653600314087474,0.005155738711752164,0.008774340830534974
4.739999999999921,0.30359681574160996,0.10196868740967092,0.19609905017793006,0.005659524989820054,0.008774340830534974
4.744999999999921,0.30401529711561326,0.10162027752113652,0.19578245102554412,0.006044470987943152,0.009254392337104077
4.749999999999921,0.3042901363064973,0.10120306667666626,0.19557248429706187,0.006281364044265798,0.009254392337104077
4.754999999999921,0.3043636331984082,0.10090777396327646,0.19545903589711397,0.006362837672167393,0.009254392337104077
4.759999999999921,0.304222851002209,0.10080237268608003,0.19543290743335964,0.006271730783961222,0.009254392337104077
4.764999999999921,0.3038954246337706,0.10084143968744154,0.1954855769327551,0.006021824429112973,0.007605948037551339
4.7699999999999205,0.30371566794090565,0.10039996589573823,0.1960826655642976,0.005414025308951535,0.007605948037551339
4.77499999999992,0.3034894812012723,0.0996500879001817,0.19701941940657805,0.004602475225953485,0.007605948037551339
4.77999999999992,0.3031772411896083,0.09902231443772108,0.19807012264142115,0.0038438466742038106,0.007605948037551339
4.78499999999992,0.3029169665086565,0.09879801823948545,0.19871832254226876,0.003405312154691544,0.003921046378576184
4.78999999999992,0.3023910124136853,0.099001451289137,0.19958677747399628,0.0026238888593765643,0.003921046378576184
4.79499999999992,0.3017792236385455,0.09966290057167917,0.20028766247135021,0.0018335818710809157,0.003921046378576184
4.79999999999992,0.3013723460430572,0.10025793891786705,0.20062910209573773,0.0015315467978833505,0.003921046378576184
4.80499999999992,0.30119881535474835,0.1005002683174975,0.20076800546861331,0.0015090589929131855,0.004959944330322011
4.80999999999992,0.3012754463127084,0.10062871762680456,0.20028409183518978,0.0014500887288982575,0.004959944330322011
4.81499999999992,0.3015902402153475,0.10062776321034256,0.19921255243673855,0.001882292287519286,0.004959944330322011
4.8199999999999195,0.30197240148559823,0.10051552381823756,0.1978741656306019,0.0029453869344577897,0.004959944330322011
4.824999999999919,0.3022075333113548,0.10032128752961175,0.1966909236046567,0.003990791348547733,0.005739695413631387
4.829999999999919,0.3024029005874139,0.09980511699808414,0.1956602778197979,0.004964383065272888,0.005739695413631387
4.834999999999919,0.30245573896711825,0.09927397288759776,0.1947695758302814,0.005823667765055183,0.005739695413631387
4.839999999999919,0.302303967006328,0.0989261198657268,0.19400719741587846,0.006509620981385061,0.005739695413631387
4.844999999999919,0.3020367223447344,0.09885535575953908,0.1940932634803154,0.006352006349157469,0.0051602174395041995
4.849999999999919,0.30157789834181353,0.09886734154054463,0.19455215812745372,0.005783740954705912,0.0051602174395041995
4.854999999999919,0.30097722486210476,0.09887548128771417,0.19537849429203502,0.004855700338174677,0.0051602174395041995
4.859999999999919,0.3002674922228979,0.09880783626795869,0.19653918232970355,0.0036701587704541833,0.0051602174395041995
4.8649999999999185,0.29968814046993575,0.098739602889021,0.1974769099628273,0.0028375765328068794,0.00431602760346033
4.869999999999918,0.2991145101711765,0.09918126860951595,0.19803806866614024,0.002302951993745106,0.00431602760346033
4.874999999999918,0.29854169348844056,0.10009327953789174,0.19825061325573504,0.0022794106551597775,0.00431602760346033
4.879999999999918,0.29816120375533156,0.10092464189683173,0.19814043057639844,0.0027738299709926667,0.00431602760346033
4.884999999999918,0.2981270450093604,0.10123868501599778,0.19773098097926167,0.0031922951433555756,0.004363040537342307
4.889999999999918,0.29845728229685087,0.10109318574800369,0.196735710967349,0.003772348854484939,0.004363040537342307
4.894999999999918,0.29912195245290113,0.10052194351696916,0.19519732444343504,0.00491010030768202,0.004363040537342307
4.899999999999918,0.2999542556698206,0.09988209727048844,0.19312838410714375,0.006872779537881639,0.004363040537342307
4.904999999999918,0.3005059390112891,0.0994261412369013,0.19127187458509304,0.008761590119463154,0.009134764768602385
4.9099999999999175,0.3009599919382395,0.09873043152427104,0.18962234107162584,0.010499009166093424,0.009134764768602385
4.914999999999917,0.3011906710651835,0.09819202882047008,0.18815123951043777,0.012044898609390085,0.009134764768602385
4.919999999999917,0.30114888890235025,0.09798607387829861,0.186844921481751,0.013357841702719475,0.009134764768602385
4.924999999999917,0.3009294400517972,0.09810631653163951,0.18605229814746277,0.01410632067037672,0.014771754629573482
4.929999999999917,0.30038395567908294,0.09866163547207041,0.18568785454287312,0.01437971311115344,0.014771754629573482
4.934999999999917,0.2995436488775849,0.0996192675090892,0.18574336048493573,0.014269021824885443,0.014771754629573482
4.939999999999917,0.2984281913654908,0.10094455269822783,0.18619888443430754,0.013922411897399314,0.014771754629573482
4.944999999999917,0.2973622636070262,0.10180510901090428,0.18701951098278358,0.013368214800269427,0.016217697365259215
4.949999999999917,0.29669735171402195,0.10214571679420356,0.18745801552532682,0.013145834352552307,0.016217697365259215
4.954999999999917,0.2963979654661227,0.1020075210195662,0.1875563290891398,0.013109147156281122,0.016217697365259215
4.9599999999999165,0.29643197592105675,0.10142684134099703,0.18733975389013463,0.013230589692173908,0.016217697365259215
4.964999999999916,0.2969043785642901,0.10048988627530576,0.18722381589606057,0.013154989201581061,0.010736248213366023
4.969999999999916,0.2976226015183147,0.09982394572122782,0.18738446140517637,0.012838801840019122,0.010736248213366023
4.974999999999916,0.2983742267318008,0.0997643147522769,0.1875277698455099,0.012579952753574151,0.010736248213366023
4.979999999999916,0.2987639941966911,0.10011014659074342,0.1877306711037004,0.01233192094455841,0.010736248213366023
4.984999999999916,0.29894860476883417,0.10051725594603203,0.18799069165604892,0.012066336334858103,0.013298196291903189
4.989999999999916,0.2988010287412773,0.10134900041973327,0.18831037821509816,0.011828127141933145,0.013298196291903189
4.994999999999916,0.2985764597549687,0.10197315041055766,0.18868448312859848,0.01157413977101021,0.013298196291903189
4.999999999999916,0.2984208546662639,0.10204741539945475,0.18910777922729463,0.011194913271854297,0.013298196291903189
