time_s,ee_x,ee_y,ee_z,error_true_m,error_measured_m
0.005,0.3913614999999999,-0.0009794652485835562,0.24634517669302677,0.14384592968467252,0.14437916789868527
0.01,0.39138777521394646,-0.0009794878118838338,0.24623686254200583,0.14382777852359935,0.14437916789868527
0.015,0.39142518101422014,-0.0009795091926832178,0.24608425199476955,0.14380258440721966,0.14437916789868527
0.02,0.3914581011243018,-0.0009795133515549436,0.24595198998169557,0.14378119404587558,0.14437916789868527
0.025,0.391477870188091,-0.000979495787804888,0.24587186176051828,0.14376817104312287,0.14693099645022215
0.030000000000000002,0.39148402973386065,-0.000979465138068505,0.24584634487157256,0.14376392946076377,0.14693099645022215
0.035,0.3914776530727935,-0.0009794285091421612,0.24587055691229695,0.1437675693095755,0.14693099645022215
0.04,0.3914639596301399,-0.0009793951831562,0.24592318662280363,0.14377563504423393,0.14693099645022215
0.045,0.39144954588926917,-0.000979372613147678,0.2459780764255974,0.14378399301903028,0.1417740326422432
0.049999999999999996,0.39125910689799454,-0.00044287856791296173,0.24555529063341647,0.14315125200822781,0.1417740326422432
0.05499999999999999,0.390903657536888,0.0005944212327652434,0.2446931906055693,0.14192401252127307,0.1417740326422432
0.05999999999999999,0.3903877773054101,0.0020990192236085056,0.2434262192755839,0.14014417163679294,0.1417740326422432
0.06499999999999999,0.3897161647426468,0.003247061040794956,0.24236674457029858,0.13858233097642111,0.14113718641735312
0.06999999999999999,0.3889467626213796,0.0037803034106803544,0.2419847008366865,0.13759531858646518,0.14113718641735312
0.075,0.38840523093042545,0.003745974895158273,0.24202381725325628,0.13728191221453917,0.14113718641735312
0.08,0.388171739798,0.0031826404965666017,0.2422580977709546,0.13759943178459294,0.14113718641735312
0.085,0.3882176133654589,0.0024139927862771846,0.2422760793976214,0.13817613035922066,0.13640211607905547
0.09000000000000001,0.38851972048026834,0.0018102183954046389,0.24188583597353985,0.13867731386447193,0.13640211607905547
0.09500000000000001,0.38889504658511076,0.001558365777888246,0.2416230907973611,0.13901642472461456,0.13640211607905547
0.10000000000000002,0.3891496904665071,0.0016640513673530598,0.24194204584615972,0.1392004357518969,0.13640211607905547
0.10500000000000002,0.38923520225819497,0.001985323929343929,0.24289614698832718,0.13931933632393162,0.14545882624897205
0.11000000000000003,0.3891116433443265,0.002821491411316235,0.2433167175111456,0.1387835924271588,0.14545882624897205
0.11500000000000003,0.3887965870628588,0.004137341008636717,0.24324580727492534,0.1376396858096031,0.14545882624897205
0.12000000000000004,0.3883001137460892,0.005899875889051013,0.24272131827695226,0.1359295938366217,0.14545882624897205
0.12500000000000003,0.38764388730783883,0.007382608002966896,0.24218863168879215,0.1343105093674125,0.13632651574370314
0.13000000000000003,0.3868557098893356,0.008204715561014408,0.24180969232632568,0.1331102511380574,0.13632651574370314
0.13500000000000004,0.385951660642666,0.00842893595211109,0.24157171876093425,0.13229193300739395,0.13632651574370314
0.14000000000000004,0.3850225716419223,0.008098330931719995,0.24131161813731597,0.13183855376658557,0.13632651574370314
0.14500000000000005,0.38443215137441855,0.007262642950870647,0.24098089880066229,0.13194104609514265,0.13037386538639606
0.15000000000000005,0.3841628813925908,0.005953436044960276,0.2405484676179784,0.1325606465819284,0.13037386538639606
0.15500000000000005,0.3841753625472538,0.004716301016284789,0.23975799393679426,0.13321100943187483,0.13037386538639606
0.16000000000000006,0.3844385631385426,0.0041040821434424855,0.23861341115417933,0.13347993679731412,0.13037386538639606
0.16500000000000006,0.3849359424286999,0.004076242551910221,0.237387817212964,0.1334665892092901,0.13798967539386878
0.17000000000000007,0.38532033101433283,0.004589771708092085,0.23644994562383653,0.13308369202531897,0.13798967539386878
0.17500000000000007,0.3855261850205976,0.005605750529920242,0.2359281912768594,0.13234741246289536,0.13798967539386878
0.18000000000000008,0.38556629974971,0.007090075251155844,0.2357940780371502,0.13128237426335154,0.13798967539386878
0.18500000000000008,0.3854642879629861,0.009011746900564192,0.2366152225391699,0.1300910498101239,0.12791277110085184
0.19000000000000009,0.38515003387331753,0.011116285441550798,0.23749604866041163,0.12867321651174715,0.12791277110085184
0.1950000000000001,0.38467058961416606,0.012516095099048719,0.23843239175895029,0.12766985195668806,0.12791277110085184
0.2000000000000001,0.38404745708052856,0.01325769248071818,0.2394191064649466,0.127051441983032,0.12791277110085184
0.2050000000000001,0.38329492091085504,0.013403870240487625,0.24045071999070072,0.12678010209271004,0.12541541399713035
0.2100000000000001,0.3824228357921001,0.012994479445988789,0.2415217769673108,0.12683667619978486,0.12541541399713035
0.2150000000000001,0.3814763257030777,0.012069194854192281,0.2421489633536762,0.1270698754837414,0.12541541399713035
0.2200000000000001,0.38082226976332245,0.010679492823809145,0.24151921338786547,0.1274136467269277,0.12541541399713035
0.22500000000000012,0.38044263480459506,0.00885437148601012,0.23982544527553618,0.12792423219589955,0.12908980096744288
0.23000000000000012,0.380334081975827,0.007721166077282803,0.23786380696182452,0.12807269730382675,0.12908980096744288
0.23500000000000013,0.3804741281134561,0.007209870750943191,0.2356475199150137,0.12789385856157798,0.12908980096744288
0.24000000000000013,0.3808350443636444,0.007277340723781339,0.23317351537715794,0.1274059577217825,0.12908980096744288
0.24500000000000013,0.3813885145536726,0.00788518489301058,0.23045336996032495,0.1266358448678282,0.12965355261228653
0.2500000000000001,0.3817562086992086,0.008983584895475866,0.22860547259254052,0.125643696784161,0.12965355261228653
0.2550000000000001,0.38197738201908804,0.010545105928091143,0.22782291516851375,0.12448527561360118,0.12965355261228653
0.2600000000000001,0.382061417988225,0.012540973438265034,0.22803008407865485,0.12316185798704445,0.12965355261228653
0.2650000000000001,0.38201285562624643,0.014942884750087213,0.2291520662657787,0.12169907275806517,0.12223398630422831
0.27000000000000013,0.3817810293036016,0.016620025780638238,0.230304612023667,0.12065954734161304,0.12223398630422831
0.27500000000000013,0.38139040430959353,0.017617550389764362,0.231484595057508,0.12001060637875877,0.12223398630422831
0.28000000000000014,0.38085754476376865,0.017998514329625466,0.23268876008101877,0.11971107397817422,0.12223398630422831
0.28500000000000014,0.38019445125324197,0.01780391842509666,0.2339138823077125,0.11973928867025287,0.1191725140108528
0.29000000000000015,0.3793840251637265,0.01707711036034012,0.23457366010668806,0.11988897801949588,0.1191725140108528
0.29500000000000015,0.3784438656207907,0.015851124703464125,0.23472096886558366,0.12016662991933094,0.1191725140108528
0.30000000000000016,0.37765097435160716,0.01417387556698533,0.2338754201760395,0.12059577747603147,0.1191725140108528
0.30500000000000016,0.3771957440023623,0.012084294679747002,0.23270961715914432,0.12148363341921249,0.12011392570132337
0.31000000000000016,0.37700074018357155,0.010694642496616641,0.23125008004247277,0.12198823045804852,0.12011392570132337
0.31500000000000017,0.3770430856966215,0.009964249985637825,0.2294997481618522,0.12211596323134165,0.12011392570132337
0.3200000000000002,0.37729910610965645,0.009834101041462186,0.2274747703792768,0.12190120650652793,0.12011392570132337
0.3250000000000002,0.3777423909021904,0.010266106865926067,0.22518875723956583,0.12136937180137401,0.12516181195154893
0.3300000000000002,0.37803972951427295,0.011211038116844095,0.22400494807491692,0.1206230353913748,0.12516181195154893
0.3350000000000002,0.3782096392095776,0.012629203659068855,0.22385343802036198,0.11966365456533584,0.12516181195154893
0.3400000000000002,0.37826149331590964,0.014485517124671821,0.22464477607032635,0.11851140495761367,0.12516181195154893
0.3450000000000002,0.3781369819288494,0.01674510413268205,0.22591872644783495,0.11708350016763677,0.12034614553255753
0.3500000000000002,0.3778406017372026,0.018289918726454326,0.22721546593567576,0.11608780403916319,0.12034614553255753
0.3550000000000002,0.3773950864417849,0.019162548923725382,0.22853130031596597,0.1154934110655681,0.12034614553255753
0.3600000000000002,0.3768154138950557,0.019424648576415418,0.2298627727441975,0.11525962113799636,0.12034614553255753
0.3650000000000002,0.3761123192588396,0.019116321914318564,0.23120663393692378,0.1153651096532259,0.11354069879845402
0.3700000000000002,0.37525686545910253,0.018261709693694474,0.23197092372273245,0.11561524062428845,0.11354069879845402
0.3750000000000002,0.3743190874037218,0.016916908323748106,0.23211091122757943,0.11600533390698896,0.11354069879845402
0.3800000000000002,0.3736383502242955,0.015145776889589218,0.2310221433498495,0.11655564843218016,0.11354069879845402
0.38500000000000023,0.3732644435775792,0.013406180424824365,0.22962903041822663,0.11723501066180939,0.1189032305134613
0.39000000000000024,0.37313637685887735,0.012369759898922228,0.22796173150767582,0.11751530551006377,0.1189032305134613
0.39500000000000024,0.3732317274393424,0.011954025143323194,0.22601689458046675,0.11743874316350555,0.1189032305134613
0.40000000000000024,0.3735257242842131,0.01210755450146336,0.22380691282108794,0.11703795625907965,0.1189032305134613
0.40500000000000025,0.3739912967542375,0.01279025523530486,0.2213444943412959,0.11634362473286845,0.1175783669862203
0.41000000000000025,0.3743150925241001,0.013962836606647516,0.21999630431007203,0.11543387131904136,0.1175783669862203
0.41500000000000026,0.37451607078371874,0.015592639972859193,0.21969271122987982,0.11430245013725203,0.1175783669862203
0.42000000000000026,0.37459713109769033,0.017647831020341315,0.2203574831324307,0.11296476806131839,0.1175783669862203
0.42500000000000027,0.37451335735225816,0.020095379969825952,0.22160118567078232,0.11137145032931658,0.1133378703797571
0.43000000000000027,0.37426290379729166,0.02178164188448885,0.2228610104731676,0.11025296470638069,0.1133378703797571
0.4350000000000003,0.3738672261487709,0.02278344673594054,0.22414094179727873,0.10955157811622154,0.1133378703797571
0.4400000000000003,0.3733404817866437,0.023177699421938362,0.22544076762503737,0.10921412359284954,0.1133378703797571
0.4450000000000003,0.3726936473513457,0.023006971138081138,0.226757487255986,0.10921655544297455,0.10581056255686792
0.4500000000000003,0.37188175334522017,0.0223191829752324,0.22750345232079905,0.1093514320307739,0.10581056255686792
0.4550000000000003,0.3709271634727565,0.021131037942091927,0.2277275017370897,0.10963480308261234,0.10581056255686792
0.4600000000000003,0.3702218079611729,0.01948812620507657,0.22671013600796264,0.11012127633145824,0.10581056255686792
0.4650000000000003,0.36984524299333105,0.017413614530248506,0.22537867443911314,0.11109881255010036,0.1054476767558001
0.4700000000000003,0.3696993214858237,0.01604963032892903,0.22376743493498993,0.1116716210452891,0.1054476767558001
0.4750000000000003,0.3697623379506586,0.015352792100186828,0.2218789747203939,0.11185089689578591,0.1054476767558001
0.4800000000000003,0.3700124399132616,0.015260058607151667,0.21972894244035143,0.11167735034323718,0.1054476767558001
0.4850000000000003,0.3704246842889764,0.015728037765124193,0.21733022340385952,0.11118334596218095,0.10727288708200863
0.4900000000000003,0.37071028341877543,0.016671137358461586,0.2160410715126936,0.11045795356411088,0.10727288708200863
0.49500000000000033,0.3708867547189372,0.018075525897905505,0.2157957070986799,0.10948084679173249,0.10727288708200863
0.5000000000000003,0.3709551138337972,0.019927526811337977,0.21652174564622353,0.10825524107827125,0.10727288708200863
0.5050000000000003,0.3708607256253904,0.02219873460642007,0.2178003792648379,0.1067292501377724,0.11080335545458439
0.5100000000000003,0.3706043145498162,0.023771439353602267,0.2191053793063504,0.10564458438420044,0.11080335545458439
0.5150000000000003,0.370207546695708,0.024691524949661866,0.2204329843460865,0.10496653217442613,0.11080335545458439
0.5200000000000004,0.3696870731882474,0.024989941953916812,0.22177233008305658,0.10467488397350384,0.11080335545458439
0.5250000000000004,0.3690548685918713,0.024688927427403286,0.22311632325175296,0.10476018770962126,0.10489839210198239
0.5300000000000004,0.3682533078613903,0.023825630698781426,0.22387474727773074,0.10502881571281127,0.10489839210198239
0.5350000000000004,0.3673016878876578,0.022457334323599552,0.22410585063210478,0.105467882444975,0.10489839210198239
0.5400000000000004,0.36658301689921174,0.020669016879029542,0.22309853783761435,0.10611430380762114,0.10489839210198239
0.5450000000000004,0.36615249996339494,0.01909176050277433,0.22178733028237038,0.1067566589528751,0.10600248803120227
0.5500000000000004,0.3659521415291772,0.018168958297554466,0.22019350163351997,0.1070223428383764,0.10600248803120227
0.5550000000000004,0.36595722558640303,0.017857574368332532,0.21832383284647106,0.10692752941078874,0.10600248803120227
0.5600000000000004,0.36614220929438424,0.018131594098064308,0.21619748491837223,0.10648749341095003,0.10600248803120227
0.5650000000000004,0.3664805837260738,0.018954522181687354,0.21382871362729566,0.10573207085810751,0.10347362315527363
0.5700000000000004,0.36669888079833657,0.020279887422031146,0.21258431333959826,0.10470148991979021,0.10347362315527363
0.5750000000000004,0.36681325256029235,0.02207339365429656,0.21239206765211605,0.10339308504410855,0.10347362315527363
0.5800000000000004,0.3668297783869737,0.024295300909664592,0.21315869489403128,0.10183600539555968,0.10347362315527363
0.5850000000000004,0.36670727277828186,0.026865944620660137,0.21459809484704526,0.10005775667537117,0.10352827121728944
0.5900000000000004,0.3664344626337489,0.02866094794408085,0.21604131281120667,0.09879332917955091,0.10352827121728944
0.5950000000000004,0.3660346364698273,0.029733191704481222,0.21748701085878389,0.09799894443572676,0.10352827121728944
0.6000000000000004,0.3655219836336998,0.030151880239059584,0.21893333722308575,0.09762357006295451,0.10352827121728944
0.6050000000000004,0.36490527239083653,0.02997685726488881,0.2203812342245248,0.0976285286744883,0.09832360527850932
0.6100000000000004,0.3641174128797538,0.029235185525293902,0.22123758896501222,0.09782503149541635,0.09832360527850932
0.6150000000000004,0.3631763406347511,0.02801570350008344,0.2215679062674148,0.0981741490380538,0.09832360527850932
0.6200000000000004,0.362464504675281,0.026389419030456066,0.22065781768014245,0.0987272880530403,0.09832360527850932
0.6250000000000004,0.3620780874841756,0.024393398288442995,0.21944551119985484,0.09974053876878074,0.09604300772933766
0.6300000000000004,0.36189728642015884,0.023136349435019174,0.21795949775683357,0.10030871549388104,0.09604300772933766
0.6350000000000005,0.3619033679076128,0.022550550828263547,0.21620046901215834,0.10046342285391514,0.09604300772933766
0.6400000000000005,0.36207547759653297,0.02258200451219247,0.2141833808090398,0.10024010791774964,0.09604300772933766
0.6450000000000005,0.3623937324529538,0.023133180582806005,0.21191068848101532,0.09971634909491064,0.09885660689510033
0.6500000000000005,0.36259846315513633,0.024149156755401115,0.21074841408157746,0.09893152387166959,0.09885660689510033
0.6550000000000005,0.36270624485635883,0.02559955647881647,0.21062607820964932,0.09787958254024194,0.09885660689510033
0.6600000000000005,0.36272323174574245,0.02745534192760403,0.21145348932733474,0.09658216001541035,0.09885660689510033
0.6650000000000005,0.36255751202991016,0.029679289347903162,0.2126707019261771,0.0949683702360439,0.0966417555180405
0.6700000000000005,0.36225934531231413,0.031151953038565,0.21390587704040023,0.09385975210591951,0.0966417555180405
0.6750000000000005,0.361848356935661,0.031925223689107156,0.2151559131210533,0.09321532131550016,0.0966417555180405
0.6800000000000005,0.36133015410093855,0.03212069656455946,0.21643006010402283,0.09294586871909521,0.0966417555180405
0.6850000000000005,0.36071317232442623,0.03177704883392456,0.21772407005975158,0.09303011888086124,0.09339234119630405
0.6900000000000005,0.3599180474536084,0.03092282259331476,0.21844419189807507,0.09328460250170204,0.09339234119630405
0.6950000000000005,0.3590379090386453,0.02960438180314974,0.2184973351975727,0.09371856365941293,0.09339234119630405
0.7000000000000005,0.3584061620440365,0.027889734828697044,0.21755294072210993,0.09444191778963294,0.09339234119630405
0.7050000000000005,0.3580367056957113,0.02645719484126079,0.21630762163888656,0.09509333269027838,0.09645533052675408
0.7100000000000005,0.35786379361153003,0.02572401435580168,0.21479195841344548,0.09530971979939927,0.09645533052675408
0.7150000000000005,0.3578700577545321,0.02557714037080734,0.21299780836087187,0.09516642602349502,0.09645533052675408
0.7200000000000005,0.3580329377223799,0.025964626227764326,0.21094017551155303,0.09470346282215793,0.09645533052675408
0.7250000000000005,0.3583272614426188,0.026849475895413748,0.20863470333671782,0.09395545064489014,0.09089074747132282
0.7300000000000005,0.3585110455882188,0.028175442189854655,0.20744571543235385,0.0929394869727024,0.09089074747132282
0.7350000000000005,0.3586001870353967,0.029913492903187948,0.20730135294069787,0.09164829596004281,0.09089074747132282
0.7400000000000005,0.35858307762600056,0.03203390487292049,0.2080166170858368,0.09008680935885209,0.09089074747132282
0.7450000000000006,0.35836271595476393,0.034498241629368355,0.2090196074811725,0.08819319861744156,0.08942548635276809
0.7500000000000006,0.35801980259220756,0.036246562390614356,0.21006449862773263,0.0867876283376853,0.08942548635276809
0.7550000000000006,0.3575744425882321,0.03732635366994977,0.2111464096187478,0.08583149090537091,0.08942548635276809
0.7600000000000006,0.35703791019789893,0.037802620938197584,0.21226050171956146,0.08527694333356756,0.08942548635276809
0.7650000000000006,0.3564186762686895,0.03771735485466844,0.2134019001009978,0.08509880048818319,0.08324558164843043
0.7700000000000006,0.355624253226712,0.037097737662819374,0.21397609545092586,0.08512392964506668,0.08324558164843043
0.7750000000000006,0.3546774696245221,0.03598485571081971,0.2140353996842124,0.08534961527271638,0.08324558164843043
0.7800000000000006,0.3540825335724908,0.03447724805782693,0.2137347340720423,0.0860627351396925,0.08324558164843043
0.7850000000000006,0.3538081523304642,0.032560905752159496,0.21308934330052445,0.08726213152465702,0.08375881846056672
0.7900000000000006,0.3537054172413133,0.03132606965912879,0.2121145563431987,0.08801785628450015,0.08375881846056672
0.7950000000000006,0.3537618116272029,0.03070506263187003,0.21083245043625723,0.08837116450939114,0.08375881846056672
0.8000000000000006,0.3539591594647132,0.030653918294486236,0.2092623396495987,0.08835304677163468,0.08375881846056672
0.8050000000000006,0.3542767558790177,0.031132416642082963,0.20742145115586713,0.0879987966029596,0.09068542049745788
0.8100000000000006,0.3544414301084356,0.032074441233329476,0.2064415267311502,0.08728828164561503,0.09068542049745788
0.8150000000000006,0.3544033647471009,0.03344074029716025,0.2058494384874065,0.0861630841985947,0.09068542049745788
0.8200000000000006,0.35413495385906113,0.03519583565370338,0.20538966605286202,0.08461218261046027,0.09068542049745788
0.8250000000000006,0.35371612447179146,0.037349195648644966,0.205433408481938,0.08270469903138732,0.08445005544668477
0.8300000000000006,0.35321064035584276,0.03880743337786531,0.2055776101094426,0.08128352964417941,0.08445005544668477
0.8350000000000006,0.3526342803950143,0.03961798445373417,0.20581337233092328,0.08031282943582814,0.08445005544668477
0.8400000000000006,0.35199435897973985,0.03984547858384372,0.20613217996702785,0.07974699645547083,0.08445005544668477
0.8450000000000006,0.3512960557328635,0.03953142173498475,0.20652579820670164,0.07956331022133194,0.07928502351616283
0.8500000000000006,0.3505799157722344,0.03872044513615634,0.20726921430790088,0.07978943038079257,0.07928502351616283
0.8550000000000006,0.3501869497650282,0.03749490914809933,0.20760424677419143,0.08051981667965111,0.07928502351616283
0.8600000000000007,0.3500798213423033,0.035880420502907864,0.20755562575467393,0.08170921894808217,0.07928502351616283
0.8650000000000007,0.3501411483663103,0.03470430167180479,0.20714635529422576,0.08263615052536222,0.08160022710204162
0.8700000000000007,0.3503350753909196,0.034140125283218345,0.2063885085831846,0.08313817386879004,0.08160022710204162
0.8750000000000007,0.3506482414295394,0.03413935128540303,0.205305394324195,0.08325272739044443,0.08160022710204162
0.8800000000000007,0.3509442145367607,0.034648597492147076,0.20419080327935768,0.08296795548063833,0.08160022710204162
0.8850000000000007,0.35100551597237695,0.0356055020636007,0.20353821491779425,0.08222367657125189,0.08219280920079174
0.8900000000000007,0.35082650845075514,0.03697500767112935,0.20304548686894813,0.08102319797204888,0.08219280920079174
0.8950000000000007,0.35042654821972397,0.03872716057544698,0.2026981258229302,0.07940073991758244,0.08219280920079174
0.9000000000000007,0.3498173207925305,0.040832656061299946,0.20247215096756538,0.07738637845327014,0.08219280920079174
0.9050000000000007,0.34900915040831026,0.04326355515764722,0.20235566923363332,0.07500980052387826,0.07730248548399478
0.9100000000000007,0.34815816382775283,0.04497656711609007,0.20235096936442612,0.07315951043127131,0.07730248548399478
0.9150000000000007,0.34727856227373916,0.04602210432387001,0.20244788234286623,0.07179740803301692,0.07730248548399478
0.9200000000000007,0.34637547389837586,0.046467207150140036,0.20263675260085212,0.07087592647636475,0.07730248548399478
0.9250000000000007,0.3455086319101301,0.04636476860787441,0.20321275314977955,0.0704137444510657,0.06847715225111715
0.9300000000000007,0.3449796625395587,0.04580509782597878,0.20337677449781671,0.07050999978608294,0.06847715225111715
0.9350000000000007,0.34476482844314205,0.04482018169496253,0.20316775491911085,0.07112479796068626,0.06847715225111715
0.9400000000000007,0.3448263464028383,0.043436339397768614,0.20260829630538338,0.07221947273532504,0.06847715225111715
0.9450000000000007,0.3451341229260415,0.04167814729352147,0.20172084887981462,0.07376644817453504,0.0722513198006845
0.9500000000000007,0.34552493668168793,0.0405865416216673,0.2005143058830669,0.0748514756493613,0.0722513198006845
0.9550000000000007,0.3459927629170499,0.040095424204781016,0.19901077490299335,0.07553059650394432,0.0722513198006845
0.9600000000000007,0.34629187753637414,0.04012838846659184,0.19779243643435165,0.07571275407978746,0.0722513198006845
0.9650000000000007,0.3463524048035031,0.04063715564478194,0.1970481609616363,0.07537377577591607,0.07564239196934756
0.9700000000000008,0.34617211762136274,0.041584688438737645,0.1964708440075633,0.07454306146422524,0.07564239196934756
0.9750000000000008,0.34577187621412125,0.04293944749014153,0.19604517617038983,0.07325716303826138,0.07564239196934756
0.9800000000000008,0.3451642463225847,0.04467049051686513,0.19574653096639616,0.07154897458630169,0.07564239196934756
0.9850000000000008,0.34436048325666724,0.04674839089695458,0.19556243992196706,0.06944982567490546,0.07120372375178723
0.9900000000000008,0.3435295776236276,0.04813457674013475,0.1954942279509533,0.06786124254516981,0.07120372375178723
0.9950000000000008,0.34268267788607,0.04887834286457576,0.19553111760473052,0.06674732750950131,0.07120372375178723
1.0000000000000007,0.34182214414263307,0.0490454326167697,0.19566296544042408,0.06606261837582804,0.07120372375178723
1.0050000000000006,0.34109911564464784,0.0487042908199392,0.1966167051614131,0.06581666788148972,0.06812658444047734
1.0100000000000005,0.3406920633618194,0.04792536260170995,0.19713680018445562,0.06614990396054592,0.06812658444047734
1.0150000000000003,0.34057966415080354,0.046739308360899436,0.19726385303776509,0.06701415459935547,0.06812658444047734
1.0200000000000002,0.3406991574019469,0.045352009573377594,0.1970218875901896,0.06820332414495742,0.06812658444047734
1.0250000000000001,0.34092272277852576,0.04449489114600835,0.19643416253101909,0.06905216539223605,0.06753266915240431
1.03,0.3412272225461262,0.044220611361564154,0.1955132600964146,0.06950650984409956,0.06753266915240431
1.035,0.3416007766278162,0.044488073549927044,0.1942822950748574,0.06960524939863924,0.06753266915240431
1.0399999999999998,0.34172417122868654,0.0452089089473221,0.19352356165257742,0.06917307552170542,0.06753266915240431
1.0449999999999997,0.3416143423796492,0.04635041733460772,0.19321584393803085,0.0682352986754992,0.06929888696399428
1.0499999999999996,0.34126831635168425,0.04787796186410158,0.19304905923738175,0.06684382074229576,0.06929888696399428
1.0549999999999995,0.34070382360579077,0.0497624646886935,0.19300888294616714,0.06503450567157786,0.06929888696399428
1.0599999999999994,0.3399308757629048,0.05197523680153801,0.19307173857985865,0.06283990392868777,0.06929888696399428
1.0649999999999993,0.3389589924799792,0.0544890741645083,0.1932262095383787,0.06029039477957209,0.06320351720237538
1.0699999999999992,0.3379848108642446,0.05627653382701027,0.1934744539500203,0.05828524772035732,0.06320351720237538
1.074999999999999,0.3370202100672335,0.057390300177114474,0.19380690679862705,0.05678412520959885,0.06320351720237538
1.079999999999999,0.3360704271193241,0.057882256345597974,0.19421459139284472,0.055753484158930756,0.06320351720237538
1.0849999999999989,0.33515733205490406,0.057820353167925456,0.19480875904822476,0.05515532237886667,0.05690734182715164
1.0899999999999987,0.33458778592404725,0.05731104961944264,0.1949962033025057,0.055169732653976726,0.05690734182715164
1.0949999999999986,0.33433807721744124,0.05638683876492415,0.19481652045374015,0.055750155516502156,0.05690734182715164
1.0999999999999985,0.3343702207158029,0.05507373096142089,0.1942928652792173,0.056852907652124224,0.05690734182715164
1.1049999999999984,0.33465390081152574,0.05339619545944607,0.19344835990942089,0.058444259144809975,0.06198872778600159
1.1099999999999983,0.334982853062858,0.052379256688453085,0.19229313018856287,0.059589689076653164,0.06198872778600159
1.1149999999999982,0.33535461293456287,0.05195634178672933,0.19084967127278424,0.060347910204765515,0.06198872778600159
1.119999999999998,0.3357590893331021,0.05208354849696577,0.18913787720033817,0.060767462562545296,0.06198872778600159
1.124999999999998,0.3358944179665,0.05266505478504664,0.18793598220820265,0.06061804025978766,0.06293256836969632
1.129999999999998,0.3357633240622567,0.053664224144027085,0.186940443915779,0.0599714221715132,0.06293256836969632
1.1349999999999978,0.33539431373703327,0.05505164615002031,0.1861200082738452,0.05887075784340348,0.06293256836969632
1.1399999999999977,0.3348013528655386,0.056797021244397596,0.18544857644785773,0.057353077180065985,0.06293256836969632
1.1449999999999976,0.33399746190560997,0.05887165728932452,0.18491230151437413,0.05545274236449748,0.05380245978819524
1.1499999999999975,0.33307920239506666,0.060833221647749076,0.18451001304647857,0.05355567059993182,0.05380245978819524
1.1549999999999974,0.33217935911767166,0.06210959164282172,0.18422998612916072,0.052152541032861176,0.05380245978819524
1.1599999999999973,0.33130469497988285,0.06275221519537309,0.1840611462147942,0.05119988731063252,0.05380245978819524
1.1649999999999971,0.33065718864980176,0.06287365223735233,0.18487199735618048,0.050468657383508815,0.05060410382700852
1.169999999999997,0.3302181854735322,0.06251313431162872,0.18553795442008933,0.05027479084796073,0.05060410382700852
1.174999999999997,0.3300798519172091,0.0617303153332677,0.18580705669284406,0.05070311524524404,0.05060410382700852
1.1799999999999968,0.33020798369719395,0.06055215933566746,0.1857047529533459,0.051701146024564854,0.05060410382700852
1.1849999999999967,0.3305754543107562,0.05900412899167777,0.18525630834429105,0.05322495927362234,0.05416139361405537
1.1899999999999966,0.33095794378076915,0.058103844310546396,0.18447435365871295,0.05435740831756901,0.05416139361405537
1.1949999999999965,0.3312162733271406,0.05775642630525488,0.18376707240022888,0.05497711503341662,0.05416139361405537
1.1999999999999964,0.3312223595724936,0.05789317117254087,0.1835113066696782,0.05495177684952894,0.05416139361405537
1.2049999999999963,0.3309988665342392,0.05847974915929642,0.183672109743987,0.054327349985941034,0.054878127813329104
1.2099999999999962,0.3305433012764103,0.059478134072117744,0.18394591067605484,0.05322263292209474,0.054878127813329104
1.214999999999996,0.329873836186069,0.06085720989950069,0.18431919275088782,0.05167680157776451,0.054878127813329104
1.219999999999996,0.3290004559486912,0.0625860603112613,0.18476936698066332,0.04972727129487668,0.054878127813329104
1.2249999999999959,0.32793304670051054,0.06463555569480822,0.185286007214572,0.047406756930605816,0.05351976996545978
1.2299999999999958,0.3269057547496135,0.06599482675712703,0.1858717336174948,0.04560569434729812,0.05351976996545978
1.2349999999999957,0.32592438156300507,0.06671544460347434,0.18651781432224793,0.04429113362760144,0.05351976996545978
1.2399999999999956,0.32511521416402506,0.06689671294911465,0.18687370930913721,0.043576382403535875,0.05351976996545978
1.2449999999999954,0.32470987156709075,0.06663992121418454,0.18696521657160997,0.04351296575140526,0.04520905655564093
1.2499999999999953,0.3245973533357545,0.06595754256081868,0.18669732138285156,0.044055419167380136,0.04520905655564093
1.2549999999999952,0.3247560884701743,0.06487997928693141,0.18610661784795396,0.04515867401565568,0.04520905655564093
1.2599999999999951,0.32511841529536806,0.06359912859456836,0.1852001657433147,0.04663682364881541,0.04520905655564093
1.264999999999995,0.32550927185183215,0.0628268503936294,0.18399906612384534,0.04783927138844572,0.04872184734808682
1.269999999999995,0.32572272724977464,0.06258281483436212,0.18300404488729805,0.0484826456897611,0.04872184734808682
1.2749999999999948,0.3256776959128991,0.06280784985292755,0.18247492625218747,0.04847399622296438,0.04872184734808682
1.2799999999999947,0.3253987949898661,0.06346864489823056,0.18237660046745885,0.04785627339850437,0.04872184734808682
1.2849999999999946,0.3248992908895565,0.06453134756354144,0.18268796052506064,0.046665905147579734,0.048863113714850644
1.2899999999999945,0.32418004834341807,0.0659607192258953,0.18310138596866776,0.045043429373087356,0.048863113714850644
1.2949999999999944,0.32325645963412963,0.06772748761972866,0.18360354950535415,0.04302582432530539,0.048863113714850644
1.2999999999999943,0.3221362879633946,0.06980240603456031,0.18417209898051595,0.040650121485457755,0.048863113714850644
1.3049999999999942,0.3208277717209691,0.07215805183120336,0.18479689857530074,0.037948708089004204,0.03725663734550756
1.309999999999994,0.3195934782842165,0.0737988043367592,0.1854807712897767,0.03579406442131526,0.03725663734550756
1.314999999999994,0.31871813269389926,0.07485879121197633,0.18547186193921153,0.03454729607918325,0.03725663734550756
1.3199999999999938,0.3182293485530632,0.07540400324530858,0.18505727441174985,0.03406695250578783,0.03725663734550756
1.3249999999999937,0.3182228414782464,0.07552271158617267,0.18490633366982484,0.03404450562016796,0.035472222690218554
1.3299999999999936,0.3184815132845751,0.07519501034107266,0.18441157027693655,0.03463889412926322,0.035472222690218554
1.3349999999999935,0.3189838021760503,0.07445198612376702,0.18359241062433543,0.03580914334635817,0.035472222690218554
1.3399999999999934,0.31970546349711504,0.07332073567553038,0.18247151122081418,0.03751448194248583,0.035472222690218554
1.3449999999999933,0.3204410268213189,0.07177660733347196,0.1815727964986901,0.03942026509293915,0.03778972815271449
1.3499999999999932,0.3208528131411425,0.07080180434371552,0.1811274145440523,0.040540707039642576,0.03778972815271449
1.354999999999993,0.32098155015787044,0.07034196402734731,0.18110238830756373,0.040950510039076425,0.03778972815271449
1.359999999999993,0.3208499641318704,0.07036007419748187,0.18147816511182646,0.040697721969464404,0.03778972815271449
1.3649999999999929,0.32045378576946376,0.07081433328266949,0.182144798055362,0.03986187063500681,0.04539744061732724
1.3699999999999928,0.31982574783167406,0.07167430992094484,0.18288971867834322,0.03857676402247926,0.04539744061732724
1.3749999999999927,0.3189836854597117,0.07290845529035644,0.18370105149513308,0.036878012836271276,0.04539744061732724
1.3799999999999926,0.3179373733256489,0.07448517459595513,0.18455779941727796,0.034802546401946174,0.04539744061732724
1.3849999999999925,0.3166967778423026,0.07637485297506796,0.1854510946445843,0.03238210322548099,0.038588544075809486
1.3899999999999924,0.3155407038328085,0.07758749457737522,0.18638489108770767,0.03048286511520591,0.038588544075809486
1.3949999999999922,0.31475217314514536,0.07825965561811686,0.18661348274252793,0.02948674330325111,0.038588544075809486
1.3999999999999921,0.31430013825611625,0.078451800982257,0.18617463305234297,0.029325067882098214,0.038588544075809486
1.404999999999992,0.3142829836146026,0.0782369508528978,0.1857672402253558,0.029668255424222773,0.028730186539514382
1.409999999999992,0.3145345486017102,0.07760531863408426,0.1850375760375167,0.03060472165156,0.028730186539514382
1.4149999999999918,0.3149855353482612,0.07674968092458004,0.18400381941748908,0.0319534254816463,0.028730186539514382
1.4199999999999917,0.3154719959806267,0.07620777916141899,0.18268719221400181,0.0332443340359114,0.028730186539514382
1.4249999999999916,0.31590213517590293,0.0762660780391288,0.18110742109746714,0.034250642218589776,0.03410363796433731
1.4299999999999915,0.3160244535872403,0.07674917166147413,0.1800231315963447,0.03458987427577872,0.03410363796433731
1.4349999999999914,0.31586547168479395,0.07762769304214118,0.179412321404752,0.03429410766208812,0.03410363796433731
1.4399999999999913,0.3154496487394401,0.07887255934960197,0.1792391400472009,0.03340768924346478,0.03410363796433731
1.4449999999999912,0.3147907458706908,0.0804534659902104,0.17948169134776337,0.031966140604640834,0.03247083001967521
1.449999999999991,0.3139001240313873,0.08234079473968808,0.17982673784089634,0.030199693452975695,0.03247083001967521
1.454999999999991,0.31279274321370976,0.08450854714177308,0.18026087800697055,0.028165090584734213,0.03247083001967521
1.4599999999999909,0.31165584114190287,0.08636256572584626,0.18076228547078654,0.026304522550592895,0.03247083001967521
1.4649999999999908,0.31063684162254485,0.08749417252887443,0.18132159709922394,0.02486806899146739,0.021677910093203155
1.4699999999999906,0.3097200553864794,0.08801335118577047,0.1819408387928947,0.023754842243553533,0.021677910093203155
1.4749999999999905,0.3088957582781187,0.0879848178043611,0.18261142999131397,0.022931669923581487,0.021677910093203155
1.4799999999999904,0.3084484677535242,0.08755071915568154,0.1827067132937736,0.0229220192397354,0.021677910093203155
1.4849999999999903,0.3085053738809373,0.08679364794343672,0.18303150579775945,0.023123125112923106,0.025304471349139705
1.4899999999999902,0.30883199826578084,0.0856704921057975,0.18299464226396855,0.02392741485382767,0.025304471349139705
1.4949999999999901,0.3092177959957561,0.08480719904043146,0.18261649609859548,0.024859106418103422,0.025304471349139705
1.49999999999999,0.3095396038744592,0.08456726500252057,0.1819212131216612,0.02561280708115414,0.025304471349139705
1.50499999999999,0.3098002736631514,0.08490288861206723,0.1809312722861727,0.026221832749760154,0.025225093113869727
1.5099999999999898,0.3097524477382676,0.08563085506491201,0.18040231127240924,0.026184956874448814,0.025225093113869727
1.5149999999999897,0.3094235261036417,0.08672396936586292,0.18030037605107513,0.025556428102409344,0.025225093113869727
1.5199999999999896,0.3088301079190641,0.0881522719578541,0.1806048984437727,0.024382564057115495,0.025225093113869727
1.5249999999999895,0.3079839419155168,0.08988599708283954,0.18129519794746607,0.022713564302926013,0.02356423998236538
1.5299999999999894,0.3069007990405498,0.0918981259111369,0.18204121362759706,0.020875329916421683,0.02356423998236538
1.5349999999999893,0.305705032383586,0.09386229840851351,0.1828484287888204,0.0190891374958657,0.02356423998236538
1.5399999999999892,0.30464793916038313,0.0950964235723396,0.18369703450498642,0.01764752345662511,0.02356423998236538
1.544999999999989,0.30372906755724943,0.09566045912669771,0.18457900023296323,0.016448245914155717,0.01580549051306716
1.549999999999989,0.30291888390097244,0.09567723003785597,0.1854975722407089,0.015411899113556005,0.01580549051306716
1.5549999999999888,0.30251214949057054,0.09530305559974464,0.18587100033772147,0.015099695798880559,0.01580549051306716
1.5599999999999887,0.3026151774013507,0.09461843575504414,0.18646929169725954,0.014794608941671044,0.01580549051306716
1.5649999999999886,0.3031706210499768,0.09363708031569112,0.18727002562573752,0.014580529219507121,0.013406959361767957
1.5699999999999885,0.3036217003128928,0.09328263180862356,0.18766544162209192,0.014504519259628933,0.013406959361767957
1.5749999999999884,0.303985821219475,0.09351128639381762,0.18769479428659577,0.014470945466895724,0.013406959361767957
1.5799999999999883,0.30426936776643954,0.0942797524308975,0.18738356910442688,0.014495622163939988,0.013406959361767957
1.5849999999999882,0.30426742791527345,0.09524532869631132,0.1874908301054387,0.014046251160689626,0.01765984077189027
1.589999999999988,0.3039511116857226,0.09653964318266768,0.18797470318361903,0.013122237476069946,0.01765984077189027
1.594999999999988,0.3033369826596334,0.09813525867946446,0.18881857633984692,0.01181680788246293,0.01765984077189027
1.5999999999999879,0.30251958974864246,0.09978615468675309,0.1900054034693027,0.010309511245975178,0.01765984077189027
1.6049999999999878,0.30185910596632,0.10074532131001274,0.19145160461381683,0.008779911305228752,0.008916917743305643
1.6099999999999877,0.3013015116444977,0.10106925167865816,0.19289940016746437,0.007297653711630987,0.008916917743305643
1.6149999999999876,0.30084291849374634,0.10080908368552297,0.19434349057058828,0.005775917842412829,0.008916917743305643
1.6199999999999875,0.3004751382671099,0.10001117832682022,0.1957789785532798,0.004247693889810645,0.008916917743305643
1.6249999999999873,0.30018685425890745,0.09871773101140396,0.19720133103156154,0.0030841005606314846,0.0043306474312856625
1.6299999999999872,0.30025114434396033,0.09713648804417374,0.197899308405706,0.0035602920353533887,0.0043306474312856625
1.6349999999999871,0.3004509573794183,0.09609588870227306,0.1985609446330731,0.0041852512388352615,0.0043306474312856625
1.639999999999987,0.30073659572688527,0.09575258658498478,0.19944777241055617,0.004346038344683567,0.0043306474312856625
1.644999999999987,0.3010937946589727,0.09604957444844109,0.20052393635104052,0.004132403428314859,0.005597411623885215
1.6499999999999868,0.3013690219608602,0.09688331008589299,0.20117511285558184,0.0036012313690413724,0.005597411623885215
1.6549999999999867,0.30157100082276356,0.09821590347708391,0.2014310539871933,0.002774699894126737,0.005597411623885215
1.6599999999999866,0.30170415494007646,0.10001169214303976,0.2013293620186276,0.0021613616408564214,0.005597411623885215
1.6649999999999865,0.301609740953367,0.10186504561660276,0.2014960589024612,0.0028823347010001224,0.004058685693580482
1.6699999999999864,0.30142372596584394,0.10293130295433126,0.20113576084570575,0.003451012218831978,0.004058685693580482
1.6749999999999863,0.30116214730452434,0.10329279360034921,0.2002951863720967,0.003504313206062707,0.004058685693580482
1.6799999999999862,0.3008321782342311,0.10300442728008291,0.1990133711839661,0.003269945001901844,0.004058685693580482
1.684999999999986,0.30043482558036944,0.10211720717168567,0.19732578139889376,0.0034384712620121626,0.00574127319556162
1.689999999999986,0.3001272551747617,0.10074219730952375,0.19585610223955158,0.004211762027325078,0.00574127319556162
1.6949999999999859,0.2998996509171337,0.09891990570910858,0.1945729058374927,0.005534439869071597,0.00574127319556162
1.6999999999999857,0.2995677832969298,0.09750001432723038,0.19415264571956073,0.006374032610791842,0.00574127319556162
1.7049999999999856,0.299105378841349,0.09665459193306941,0.19474087951974806,0.006296860358749894,0.005908234846584178
1.7099999999999855,0.29879601392374355,0.09650129211169409,0.19556210894066298,0.005778011458456708,0.005908234846584178
1.7149999999999854,0.29861295959303885,0.09697870429749911,0.19659302430982717,0.004760209256526653,0.005908234846584178
1.7199999999999853,0.29853596219148143,0.09803559857424461,0.19781455927675062,0.003283052058849883,0.005908234846584178
1.7249999999999852,0.2985438620741923,0.0996259021123225,0.19920826884059942,0.0016991542358791513,0.0037112539689204017
1.729999999999985,0.2986623238824498,0.10117014874014266,0.20016132210363255,0.0017845588504283188,0.0037112539689204017
1.734999999999985,0.29898680458389043,0.10213938825591473,0.2009493496573631,0.0025504532602474215,0.0037112539689204017
1.739999999999985,0.29923497310429376,0.10248586723958017,0.20165787382336106,0.0030843715240154853,0.0037112539689204017
1.7449999999999848,0.29935893970618244,0.10223410397557361,0.2018169173370025,0.0029501470274349794,0.003482817408848828
1.7499999999999847,0.29938998971775355,0.10138134173275792,0.20145895933433175,0.002099709471888609,0.003482817408848828
1.7549999999999846,0.29938291622193397,0.09999807463852045,0.20050499269148814,0.0007973792790294218,0.003482817408848828
1.7599999999999845,0.29946744686072,0.09818005340736483,0.19867830911814469,0.002311424935701105,0.003482817408848828
1.7649999999999844,0.29973893121599937,0.09666224880662322,0.19682964603499112,0.0046108441962741855,0.005701841933039738
1.7699999999999843,0.2996695761974041,0.09568182231332162,0.19518351951849244,0.0064772156558039985,0.005701841933039738
1.7749999999999841,0.29938204023079734,0.09521365161488685,0.19422879452526218,0.00752315211674417,0.005701841933039738
1.779999999999984,0.2989615562006961,0.0952430774631947,0.19431389801776572,0.007485882265828638,0.005701841933039738
1.784999999999984,0.29841247298496315,0.09572893800101803,0.19536990291852932,0.006496153600898232,0.008398394203014052
1.7899999999999838,0.2980030807914026,0.09679481916734069,0.19662123090130143,0.005067242950365847,0.008398394203014052
1.7949999999999837,0.2977087632444053,0.09839270821554487,0.1980500631392527,0.0034110711677515747,0.008398394203014052
1.7999999999999836,0.29755076934476143,0.10014245923322329,0.19933277944954803,0.0025424808157853023,0.008398394203014052
1.8049999999999835,0.29771262917136543,0.10134127996500675,0.2001972470761612,0.002658947848542913,0.004605538484017651
1.8099999999999834,0.2981752543419858,0.10205135698581905,0.20067487479696602,0.002827228004829153,0.004605538484017651
1.8149999999999833,0.29888596835263626,0.10229538476434671,0.20053782001812956,0.0026075099423825436,0.004605538484017651
1.8199999999999832,0.29973209749139634,0.10206824783297974,0.19917825657045918,0.0022415804952611073,0.004605538484017651
1.824999999999983,0.3003868975920361,0.10127672760275208,0.1974165413877986,0.00290757313223761,0.001489251169433026
1.829999999999983,0.30093048786502663,0.0999342970615798,0.19549014870418718,0.004605310331934595,0.001489251169433026
1.8349999999999829,0.30142330076269525,0.0982523624929469,0.19377158513889386,0.006623682782198706,0.001489251169433026
1.8399999999999828,0.30155453884919886,0.09711759988867213,0.19224256516105293,0.008420369155563281,0.001489251169433026
1.8449999999999827,0.30136829748663474,0.09647510608494328,0.1908878418584761,0.009865522850841482,0.008790300959812408
1.8499999999999825,0.30105082974566627,0.09634803773432395,0.19059277200168023,0.010145787803648883,0.008790300959812408
1.8549999999999824,0.30061060482900104,0.09669581924249174,0.19128825911733277,0.009337284291603373,0.008790300959812408
1.8599999999999823,0.30015221025220334,0.09751924493838042,0.19263779053005695,0.007770420961308747,0.008790300959812408
1.8649999999999822,0.2998345817324465,0.09884588915607281,0.19414063626276645,0.0059742345491718305,0.006951064718333697
1.8699999999999821,0.2994662385203356,0.1006289575409835,0.19519902015022628,0.004871334152310529,0.006951064718333697
1.874999999999982,0.29943478110146654,0.10185860296466956,0.19585647994352456,0.004576312472062207,0.006951064718333697
1.879999999999982,0.2996430534074617,0.10256626676419134,0.19632427475205702,0.004497120420144794,0.006951064718333697
1.8849999999999818,0.2999091643536346,0.10272265765483557,0.19702666738010666,0.004032595031565553,0.004743554721521866
1.8899999999999817,0.3000413903371039,0.1022926442383412,0.19717590343126248,0.0036377812184296776,0.004743554721521866
1.8949999999999816,0.3000529748776614,0.10132401636810112,0.19682885409394435,0.0034368578728478857,0.004743554721521866
1.8999999999999815,0.2999489788297359,0.0998603221892227,0.19602209550388797,0.003980683010593418,0.004743554721521866
1.9049999999999814,0.29957976292718225,0.09834335100091857,0.19478862092485827,0.0054844832909174916,0.005041142291316347
1.9099999999999813,0.2992218531752848,0.09748026229404688,0.19302101563888058,0.00746061748787363,0.005041142291316347
1.9149999999999812,0.29902214437492264,0.097255631632127,0.19165873796660834,0.008835406706642238,0.005041142291316347
1.919999999999981,0.29896372584011494,0.0976175347795712,0.1906402465412496,0.009713649647253542,0.005041142291316347
1.924999999999981,0.2990323829546753,0.09852135482804864,0.18993444450120767,0.01021949518274786,0.00911408854112546
1.9299999999999808,0.29893007865517285,0.09981462768019045,0.19024035937842498,0.009819861487992878,0.00911408854112546
1.9349999999999807,0.2986404101594418,0.10145766614526736,0.1913337835154436,0.008892501519977641,0.00911408854112546
1.9399999999999806,0.29828563300200905,0.10297934130554955,0.19290549837546367,0.007883367435259053,0.00911408854112546
1.9449999999999805,0.2980655197679941,0.10382744962050867,0.1948194963837631,0.006725265948897265,0.009265181925855535
1.9499999999999804,0.29786775658903186,0.10408891425457586,0.19697901448071514,0.0055128971741380695,0.009265181925855535
1.9549999999999803,0.2976621150951356,0.10379448050043048,0.19916588451498815,0.004534262535283587,0.009265181925855535
1.9599999999999802,0.29760582328534785,0.1030523748192623,0.20061426743318606,0.0039276454343183794,0.009265181925855535
1.96499999999998,0.29778308108456614,0.1019367381512441,0.20094063994411224,0.003090386326748203,0.002835409312083959
1.96999999999998,0.2982494200039425,0.10050524817690876,0.20081142104327243,0.0019945450990969233,0.002835409312083959
1.9749999999999799,0.29882013462196155,0.09903926979868616,0.19991470039592754,0.00152392941190373,0.002835409312083959
1.9799999999999798,0.29933757072742406,0.09828132970627351,0.19868549332088967,0.002262867192110285,0.002835409312083959
1.9849999999999797,0.2998071609329821,0.09815630725692734,0.1970994660746196,0.003442308366330638,0.006524515980011456
1.9899999999999796,0.29991901084790357,0.09843486329333057,0.19569474080640353,0.004581644778610445,0.006524515980011456
1.9949999999999795,0.29970767060744474,0.09909074289402739,0.19444617483385168,0.005635350826226877,0.006524515980011456
1.9999999999999793,0.2991779946265264,0.10008698240434014,0.19333179431205047,0.006719242953598781,0.006524515980011456
2.0049999999999795,0.2986117822009615,0.10085882392036,0.1928003754698957,0.0073823655123699625,0.008017563646031197
2.0099999999999794,0.29804588323756653,0.1015180965581457,0.19303315012539146,0.007393252779150079,0.008017563646031197
2.0149999999999793,0.29762776952951736,0.10158684913414659,0.1938436467433459,0.006785738942837675,0.008017563646031197
2.019999999999979,0.29733609422331836,0.10110781980915359,0.1951763954529215,0.005620571104717674,0.008017563646031197
2.024999999999979,0.29713304500217924,0.1005186478878603,0.1968119506910483,0.004318805967790041,0.006666748937173996
2.029999999999979,0.2971346730822112,0.09988728628575208,0.19803242825571854,0.0034776631947443393,0.006666748937173996
2.034999999999979,0.2972270705621985,0.09947901755991156,0.19886701023317194,0.0030404319070888213,0.006666748937173996
2.0399999999999787,0.29747475527172274,0.09944535768602672,0.19981460213304955,0.0025920766584365293,0.006666748937173996
2.0449999999999786,0.29789456031746403,0.09976020382220437,0.2009738837223532,0.002332129492190992,0.002702251937461795
2.0499999999999785,0.29829268179121093,0.10049525084516611,0.20141824472674127,0.0022741211424701655,0.002702251937461795
2.0549999999999784,0.29878635862715713,0.10131893756351434,0.2011848917338122,0.0021486018940654198,0.002702251937461795
2.0599999999999783,0.299451821207454,0.1020043376772072,0.20032385988187695,0.0021030346492530326,0.002702251937461795
2.064999999999978,0.30007170100145864,0.10237988022382868,0.19941022370297856,0.002452918056908821,0.0034299225394542306
2.069999999999978,0.3005388958972945,0.10209536006195102,0.19802170111888184,0.0029316563646467186,0.0034299225394542306
2.074999999999978,0.30087112825007306,0.10120653334720917,0.19619919204223418,0.004081755538713601,0.0034299225394542306
2.079999999999978,0.30093621386220143,0.10011695079846626,0.19398073094697646,0.006092764054001031,0.0034299225394542306
2.0849999999999778,0.30057527961515956,0.09930405481623839,0.19140081981206603,0.008646455125597745,0.007017422554615526
2.0899999999999777,0.29992219080405147,0.09895340720555715,0.1893912002195116,0.010660583639315652,0.007017422554615526
2.0949999999999775,0.2990078745469813,0.0990306457225191,0.18792286666044633,0.012156525421811821,0.007017422554615526
2.0999999999999774,0.2979252956161486,0.09952867593682281,0.18720587778365747,0.012969815262354814,0.007017422554615526
2.1049999999999773,0.29698494722497704,0.09994788218342768,0.18754189442200375,0.012817864646479903,0.01487872044175144
2.1099999999999772,0.2964994160426685,0.10025856957741923,0.1881174299229696,0.012390174248340177,0.01487872044175144
2.114999999999977,0.2965219637005746,0.10021380808741112,0.18892393635107527,0.011611271952434634,0.01487872044175144
2.119999999999977,0.29692590015040005,0.10005094606344656,0.18993975590249149,0.010519562571140789,0.01487872044175144
2.124999999999977,0.2976023427214674,0.09996774501844491,0.19114428022350266,0.009174615717782499,0.010793037678612984
2.129999999999977,0.29849428832713554,0.10003597535639427,0.19251814156263186,0.007631950441720971,0.010793037678612984
2.1349999999999767,0.29933878358039834,0.10027843623679783,0.19383034760852194,0.006211227296048988,0.010793037678612984
2.1399999999999766,0.29980913398464426,0.10058838710212717,0.1948295397900482,0.005207330218112004,0.010793037678612984
2.1449999999999765,0.2998914868201309,0.1008857650328445,0.19523842917753076,0.0048444722623837795,0.006024241298011351
2.1499999999999764,0.2996525620677947,0.1012826452878718,0.19548087676719933,0.004710452934110866,0.006024241298011351
2.1549999999999763,0.2992281138499156,0.1015579254534604,0.1957119853503448,0.004627095156022779,0.006024241298011351
2.159999999999976,0.2988119791424395,0.10162106036707834,0.19575918287838862,0.004692947914761386,0.006024241298011351
2.164999999999976,0.29853105098944405,0.10147972425263421,0.19538097387427322,0.005067819788586979,0.0032955612074990776
2.169999999999976,0.29817337685667505,0.10136579562089024,0.1953790075164012,0.005153204956068599,0.0032955612074990776
2.174999999999976,0.29795093654816657,0.1013027950417584,0.19569370719322293,0.004943692313258358,0.0032955612074990776
2.1799999999999757,0.29790094018409646,0.10125327069823935,0.19598559595847181,0.004700231841350402,0.0032955612074990776
2.1849999999999756,0.29801039388990314,0.10120639429865697,0.19617646352714677,0.0044758631387036155,0.005792094412607557
2.1899999999999755,0.2981790167360049,0.10105489118823487,0.1962653456477802,0.0042867725152287,0.005792094412607557
2.1949999999999754,0.2983933052119468,0.10090897240348834,0.19653738191778347,0.003923955014466096,0.005792094412607557
2.1999999999999753,0.29863592475167455,0.10086425993509712,0.19724258187853355,0.00319546572741749,0.005792094412607557
2.204999999999975,0.2987590797889115,0.10089000231314357,0.19782942900380893,0.0026539339737820947,0.005706161438655237
2.209999999999975,0.2988749672917132,0.10096058874705717,0.1983455939975387,0.002219344172648298,0.005706161438655237
2.214999999999975,0.2988989629022078,0.10104628875734875,0.1985186285741196,0.0021216654203441293,0.005706161438655237
2.219999999999975,0.29879755005521613,0.10112368015450002,0.19821277755196023,0.0024295487313707384,0.005706161438655237
2.2249999999999748,0.29857225191936276,0.10117734923651842,0.19739457608490804,0.0031957549317535184,0.003277293428098556
2.2299999999999747,0.2987613235261286,0.10080138390213651,0.1965459355523852,0.0037559415296038083,0.003277293428098556
2.2349999999999746,0.29924746730305296,0.10022279053082864,0.196244217050037,0.003836905869034856,0.003277293428098556
2.2399999999999745,0.2996918605904571,0.09978130075801336,0.19657851541621987,0.003442286451067678,0.003277293428098556
2.2449999999999743,0.29989843824915785,0.09962273497279248,0.19728630636055525,0.0027416740978371203,0.0012931576673452679
2.2499999999999742,0.29998324486715994,0.0993185283153388,0.1980215250593994,0.0020926173759328384,0.0012931576673452679
2.254999999999974,0.29999809161127977,0.09904950474261237,0.19855807678763238,0.001727016915559455,0.0012931576673452679
2.259999999999974,0.30004926219818406,0.09891141209566656,0.1988361325405681,0.0015943769481385267,0.0012931576673452679
2.264999999999974,0.3002012940531148,0.09891552940453058,0.19914350104581174,0.001396490682669526,0.00334834484718977
2.269999999999974,0.3002910804151132,0.09948511503154575,0.19908244056300303,0.0010916728718919583,0.00334834484718977
2.2749999999999737,0.3001951019198101,0.10052544124286829,0.1989979521475724,0.001148152061956659,0.00334834484718977
2.2799999999999736,0.29994669832387477,0.10162109492437787,0.1991510762623698,0.0018306996845013903,0.00334834484718977
2.2849999999999735,0.29973761896849654,0.10211448464067233,0.19968461587386513,0.002153916490570103,0.003432417203827348
2.2899999999999734,0.29971259436091147,0.1021109193938428,0.20023592337141788,0.002143418420622228,0.003432417203827348
2.2949999999999733,0.29976727658052477,0.10161175204741513,0.20020660599785275,0.0016415209077766278,0.003432417203827348
2.299999999999973,0.29985829287252214,0.10064098047572323,0.19934568307317918,0.0009268589541891749,0.003432417203827348
2.304999999999973,0.3000822877310649,0.09943170018801308,0.19827688887059405,0.0018162730827909284,0.0018380357768409007
2.309999999999973,0.3003266599887481,0.09868251878744597,0.19665242976040775,0.003612297053494566,0.0018380357768409007
2.314999999999973,0.300527985871223,0.09850370707094533,0.19449897741061872,0.005725286991813889,0.0018380357768409007
2.3199999999999728,0.30059200085857524,0.09881361726741962,0.19245094744602964,0.007664604586495333,0.0018380357768409007
2.3249999999999726,0.3005266312440752,0.09942892373703452,0.19151374190059048,0.008521739558045218,0.009926538715405114
2.3299999999999725,0.3003031302159889,0.10045748691329293,0.1916026739895061,0.008415240123145479,0.009926538715405114
2.3349999999999724,0.30002673395778096,0.10159489647891215,0.19263628226853735,0.007534503853048492,0.009926538715405114
2.3399999999999723,0.2999565617564081,0.1021382068003791,0.19455526627177958,0.005849695767594669,0.009926538715405114
2.344999999999972,0.2999172838607644,0.10206818119168604,0.19670926070435324,0.003887567428771841,0.0034247927139725125
2.349999999999972,0.2998872758035382,0.10148272074639661,0.19911092085739807,0.0017325210757946556,0.0034247927139725125
2.354999999999972,0.29993410150581035,0.10044821964970052,0.20157484391974387,0.001638711944628558,0.0034247927139725125
2.359999999999972,0.30028088938690367,0.0990904492812873,0.2035687256767751,0.00369350569427741,0.0034247927139725125
2.364999999999972,0.300617919248515,0.09793700665243855,0.2044233078152169,0.004919696919315954,0.003451736846744276
2.3699999999999717,0.3004590397340852,0.09727122918272418,0.20472942491143326,0.0054794495748725115,0.003451736846744276
2.3749999999999716,0.3000030811129374,0.0971176809132129,0.20418528988156168,0.005081773726172449,0.003451736846744276
2.3799999999999715,0.2993792511298497,0.09747646672436969,0.20260379921297902,0.0036787660559644826,0.003451736846744276
2.3849999999999714,0.29877985932332196,0.09837609829847321,0.20053423668759854,0.0021002878006316592,0.00492284787666766
2.3899999999999713,0.2982054298843435,0.09971783309970139,0.19797676497382435,0.0027191138318899875,0.00492284787666766
2.394999999999971,0.29763350306959724,0.10146277764066088,0.19495277113515536,0.005763206170331241,0.00492284787666766
2.399999999999971,0.2974031812856226,0.10286259960738477,0.19191030660632458,0.008965549796371442,0.00492284787666766
2.404999999999971,0.29747433641259147,0.10366841158044289,0.18980086730695356,0.01112917462216573,0.010839864676479362
2.409999999999971,0.2977439842172763,0.10391247719048657,0.18880270596893278,0.01207379304925133,0.010839864676479362
2.4149999999999707,0.29820572747752383,0.10364104359115536,0.18884460082787013,0.011870953753054655,0.010839864676479362
2.4199999999999706,0.29884213032239393,0.10289181176494766,0.18983143228649962,0.01063498974227299,0.010839864676479362
2.4249999999999705,0.29956781039034736,0.10167159928206825,0.19149083348053766,0.008682565685005885,0.013165835446169116
2.4299999999999704,0.30029159601185773,0.10004192507618842,0.19329236273504918,0.006714103337326718,0.013165835446169116
2.4349999999999703,0.3010316016445686,0.09822982330236468,0.19503927546263397,0.005367170150978379,0.013165835446169116
2.43999999999997,0.301531891788657,0.09708573615627963,0.1966228837612617,0.0047164118027289295,0.013165835446169116
2.44499999999997,0.3018346092507764,0.09654774457063119,0.19803826108137398,0.004374045980267332,0.008240308362729466
2.44999999999997,0.3017315394826154,0.09648440982929571,0.19862207151710362,0.004154069105369554,0.008240308362729466
2.45499999999997,0.3013085502234682,0.09687986313164859,0.19833842078119324,0.0037694035688627184,0.008240308362729466
2.4599999999999698,0.300630613861973,0.0977129084610584,0.19714231124172904,0.003714141433704303,0.008240308362729466
2.4649999999999697,0.2998730195520306,0.09900825521459436,0.19565676815580527,0.004456831229244953,0.009392913716507242
2.4699999999999696,0.2991426334205568,0.10071223133103907,0.19364001390610322,0.006456916759183159,0.009392913716507242
2.4749999999999694,0.2987730381121391,0.10180408414452673,0.1916996467533629,0.008582308494441051,0.009392913716507242
2.4799999999999693,0.29871576458602045,0.10234331288959533,0.19065378744211062,0.00972070291050561,0.009392913716507242
2.4849999999999692,0.2988763169752741,0.10234393261320648,0.1906456128499169,0.009708822924997137,0.008543224051185136
2.489999999999969,0.2992182454199961,0.10183923141142368,0.19150663138011584,0.00872532079188827,0.008543224051185136
2.494999999999969,0.2997161360805738,0.10086316549427052,0.19318960137681485,0.006870746888216278,0.008543224051185136
2.499999999999969,0.3002025729896286,0.099390888659589,0.19507186436025417,0.004969765922543787,0.008543224051185136
2.504999999999969,0.30037733990521,0.09808118662954146,0.19687155855288566,0.0036893598418610953,0.005062742814934151
2.5099999999999687,0.30048131415496304,0.09743403293297936,0.19823541103677833,0.0031511306723025745,0.005062742814934151
2.5149999999999686,0.3005288114273086,0.09739950741485465,0.19919474142943747,0.002773201142454795,0.005062742814934151
2.5199999999999685,0.3005262250537835,0.0979311369556859,0.1997778988823885,0.0021462609370256937,0.005062742814934151
2.5249999999999684,0.30037432476037385,0.09894603120301698,0.19931080819555802,0.0013137559113293438,0.006466098100262795
2.5299999999999683,0.3001954614538022,0.10045131936731874,0.19826032630562462,0.0018078603137801255,0.006466098100262795
2.534999999999968,0.29983693050490756,0.1021698856806427,0.19713695126602873,0.0035961150677338515,0.006466098100262795
2.539999999999968,0.29954124135039795,0.10322388480508532,0.1961665664091638,0.005029821649958979,0.006466098100262795
2.544999999999968,0.29930566550369897,0.10368335234788373,0.19533624895021856,0.005983289961697636,0.003794620145767326
2.549999999999968,0.29937453968503236,0.10363701116770019,0.19471244752252337,0.006448043272314837,0.003794620145767326
2.5549999999999677,0.29977441653119147,0.10314482429301298,0.19475977209622336,0.006115619038073227,0.003794620145767326
2.5599999999999676,0.3004414279841853,0.10222400186206425,0.19548796973161975,0.005049699009888294,0.003794620145767326
2.5649999999999675,0.30126993904621013,0.10087186732444199,0.1966649070532576,0.0036736552336780037,0.005061329693511019
2.5699999999999674,0.3019835862160652,0.10014681817529036,0.1974038306818335,0.003270514482730291,0.005061329693511019
2.5749999999999673,0.30260989368002195,0.09998977796870145,0.19774681663271151,0.0034479682129578797,0.005061329693511019
2.579999999999967,0.30305359837745527,0.1003193300087005,0.19797372611106354,0.00367861666638968,0.005061329693511019
2.584999999999967,0.3031280062179349,0.1010209093607859,0.19857428991697373,0.003585990527486443,0.00825114208081084
2.589999999999967,0.3027078865284157,0.10206355228779984,0.19862940729032935,0.0036700710989109584,0.00825114208081084
2.594999999999967,0.3018326476384454,0.10341682506919389,0.1981960053765932,0.004276410588502004,0.00825114208081084
2.599999999999967,0.3009207897735089,0.10407408888581371,0.19731237356827597,0.004966828957495017,0.00825114208081084
2.6049999999999667,0.29997248521048575,0.10410719545240678,0.19601243318548697,0.005724552440856713,0.0044893456375073425
2.6099999999999666,0.2991475665395751,0.10363025055706476,0.1949183436094829,0.0063030622385317064,0.0044893456375073425
2.6149999999999665,0.2985882800519429,0.10274782252297301,0.1936439347633797,0.007067039487768071,0.0044893456375073425
2.6199999999999664,0.29855148391251124,0.10160506410402262,0.19273766674030574,0.007577328949477997,0.0044893456375073425
2.6249999999999662,0.298944543144054,0.10033458048358412,0.19216671297455173,0.007911151553207351,0.008396720549906145
2.629999999999966,0.2994185249373691,0.09974621762512803,0.19187516506654334,0.008149568174951058,0.008396720549906145
2.634999999999966,0.2999735740276312,0.09977075704878452,0.19183875510323486,0.0081645066554981,0.008396720549906145
2.639999999999966,0.30059970366944283,0.1003618152600334,0.19203414318692932,0.007996588618897495,0.008396720549906145
2.644999999999966,0.301284575579455,0.10147756356117432,0.1924391695583578,0.007810216736039138,0.008080126186218655
2.6499999999999657,0.3015701621143801,0.1029005482516647,0.19317561886895232,0.007579628424102956,0.008080126186218655
2.6549999999999656,0.30151315706365095,0.10421942198672934,0.19357923826142126,0.00783066711749188,0.008080126186218655
2.6599999999999655,0.3013668748435329,0.10479501898673035,0.1934491906894272,0.008232475723892243,0.008080126186218655
2.6649999999999654,0.30113863539480606,0.10470293013554932,0.19282714748976262,0.00865239016432927,0.008784953334749386
2.6699999999999653,0.30094193996723667,0.10409807031403202,0.19250122565981764,0.008597269787880675,0.008784953334749386
2.674999999999965,0.30077644257612995,0.10302077116845565,0.19248146321236803,0.008139798336149098,0.008784953334749386
2.679999999999965,0.30078243044287223,0.10156642249903564,0.19327066983276964,0.006953399265324483,0.008784953334749386
2.684999999999965,0.3009674202034347,0.09977274394690477,0.19457705904864955,0.005513241852623181,0.006427016207166305
2.689999999999965,0.30112004711081825,0.09871242460240912,0.1953561029580962,0.004947538344544358,0.006427016207166305
2.6949999999999648,0.3012716556723649,0.09831794683611567,0.19576849906524227,0.004727791361306763,0.006427016207166305
2.6999999999999647,0.3014468115944149,0.09854697468131149,0.19598230329920635,0.004510702067976947,0.006427016207166305
2.7049999999999645,0.30165311037216413,0.09935647432322793,0.19609306249238254,0.004290811099040587,0.006420618425557291
2.7099999999999644,0.3019507893231505,0.10067109377091563,0.1964221234817887,0.004130029807670607,0.006420618425557291
2.7149999999999643,0.30217626192804353,0.10239677148505358,0.19635611113189527,0.004874274880853084,0.006420618425557291
2.7199999999999642,0.30203520614941765,0.10438348917334503,0.1966659354391341,0.005871373595631814,0.006420618425557291
2.724999999999964,0.30165947026674095,0.10612799333358128,0.19687153381679506,0.0070776722530836896,0.005626083114059708
2.729999999999964,0.3012269349775702,0.10709615783740134,0.19655980976071483,0.007980960742603026,0.005626083114059708
2.734999999999964,0.30074393947894773,0.107366080288154,0.19577142855109636,0.008526042532051494,0.005626083114059708
2.739999999999964,0.30021632925686936,0.1069926653891797,0.1945435408213058,0.00887226658533014,0.005626083114059708
2.7449999999999637,0.2996437788245532,0.10602673809277202,0.19291014541295418,0.009312062265156996,0.007462244843465253
2.7499999999999636,0.29931620421734395,0.10469604512846759,0.19240072076632936,0.008959322596730195,0.007462244843465253
2.7549999999999635,0.29930285390114514,0.10306457737555233,0.1927091220956899,0.007939429941088526,0.007462244843465253
2.7599999999999634,0.2997582637081088,0.101226229505994,0.19326649476575633,0.006848515749837669,0.007462244843465253
2.7649999999999633,0.30059040370516216,0.09930611030494851,0.19404946704795883,0.006019875568256851,0.009102896370188004
2.769999999999963,0.3014418719710408,0.0981634698377489,0.19503481035279494,0.005486797431147206,0.009102896370188004
2.774999999999963,0.30231451662904607,0.09773800528453944,0.19620259040775517,0.004989381417588305,0.009102896370188004
2.779999999999963,0.30293017093672775,0.09784939007872165,0.19741928951618598,0.004457700231421197,0.009102896370188004
2.784999999999963,0.3031133394848885,0.09838377565098151,0.1984623354627235,0.0038300752112359277,0.0033432081481468783
2.7899999999999627,0.3028137929866135,0.0992191044100745,0.19890183895460908,0.003119805534884263,0.0033432081481468783
2.7949999999999626,0.3020768972562473,0.10033525725960443,0.19879560111705663,0.0024241444495657414,0.0033432081481468783
2.7999999999999625,0.30093775356441754,0.1017079177363278,0.19818590359368685,0.002662200314221156,0.0033432081481468783
2.8049999999999624,0.299496874903865,0.103340629974287,0.19758882727824673,0.004150505677817188,0.0044957340382074
2.8099999999999623,0.2985256565922183,0.10438699100655638,0.1967131492273239,0.0056765100702383395,0.0044957340382074
2.814999999999962,0.29797959824055814,0.10489236073714889,0.19557704990421368,0.00689780431744537,0.0044957340382074
2.819999999999962,0.29784500641428907,0.10492845491046367,0.19431932400847582,0.007823282231877357,0.0044957340382074
2.824999999999962,0.298210541291659,0.10458186929029503,0.19341836326950612,0.008216667859564012,0.007765123977534867
2.829999999999962,0.2990153678030598,0.10392965475557958,0.1928395834913531,0.008226983143206478,0.007765123977534867
2.8349999999999618,0.30000182868901765,0.10289728391318168,0.1931147866644284,0.007469967877709904,0.007765123977534867
2.8399999999999617,0.3010289393678703,0.10145975874789531,0.19402173040501272,0.006239336437086855,0.007765123977534867
2.8449999999999616,0.30199773598546065,0.0996098143240067,0.19495130197551092,0.005443578388508327,0.008102512731214125
2.8499999999999615,0.3025393852608691,0.09836214660448495,0.1958973128978848,0.005095398189168526,0.008102512731214125
2.8549999999999613,0.3026925469911168,0.09767528776963508,0.19685619255656256,0.004747380487678783,0.008102512731214125
2.8599999999999612,0.30249524544561834,0.09749054214255498,0.197824323172598,0.00415417840607091,0.008102512731214125
2.864999999999961,0.3019057478790388,0.09774316841174302,0.1986852004765554,0.0032332431988740928,0.006533034433169418
2.869999999999961,0.3013472800180575,0.09849202190723585,0.199139440873776,0.0021976631646003163,0.006533034433169418
2.874999999999961,0.3008088349402319,0.09969804646287489,0.199227135851634,0.001158753162218708,0.006533034433169418
2.879999999999961,0.3002819423826518,0.1013257801761337,0.19897545385928775,0.0016990819218074393,0.006533034433169418
2.8849999999999607,0.299658100887837,0.10330203764534798,0.19864036740852237,0.0035873316543081515,0.0065352164605344595
2.8899999999999606,0.2994224388947389,0.10466317287732016,0.19800108106531242,0.00510631325141117,0.0065352164605344595
2.8949999999999605,0.29931720624402336,0.10536133070305212,0.19763811651483346,0.005898183433752502,0.0065352164605344595
2.8999999999999604,0.29926452118296026,0.10543832211862725,0.1976936970196575,0.005952756503788913,0.0065352164605344595
2.9049999999999603,0.2992747923740877,0.10494804012735473,0.19783863188252468,0.005447984888179549,0.003089606749144915
2.90999999999996,0.2993279583309268,0.10398804199361592,0.19808713420992496,0.0044738321916064396,0.003089606749144915
2.91499999999996,0.29941713789402497,0.10259316271421273,0.1984162976274635,0.0030939189229426426,0.003089606749144915
2.91999999999996,0.2995350101750608,0.10079713127044555,0.19881558343076286,0.0015014913949479107,0.003089606749144915
2.92499999999996,0.2996721535259663,0.09863084366923518,0.19927519272462366,0.0015834828559375725,0.003720667910766196
2.9299999999999597,0.29945628230712085,0.09710215587662183,0.19978431227783955,0.0029562900206911422,0.003720667910766196
2.9349999999999596,0.29923203161240824,0.09628276504978031,0.19961934162498057,0.003814775474120006,0.003720667910766196
2.9399999999999595,0.2991278664354835,0.09614394398707687,0.19973416707682926,0.003962379597186314,0.003720667910766196
2.9449999999999594,0.29899128996876434,0.09657779431873129,0.19950842391781637,0.0036014767383114312,0.006032796785498481
2.9499999999999593,0.2988426130937583,0.09748917939852655,0.19895357774365954,0.002956140064693799,0.006032796785498481
2.954999999999959,0.2986761762881046,0.09884214666712889,0.19809503922670268,0.002592683765602501,0.006032796785498481
2.959999999999959,0.29848306862190244,0.10060180229769819,0.19695536236795225,0.0034544268876114848,0.006032796785498481
2.964999999999959,0.29825186520668023,0.10273519764470204,0.1955547819120684,0.005504293347966931,0.006304021848732344
2.969999999999959,0.2980694204712331,0.10411620345250042,0.19464028975973252,0.007028283007883103,0.006304021848732344
2.974999999999959,0.297944394195129,0.10480509264929527,0.1941890333174291,0.00781548235103118,0.006304021848732344
2.9799999999999587,0.29799387533933575,0.104924711628929,0.19463329969033247,0.007555050826832296,0.006304021848732344
2.9849999999999586,0.2982404367084228,0.10453384089052956,0.1960360471364136,0.0062741293023365905,0.011988335205329381
2.9899999999999585,0.2984994240566708,0.10366044515010664,0.19742936620788706,0.004717917438000635,0.011988335205329381
2.9949999999999584,0.29876968345507904,0.10234116194360285,0.1988250580905213,0.002893994909727714,0.011988335205329381
2.9999999999999583,0.29904435839155086,0.10060958899201095,0.2002183100059761,0.0011543434851418503,0.011988335205329381
3.004999999999958,0.29951416140934833,0.0985752920488392,0.20114721889011394,0.0018926021938329867,0.002735555198581717
3.009999999999958,0.2999096507877586,0.09728354841279627,0.2013750550910099,0.00304598895419641,0.002735555198581717
3.014999999999958,0.3002392358977103,0.09667593996654752,0.2009499883491417,0.0034654129312759155,0.002735555198581717
3.019999999999958,0.300598021992632,0.09671363149382535,0.20051956518618,0.0033805023657347845,0.002735555198581717
3.0249999999999577,0.3008836239145856,0.09730975968813932,0.19976296005578184,0.0028415439629086983,0.005957593252522143
3.0299999999999576,0.3011172171138029,0.09837092611285306,0.19868740445189823,0.002371700419963451,0.005957593252522143
3.0349999999999575,0.30105611269462995,0.09976870435935747,0.19790776245409175,0.002355064679716253,0.005957593252522143
3.0399999999999574,0.3006598638699567,0.1014525148515091,0.19756196639917883,0.0029136279033984097,0.005957593252522143
3.0449999999999573,0.3001154676077187,0.10299286355439013,0.1976189104711402,0.0038262452049071393,0.0018658503283779156
3.049999999999957,0.2996610976141915,0.10382980036958109,0.1980610104754261,0.004306031360122386,0.0018658503283779156
3.054999999999957,0.29928544443491645,0.10403508699141323,0.19886962700239114,0.004250912819335083,0.0018658503283779156
3.059999999999957,0.29897856832053227,0.10365650898944151,0.20002586551557347,0.0037965839501560685,0.0018658503283779156
3.064999999999957,0.29879012780266495,0.10276313301832533,0.2015281031442542,0.003381389363904061,0.005877092219844387
3.0699999999999568,0.29895869322170543,0.10155616221725225,0.2023251344802477,0.002985332645478937,0.005877092219844387
3.0749999999999567,0.2994524528785318,0.10005465330199223,0.20246231058058906,0.002523047409171601,0.005877092219844387
3.0799999999999566,0.3001545276822437,0.09850977112084411,0.20197244771072695,0.0024769357860876806,0.005877092219844387
3.0849999999999564,0.3007660475719871,0.09766879823241191,0.20088467394935502,0.002608443704667711,0.006606184044761689
3.0899999999999563,0.3012977428184359,0.09745849440791005,0.19922778717040493,0.0029562983191176407,0.006606184044761689
3.0949999999999562,0.3016384870448012,0.09778566986278228,0.1972831175062682,0.0038690241970448258,0.006606184044761689
3.099999999999956,0.3016058093644816,0.09853343803478443,0.19552051915503496,0.0049794755098587105,0.006606184044761689
3.104999999999956,0.30134292069185137,0.09971398146272409,0.19471226075700168,0.005463097005381891,0.0049986397095809895
3.109999999999956,0.3008333191706828,0.10103523569767889,0.19431628796983602,0.005837012611928041,0.0049986397095809895
3.114999999999956,0.3003533581331804,0.10184174088981066,0.19432933178976353,0.005972717089070262,0.0049986397095809895
3.1199999999999557,0.29996344378423195,0.10202300996535729,0.19471897983482347,0.0056553584910107495,0.0049986397095809895
3.1249999999999556,0.29980025383321407,0.10168602870953666,0.19511708719031032,0.00516966428770372,0.0066082471050090685
3.1299999999999555,0.2999910564325223,0.10092958573124494,0.19516534989731107,0.004923215538097389,0.0066082471050090685
3.1349999999999554,0.3005020118935938,0.09978259377629245,0.19488868174901783,0.005140511226545469,0.0066082471050090685
3.1399999999999553,0.30129853280546226,0.09826964786549902,0.19430953380558827,0.006087833068175956,0.0066082471050090685
3.144999999999955,0.3020464109941126,0.0968668999991848,0.1937376309513287,0.007295298463646957,0.0063619960442288645
3.149999999999955,0.3023931730288807,0.0960419344212254,0.1933014547437209,0.008140274493066053,0.0063619960442288645
3.154999999999955,0.30239000209418626,0.095737518527546,0.19300300216276192,0.008534567185718496,0.0063619960442288645
3.159999999999955,0.3020664221075364,0.09591403541959895,0.19281789061636345,0.008517505625318228,0.0063619960442288645
3.1649999999999547,0.30144820767199637,0.09653357584195096,0.192733956714595,0.008179779149226117,0.007950139225658494
3.1699999999999546,0.3005556928011356,0.09755914416783423,0.19273986229271917,0.007679594469197756,0.007950139225658494
3.1749999999999545,0.2994049010677793,0.09895487546940213,0.1928250657184567,0.007275033331061314,0.007950139225658494
3.1799999999999544,0.2985300756059408,0.10063546357014833,0.19315869563286076,0.007026232071108566,0.007950139225658494
3.1849999999999543,0.2981852443486768,0.1018277133121758,0.19373300413657096,0.006775626257236357,0.006790513445147358
3.189999999999954,0.2981934898227022,0.1024764595230076,0.19390926632792588,0.006818604509275567,0.006790513445147358
3.194999999999954,0.2985367011050796,0.10262763834240383,0.19372848000611648,0.00695540724530396,0.006790513445147358
3.199999999999954,0.2990405652719811,0.10225775902517248,0.19359151194521648,0.0068619756602147485,0.006790513445147358
3.204999999999954,0.2995539634312644,0.10135051661736608,0.19384378392609639,0.0063183732165028594,0.009110960768206779
3.209999999999954,0.30006987568646953,0.09994646055817054,0.19446758520067253,0.005533115089640618,0.009110960768206779
3.2149999999999537,0.3005252718521001,0.09822093216394928,0.19544458161418538,0.004918620696262002,0.009110960768206779
3.2199999999999536,0.30052211358245545,0.09700961794814206,0.19622240653764475,0.004846153090430371,0.009110960768206779
3.2249999999999535,0.30005553618738495,0.09623913898764846,0.19646429529288603,0.005162205691198585,0.005008266055954527
3.2299999999999534,0.2996055845373378,0.09610264774939427,0.19609165014008606,0.005533544682206697,0.005008266055954527
3.2349999999999532,0.2991667775037232,0.09654666158089592,0.19514749199935816,0.006013870622274408,0.005008266055954527
3.239999999999953,0.29872768822940826,0.09752199868518105,0.19364824920219512,0.006935705151983168,0.005008266055954527
3.244999999999953,0.298328630485457,0.09883695486484606,0.19161966125131533,0.008624165326758,0.009023092359707163
3.249999999999953,0.2982604935917435,0.10011315307958246,0.189986909404158,0.01016369369099267,0.009023092359707163
3.254999999999953,0.29865262242248514,0.10095058140639027,0.18869912282762316,0.011420545355267098,0.009023092359707163
3.2599999999999527,0.299472781685576,0.1013824041022912,0.18772439824346732,0.012364440898725836,0.009023092359707163
3.2649999999999526,0.3005772447110265,0.10139122261387662,0.18733228984788275,0.012756942906348075,0.011956224034537737
3.2699999999999525,0.30163343734467524,0.1008235896575,0.1873219825431963,0.012809314740373138,0.011956224034537737
3.2749999999999524,0.3026489048228486,0.09972634643557463,0.1876916941447883,0.012593092394613486,0.011956224034537737
3.2799999999999523,0.3035440969983284,0.0983500567952337,0.1884265667180345,0.012215862394633533,0.011956224034537737
3.284999999999952,0.30392366127544973,0.0974491097870451,0.1888347804745678,0.0121063737648441,0.01456236916707758
3.289999999999952,0.30380076435370024,0.09696080399991952,0.1887254430072403,0.012279990121423156,0.01456236916707758
3.294999999999952,0.3032179909306427,0.09685585931950942,0.18813754602452692,0.012686957892601044,0.01456236916707758
3.299999999999952,0.3022611346153745,0.09712230821773306,0.18737654475385082,0.013143266796885131,0.01456236916707758
3.3049999999999518,0.3012010216595605,0.09782090700529794,0.18740554634376352,0.012837879973164636,0.013613155323636892
3.3099999999999516,0.2999665394129552,0.09894453962380276,0.18787072686739448,0.01217515432928693,0.013613155323636892
3.3149999999999515,0.2988659261379515,0.1003893398895496,0.18865519511276052,0.011407993119024447,0.013613155323636892
3.3199999999999514,0.29832410132333465,0.10136950803490853,0.18965189669421745,0.010572011665680078,0.013613155323636892
3.3249999999999513,0.2982673653935146,0.1019302139886353,0.19070947196725424,0.009645810481693547,0.01280759387919982
3.329999999999951,0.2986784303965061,0.10211099808698926,0.1919498720744287,0.008426589983986063,0.01280759387919982
3.334999999999951,0.2995162714671554,0.10193594364483839,0.19335476081956715,0.006938376961122686,0.01280759387919982
3.339999999999951,0.30074183365761115,0.1014248911756351,0.19490659953419745,0.005340726574447083,0.01280759387919982
3.344999999999951,0.3020876318956432,0.10050349133849451,0.19620882818901003,0.004357142889565463,0.005462581048171846
3.349999999999951,0.30295585771254474,0.09968060720757824,0.19689984100692048,0.004295357069561637,0.005462581048171846
3.3549999999999507,0.3032893721413842,0.0992606106661766,0.19702610903089343,0.004495630452741855,0.005462581048171846
3.3599999999999506,0.3031366324650312,0.0992185666705335,0.196632634564542,0.0046677886889839185,0.005462581048171846
3.3649999999999505,0.3025377640477938,0.09952686849995057,0.19576049525132536,0.004963617661811681,0.005611749310618592
3.3699999999999504,0.30152599912872946,0.10015617191296808,0.19444722577810583,0.005760760762834691,0.005611749310618592
3.3749999999999503,0.30027681592569255,0.10113492294543673,0.19362731280281392,0.006478874845370552,0.005611749310618592
3.37999999999995,0.29885124788268524,0.10231225465342896,0.19327486422360052,0.007203721553499091,0.005611749310618592
3.38499999999995,0.2975932012908224,0.10281601116884354,0.1933495376046496,0.007612571773160527,0.005054091799497404
3.38999999999995,0.29691482730272656,0.10295505522048681,0.19370742071443336,0.007605734415115361,0.005054091799497404
3.39499999999995,0.29676491109035086,0.10275550935350912,0.19433524647692207,0.0070815298155013735,0.005054091799497404
3.3999999999999497,0.2970959862236381,0.10223965233142639,0.1951972543010544,0.006042822587806463,0.005054091799497404
3.4049999999999496,0.2978654961832853,0.10142620138630236,0.19627036855194213,0.004527726546093825,0.008090614577459306
3.4099999999999495,0.2988983003517577,0.10027648500628059,0.19663063098298128,0.0035556762572654106,0.008090614577459306
3.4149999999999494,0.2999330604862801,0.09889040547077699,0.19676992014108477,0.003416005973757747,0.008090614577459306
3.4199999999999493,0.3005429459921632,0.0980714282730533,0.19696696056394028,0.0036350388549612226,0.008090614577459306
3.424999999999949,0.3007707045044174,0.09776261680911585,0.197216455664346,0.003653489844591294,0.0035165326076808025
3.429999999999949,0.3005167835180575,0.09781828724500616,0.1969109186132505,0.0038169830447358608,0.0035165326076808025
3.434999999999949,0.29989582746680904,0.09824137836355204,0.1965590142989432,0.0038657450215620432,0.0035165326076808025
3.439999999999949,0.29905610951738193,0.09904899178788877,0.19650025842855198,0.0037474707376577974,0.0035165326076808025
3.4449999999999488,0.29818925151745995,0.10027995864403597,0.19627000829804037,0.0041557219596694995,0.004884409064469784
3.4499999999999487,0.2977300712003313,0.10095090584331579,0.19573496859479012,0.004924153893395714,0.004884409064469784
3.4549999999999486,0.2976391294526767,0.10112342613721437,0.1949175909692827,0.005715477021431529,0.004884409064469784
3.4599999999999485,0.2978823365434886,0.10083421277555979,0.1938380149221056,0.006568901701970002,0.004884409064469784
3.4649999999999483,0.2985898130317083,0.10018009213236173,0.19310491111680958,0.00704012153082421,0.006577747340678494
3.4699999999999482,0.2995419408644371,0.09917128556690466,0.1931058934707383,0.006958828250510425,0.006577747340678494
3.474999999999948,0.30032557449171904,0.09817888082143303,0.19348241551419249,0.0067750558183561505,0.006577747340678494
3.479999999999948,0.3007192678846142,0.09771271539179377,0.1939175054100742,0.0065380239832270055,0.006577747340678494
3.484999999999948,0.3007557806230634,0.09773462781235072,0.19440446534638647,0.006083841184528325,0.007005446876330863
3.489999999999948,0.3004617739839314,0.09820692084885586,0.19493679883048676,0.005391138482497374,0.007005446876330863
3.4949999999999477,0.2998589613571156,0.09909269314020983,0.19550824546219336,0.004584643548250572,0.007005446876330863
3.4999999999999476,0.2991021845801244,0.09966976759060414,0.19568507593340387,0.004419694070054216,0.007005446876330863
3.5049999999999475,0.2982936891689879,0.09963388762571174,0.19534158929150713,0.004974567845716575,0.0062671299628311045
3.5099999999999474,0.29789712581521555,0.09915758953414544,0.1946919735681766,0.005771211296682009,0.0062671299628311045
3.5149999999999473,0.29774281235035943,0.09860519175532223,0.19377346278677607,0.006768319717091794,0.0062671299628311045
3.519999999999947,0.29770914537173976,0.0982273253489997,0.19259111697987547,0.007954994528722833,0.0062671299628311045
3.524999999999947,0.29773943443166917,0.09811501383575712,0.19116502476531141,0.009312363659440645,0.009373458347351947
3.529999999999947,0.2979818194976863,0.09809388750052259,0.18983224266183052,0.010539905440205935,0.009373458347351947
3.534999999999947,0.2984895150217276,0.09820426336139398,0.1888486592234437,0.011395553345919886,0.009373458347351947
3.5399999999999467,0.29924508186470977,0.0984273275163558,0.18817365100431732,0.011954318495819268,0.009373458347351947
3.5449999999999466,0.30013308928836346,0.09869121964232748,0.18805472575177684,0.012017495398316994,0.011720590411855109
3.5499999999999465,0.30083032931514153,0.09881499860214232,0.18803173873744333,0.012055411761251578,0.011720590411855109
3.5549999999999464,0.3013332255987009,0.09885741681800204,0.18809742991867454,0.012031382354728833,0.011720590411855109
3.5599999999999463,0.3016406628427421,0.09888041860416098,0.18823179868931844,0.01193464700584776,0.011720590411855109
3.564999999999946,0.3018479975214556,0.09893804487748939,0.18891840192942908,0.011284709093247112,0.012912790481145638
3.569999999999946,0.30182168743124654,0.09888199598253972,0.18951136797704965,0.01070419916635891,0.012912790481145638
3.574999999999946,0.30162071021553183,0.09879565515949107,0.19032561081481603,0.009882861640435659,0.012912790481145638
3.579999999999946,0.30127240788996945,0.09871049972133553,0.19147573278788638,0.008714640802158622,0.012912790481145638
3.584999999999946,0.3007574314240569,0.09863128880838028,0.1928140388432491,0.007354257979874439,0.011418139853961406
3.5899999999999457,0.3002536422401134,0.09906801862029598,0.1937293642695219,0.00634458794110647,0.011418139853961406
3.5949999999999456,0.299817071262492,0.09980951799710913,0.19426613360493433,0.005739945135007395,0.011418139853961406
3.5999999999999455,0.2996796708426421,0.10043998318598003,0.19474877219687234,0.005279355018687401,0.011418139853961406
3.6049999999999454,0.29998313946870847,0.10077440629086287,0.1954732139710188,0.0045925789196292425,0.006460897772529849
3.6099999999999453,0.30031146000614667,0.10051948088491582,0.1962174029844261,0.0038307842418296534,0.006460897772529849
3.614999999999945,0.30066430978521774,0.09972141390510186,0.1969925662645064,0.0030925030923819184,0.006460897772529849
3.619999999999945,0.3008169298423844,0.09900309903809798,0.19779216485797324,0.002556505800812461,0.006460897772529849
3.624999999999945,0.3008442190705543,0.09864558337284707,0.19826620378842277,0.0023565227650662575,0.008070253017040898
3.629999999999945,0.30084414954614447,0.09812309581159889,0.19864606426271791,0.0024634325177246455,0.008070253017040898
3.6349999999999447,0.30088448976314025,0.09773011295304178,0.1985791825977659,0.0028201828730669057,0.008070253017040898
3.6399999999999446,0.3009969339595673,0.09761084102875614,0.1981815734468907,0.0031636423689580667,0.008070253017040898
3.6449999999999445,0.3010950646036763,0.09773537643168598,0.1976512088847285,0.0034415848232415354,0.005708624795428946
3.6499999999999444,0.3011419007856637,0.09841469070162134,0.19682176136957236,0.003730729656215784,0.005708624795428946
3.6549999999999443,0.3011341341768289,0.09960472043766898,0.19571426068710157,0.004450850224571835,0.005708624795428946
3.659999999999944,0.3008893577199987,0.10119373425455945,0.19478200284465527,0.005426182169612045,0.005708624795428946
3.664999999999944,0.3005117389027733,0.10256121782017764,0.19431437434460347,0.006256840458275284,0.005931436329080017
3.669999999999944,0.30021163321682365,0.10323908760961575,0.19426788602870723,0.006587382465070574,0.005931436329080017
3.674999999999944,0.30013618623311217,0.10336031389371098,0.19521405520585983,0.005849403706952854,0.005931436329080017
3.6799999999999438,0.30018717535540257,0.10293532011575403,0.19660876290179138,0.004489056454522126,0.005931436329080017
3.6849999999999437,0.30028495814906114,0.10197892945528755,0.1980008938608358,0.0028273288261829502,0.005670689638609553
3.6899999999999435,0.30036897980777577,0.10066912107308996,0.19938586067279981,0.000980324549429026,0.005670689638609553
3.6949999999999434,0.30020940562760157,0.09963011604458907,0.200758584954555,0.0008695493031558673,0.005670689638609553
3.6999999999999433,0.2997400296826322,0.09907081894919448,0.2021153004605402,0.0023249640920775224,0.005670689638609553
3.7049999999999432,0.2993023992277782,0.09907889839761552,0.20273689600352507,0.00297080371842893,0.0010734628324406384
3.709999999999943,0.29881348957809156,0.0996375372495539,0.20261309512512413,0.0028926548981352204,0.0010734628324406384
3.714999999999943,0.29832172224182235,0.10072066650770975,0.20218645931913246,0.002848961355151984,0.0010734628324406384
3.719999999999943,0.29791362617825873,0.10203991871778686,0.201463837391022,0.0032645128283678836,0.0010734628324406384
3.724999999999943,0.2978651765312391,0.10284665174978869,0.20046762098514262,0.0035888113370714965,0.004242784570304765
3.7299999999999427,0.29814082922239316,0.10319627211993435,0.1992168670562155,0.00377967837952085,0.004242784570304765
3.7349999999999426,0.29871071250138015,0.10312019553918386,0.19772864341851382,0.0040690223859178865,0.004242784570304765
3.7399999999999425,0.29924605618918504,0.10252371185967524,0.19674307435567043,0.004188689230919771,0.004242784570304765
3.7449999999999424,0.299855984479215,0.1014899685437365,0.1966403479844104,0.003678044099437431,0.006469454250754899
3.7499999999999423,0.3004245689979649,0.10009300080598968,0.19664227148017072,0.0033857419861564567,0.006469454250754899
3.754999999999942,0.3006278902461879,0.09921905651883571,0.19672659790173302,0.003423343421126436,0.006469454250754899
3.759999999999942,0.3005068770883026,0.09881450349134069,0.19688488268017842,0.003371391740949423,0.006469454250754899
3.764999999999942,0.30008888819765067,0.09884453208645727,0.19710893960962997,0.003114680945405961,0.005813360049225778
3.769999999999942,0.2993961321138065,0.09927485682367404,0.19739093486605513,0.002774474711240796,0.005813360049225778
3.7749999999999417,0.29844666255029495,0.10007199540758041,0.19772341632300888,0.0027569682279111,0.005813360049225778
3.7799999999999416,0.29734968296146763,0.10124154707034777,0.1987653796885073,0.00317646137174284,0.005813360049225778
3.7849999999999415,0.2966890098616,0.10225425146195799,0.1999924326007422,0.00400554148846983,0.0028225565829041975
3.7899999999999414,0.29639726637123975,0.10277869953855029,0.20079853076271761,0.004619362737905068,0.0028225565829041975
3.7949999999999413,0.29645168984451475,0.10287190668961071,0.2012256459630214,0.004726580266960565,0.0028225565829041975
3.799999999999941,0.29682895720077657,0.10256707555982758,0.2013013202806182,0.004282385297602141,0.0028225565829041975
3.804999999999941,0.29750295695682294,0.10189208365142821,0.20105026188009034,0.0033042782147167434,0.006342699168261826
3.809999999999941,0.29844583197650587,0.10087038186482773,0.20049467321033737,0.0018487034431996046,0.006342699168261826
3.814999999999941,0.29942408108747004,0.10005847574924243,0.19965360139129712,0.0006746065543488593,0.006342699168261826
3.8199999999999408,0.30026932058455996,0.09986452985181923,0.1985448807922601,0.0014860207424694579,0.006342699168261826
3.8249999999999407,0.3006847101718619,0.10012088137387279,0.19791075625535498,0.0022019036651358985,0.0023410380016665637
3.8299999999999406,0.3007423260839496,0.10075069700453665,0.1974120211983665,0.0027950363656375895,0.0023410380016665637
3.8349999999999405,0.30048004401136097,0.10173129120305355,0.1970401173863707,0.003462472609144974,0.0023410380016665637
3.8399999999999403,0.29999268988843497,0.10284703282593685,0.19677321787211793,0.004303228119738974,0.0023410380016665637
3.8449999999999402,0.29952850790784835,0.1035043239320071,0.19660211655601895,0.004903896706934176,0.007565283081220466
3.84999999999994,0.2991640608917897,0.1035524395763033,0.196517665356515,0.005044331046346712,0.007565283081220466
3.85499999999994,0.2988924042868071,0.10303966963716164,0.1965108826405746,0.004758182396126644,0.007565283081220466
3.85999999999994,0.2987032648112389,0.10200994562836121,0.19657321827445892,0.0041790233994609335,0.007565283081220466
3.86499999999994,0.29862134576892896,0.10051829059060256,0.19694722900685155,0.0033895019341734934,0.005232467931901521
3.8699999999999397,0.2988621685607027,0.09875038277511822,0.1969580082738247,0.0034799306394084433,0.005232467931901521
3.8749999999999396,0.299029611439946,0.09770060448351729,0.19665504246403473,0.004173441579334182,0.005232467931901521
3.8799999999999395,0.2991390308140365,0.09729504851234275,0.196046643277405,0.004866935366927014,0.005232467931901521
3.8849999999999394,0.2991940221833098,0.09748267793647315,0.1951553691313655,0.005518782371668787,0.007498725354541806
3.8899999999999393,0.29919269134892934,0.09821559354252243,0.19400137366411632,0.006310259232483127,0.007498725354541806
3.894999999999939,0.29912905685263586,0.09944891038872924,0.19260274335880676,0.0074687112369718,0.007498725354541806
3.899999999999939,0.2989599794854576,0.10112674734337007,0.191063410462693,0.009067184502631753,0.007498725354541806
3.904999999999939,0.2987062528729484,0.102416439516805,0.19003596561360486,0.01033416386653492,0.008307186604498909
3.909999999999939,0.2985240544076917,0.10304202423699427,0.1891916449993066,0.01132487813051112,0.008307186604498909
3.9149999999999388,0.29842285934630775,0.103061823385588,0.18850194010027502,0.012002812859647787,0.008307186604498909
3.9199999999999386,0.29839768450099136,0.10252406622597668,0.18794226483384602,0.012422854044404855,0.008307186604498909
3.9249999999999385,0.29844229651955134,0.1014734468717253,0.18750011406417305,0.012682453793548137,0.015195559004465108
3.9299999999999384,0.2989217821127604,0.10009929597260422,0.18750067205324839,0.012546139351329758,0.015195559004465108
3.9349999999999383,0.29972056193392704,0.09861956223934626,0.18787722977919413,0.012204312838921622,0.015195559004465108
3.939999999999938,0.30046101317738805,0.09779475035827895,0.18874302446576496,0.011480207198060614,0.015195559004465108
3.944999999999938,0.30108018329414665,0.09752950585568942,0.19024718049293513,0.010118677067848927,0.01263442291300346
3.949999999999938,0.3012256383895043,0.09770234934947641,0.19159740980352918,0.008796869328545572,0.01263442291300346
3.954999999999938,0.3009172673549463,0.0982722283786821,0.19266566568850402,0.007590720253616851,0.01263442291300346
3.959999999999938,0.30019258244131686,0.0992075855082756,0.19346648127751928,0.006584214123219615,0.01263442291300346
3.9649999999999377,0.2991012073527426,0.10048353191652133,0.19412683023732602,0.005961187331249271,0.008543044153602655
3.9699999999999376,0.29812296361763313,0.10112602868374486,0.19514441985282405,0.00532614914764827,0.008543044153602655
3.9749999999999375,0.29742979688825727,0.10127795610835169,0.19604583171528125,0.004886160320165622,0.008543044153602655
3.9799999999999374,0.2970770354852754,0.10100985055176863,0.19641058904299596,0.004737867738709802,0.008543044153602655
3.9849999999999373,0.2970783204569414,0.10037020828289797,0.1962270611641788,0.004786265034857703,0.00283321487027243
3.989999999999937,0.2975683024079483,0.0993919556419472,0.1963355639749989,0.004439702974510319,0.00283321487027243
3.994999999999937,0.2982862215491344,0.09846279971333263,0.1962557122145484,0.004395419470342225,0.00283321487027243
3.999999999999937,0.2989324714954852,0.09811814495617563,0.19554614737060072,0.0049515450879827234,0.00283321487027243
4.004999999999937,0.2995086968455169,0.09831312938570246,0.1942386585025725,0.006023285408227473,0.004038409469896281
4.009999999999937,0.29971941676096747,0.0988906009764291,0.19308712557592783,0.007006948405013222,0.004038409469896281
4.014999999999937,0.29962617250806856,0.09983535081369238,0.1922452422901405,0.007765508578766812,0.004038409469896281
4.0199999999999365,0.29942880084100787,0.1010137217130501,0.19241595037972023,0.007672790159623058,0.004038409469896281
4.024999999999936,0.29936718982613697,0.10178941376375676,0.19353609810825162,0.006736800279080203,0.0075607584212409205
4.029999999999936,0.29932070322579846,0.1019877881225124,0.19494695225029265,0.005472297258762954,0.0075607584212409205
4.034999999999936,0.29929317979515724,0.10165259713802591,0.19664859506513008,0.00380297083081844,0.0075607584212409205
4.039999999999936,0.29922435806177705,0.10096432008269855,0.19862868072082782,0.0018471735716102363,0.0075607584212409205
4.044999999999936,0.2992105797337687,0.10038653521259727,0.2003323949008147,0.0009397234685810053,0.004649089750487868
4.049999999999936,0.2995088967152417,0.09945258689057355,0.20161554449648805,0.0017750570607180753,0.004649089750487868
4.054999999999936,0.3000206570987227,0.09815883216682786,0.20195429865758938,0.0026850714978732043,0.004649089750487868
4.059999999999936,0.3006776379793143,0.09651193226370353,0.2010598951907846,0.003707989695165012,0.004649089750487868
4.0649999999999356,0.3010974211584022,0.09551805394786228,0.19902709518351927,0.004715794460651698,0.005425973606911265
4.0699999999999354,0.30146752706127933,0.0951116538790776,0.19651595200507146,0.006179656455215764,0.005425973606911265
4.074999999999935,0.3016900637874137,0.09521074381886138,0.1937564370517313,0.008048314647371567,0.005425973606911265
4.079999999999935,0.30156930101485285,0.09569928983969073,0.19126154335573192,0.009865061483942145,0.005425973606911265
4.084999999999935,0.30118517891684604,0.09656734987090074,0.18924364384063774,0.011352838138579806,0.011191074762433265
4.089999999999935,0.3006808757181405,0.09783234412031622,0.18832356213881368,0.011895441348786796,0.011191074762433265
4.094999999999935,0.3001085052168133,0.09935189784786799,0.18842973316064812,0.011588912136843554,0.011191074762433265
4.099999999999935,0.2997956226944801,0.1002411037007275,0.18949694037878084,0.01050781435334678,0.011191074762433265
4.104999999999935,0.2997046903741598,0.10056131878966587,0.19144806457466096,0.008575423376015604,0.00991417853034437
4.109999999999935,0.2996247237944273,0.10033762105316232,0.19364428762177976,0.006375727412669831,0.00991417853034437
4.1149999999999345,0.29971857108570443,0.09967531150997361,0.19568835127898362,0.0043330058323061875,0.00991417853034437
4.119999999999934,0.30010438350824215,0.09865900306655523,0.19728150596020824,0.003033047730696734,0.00991417853034437
4.124999999999934,0.300653304999868,0.0976065485183294,0.19845453494943366,0.0029229915566908182,0.005841446974457459
4.129999999999934,0.30103532864178345,0.09716570161539037,0.1987396151252786,0.003270125802155702,0.005841446974457459
4.134999999999934,0.3011506997748932,0.09724662144908297,0.19792156429590044,0.003636632837208787,0.005841446974457459
4.139999999999934,0.3008767143891097,0.09775395871029796,0.19641898722928444,0.004317057106310547,0.005841446974457459
4.144999999999934,0.3002289678107351,0.09864723391968644,0.1948816308119675,0.005299066471691067,0.0063216137923257565
4.149999999999934,0.29940570128271266,0.09990215864046076,0.19333534401908473,0.006691816139207333,0.0063216137923257565
4.154999999999934,0.298505871409203,0.10137105422320827,0.19166284154677343,0.008580234320985742,0.0063216137923257565
4.1599999999999335,0.2979609424843767,0.10223849732815612,0.19023336125688947,0.010225255897952368,0.0063216137923257565
4.164999999999933,0.29782425246264255,0.10260533852832898,0.18948928580140922,0.01104521521555693,0.009148790267630658
4.169999999999933,0.29819129373240805,0.10256279014538357,0.18903288333742357,0.01140688211485782,0.009148790267630658
4.174999999999933,0.29901915940607693,0.10213885429651479,0.18883796084018767,0.011407360088012972,0.009148790267630658
4.179999999999933,0.3000778550801722,0.1012805697980986,0.1893744049666461,0.010702765541398464,0.009148790267630658
4.184999999999933,0.3012465675404628,0.0999775176163129,0.19083148078067558,0.009252901208033798,0.011337911641178384
4.189999999999933,0.30210485419271765,0.09883033541718969,0.19255616331314646,0.007823632853695838,0.011337911641178384
4.194999999999933,0.30253358569958877,0.09822972126763377,0.19454952909475448,0.006265826072941781,0.011337911641178384
4.199999999999933,0.3025722844948374,0.09811826376302737,0.1968012896651091,0.004515454195809643,0.011337911641178384
4.204999999999933,0.3022182964475367,0.09844616409481079,0.19911489912042973,0.0028493242561044877,0.00818262863433207
4.2099999999999325,0.30139710440879364,0.09913762410991477,0.2007740630986312,0.001815149190984989,0.00818262863433207
4.214999999999932,0.3001555995079528,0.10016505022160252,0.2018390453799802,0.0018529815682172073,0.00818262863433207
4.219999999999932,0.29853002061076184,0.10149840027104362,0.20235004304828597,0.003150991130715174,0.00818262863433207
4.224999999999932,0.2968378362549172,0.10300229011157447,0.2018627190727708,0.004741597600897591,0.005845191130327154
4.229999999999932,0.2956619005164487,0.10393754598383637,0.20080267293861415,0.0059133458676452625,0.005845191130327154
4.234999999999932,0.2949543580400694,0.104370937805394,0.1991880926826305,0.006724789482090322,0.005845191130327154
4.239999999999932,0.2947044657436413,0.1043548718242305,0.19731679689106774,0.007362551907425103,0.005845191130327154
4.244999999999932,0.29496472378195326,0.10396170785370706,0.19584054614268248,0.007638729743962984,0.007960091507007619
4.249999999999932,0.295692024038841,0.10321743563151121,0.1947176463380197,0.007537493557879748,0.007960091507007619
4.2549999999999315,0.2968442058691969,0.10214285637094452,0.1939072168607961,0.007188384825805876,0.007960091507007619
4.259999999999931,0.29838205976551474,0.100755250855884,0.19338000527299695,0.006856563617675255,0.007960091507007619
4.264999999999931,0.30026801991443086,0.09906858114174447,0.1931087274512333,0.00695909571032265,0.006326432141948986
4.269999999999931,0.30163249650366764,0.09795789032621863,0.19321492589813688,0.007271347008774395,0.006326432141948986
4.274999999999931,0.30253118649538563,0.09738951516457145,0.1936969451209162,0.007276677604454336,0.006326432141948986
4.279999999999931,0.3030114126148451,0.09730974074006635,0.1945404205144318,0.006790663368312729,0.006326432141948986
4.284999999999931,0.30304293602327437,0.09765891739636842,0.19530070250349096,0.006068238983384184,0.008925574136038774
4.289999999999931,0.30258578384866563,0.09837525470420777,0.19552231461053554,0.005419939283353892,0.008925574136038774
4.294999999999931,0.3016779672531576,0.09942792001173367,0.19524481042460148,0.005074906650729935,0.008925574136038774
4.2999999999999305,0.300422959720269,0.10081337710746945,0.19476447349888637,0.005315187201575184,0.008925574136038774
4.30499999999993,0.29893625431509085,0.10253668773748958,0.1944240079000544,0.006217557997988329,0.007776652175130905
4.30999999999993,0.2979674512857472,0.10368262143786662,0.19372037448757623,0.0075582174821004645,0.007776652175130905
4.31499999999993,0.297578801858699,0.10434299395190352,0.19333211012851262,0.00831772518444761,0.007776652175130905
4.31999999999993,0.29771548975114925,0.10457306529674668,0.19321625895151484,0.008494177764699502,0.007776652175130905
4.32499999999993,0.2983338546547351,0.10440389505459345,0.19334816534334842,0.008149677064942611,0.007873864544013728
4.32999999999993,0.2993916353836322,0.10386100291673067,0.19370446262278865,0.007410212000834817,0.007873864544013728
4.33499999999993,0.30084819229386955,0.1029653668966938,0.19426305624553478,0.006513474851512424,0.007873864544013728
4.33999999999993,0.3022746830242904,0.1015787883616921,0.19537286366433868,0.00539232289656385,0.007873864544013728
4.34499999999993,0.3036063411490862,0.09971320104627726,0.19678495594959156,0.004839882061529562,0.007957127296474072
4.3499999999999295,0.30432450506008185,0.09839269913130895,0.19758454481637744,0.005207608264957898,0.007957127296474072
4.354999999999929,0.3044950775063904,0.09758651947998809,0.1978341411284755,0.005542702829874182,0.007957127296474072
4.359999999999929,0.30417590685002643,0.09724291198574492,0.19757556237268328,0.005560362411497655,0.007957127296474072
4.364999999999929,0.3034086622773945,0.09732691164761165,0.1968470181165775,0.005357767689831008,0.0015527311874118715
4.369999999999929,0.3022274886121278,0.09780237851328828,0.19568351254737393,0.005331351577667192,0.0015527311874118715
4.374999999999929,0.300896897525138,0.0987243765882723,0.19487026747122657,0.005361510615106796,0.0015527311874118715
4.379999999999929,0.29978743377763534,0.10019801114229183,0.19439778147058842,0.0056097455613106605,0.0015527311874118715
4.384999999999929,0.2989537253648376,0.10193186634104584,0.19422168935019202,0.00618188257228609,0.007335783518580981
4.389999999999929,0.29867549100382185,0.10312652431848188,0.19430782660702617,0.006627994895192264,0.007335783518580981
4.3949999999999285,0.2988276989101767,0.10381253004337584,0.1948258708858012,0.00653309170816116,0.007335783518580981
4.399999999999928,0.29925392182790495,0.10397748581146796,0.19604207245589408,0.0056605844630831115,0.007335783518580981
4.404999999999928,0.299830585981889,0.10361779697650303,0.1981322702786466,0.004074993298737288,0.00942957160315453
4.409999999999928,0.3006284820599033,0.10280685937594722,0.19936051401672683,0.002946589821940937,0.00942957160315453
4.414999999999928,0.3015637739664816,0.1015508833322227,0.19926729943876254,0.002321094190430347,0.00942957160315453
4.419999999999928,0.3025286959120802,0.09984533179350302,0.19817939161814954,0.0031197500140133605,0.00942957160315453
4.424999999999928,0.3033394281368318,0.09780832931690293,0.19665110509083375,0.005212513575699425,0.004082121695021446
4.429999999999928,0.3035830907347765,0.09633919881928803,0.19472661774112549,0.007351772911791836,0.004082121695021446
4.434999999999928,0.3033080733231659,0.09539710627033848,0.19244039654171857,0.00944868161409093,0.004082121695021446
4.439999999999928,0.30263822354749603,0.09495216975220777,0.19026355337981343,0.011280035748384465,0.004082121695021446
4.4449999999999275,0.301866419700097,0.095060650194918,0.18924044081438246,0.011985358270101101,0.01400322609143822
4.449999999999927,0.30100770408677835,0.09568032788949266,0.18928872130715166,0.01159338284991365,0.01400322609143822
4.454999999999927,0.3000563514546005,0.09676592283643173,0.19031051273242724,0.01021511596090833,0.01400322609143822
4.459999999999927,0.29928786970224575,0.09838641713312665,0.1915153221472803,0.008666056628806401,0.01400322609143822
4.464999999999927,0.29884231878873446,0.10003903999921981,0.19289861697189345,0.007195233896152106,0.01133711949467093
4.469999999999927,0.29890840907010247,0.10115358157567217,0.19443602756652603,0.005786200000900692,0.01133711949467093
4.474999999999927,0.2994398812591798,0.10178954636307878,0.19611317074339651,0.004315512815345977,0.01133711949467093
4.479999999999927,0.3001666899443116,0.10188750366046137,0.19777130112143884,0.002925329775784173,0.01133711949467093
4.484999999999927,0.30072887638583934,0.10134876914802221,0.19878770630649972,0.001954506331478962,0.0022842426977946403
4.4899999999999265,0.30114744108718966,0.10022732634204515,0.19922677330432523,0.0014022046345889688,0.0022842426977946403
4.494999999999926,0.30123713091128856,0.09909394279058217,0.1991311549637682,0.001762476738963772,0.0022842426977946403
4.499999999999926,0.3008616198272285,0.09839580363180785,0.19854054679499605,0.002333632012976872,0.0022842426977946403
4.504999999999926,0.3000605404285544,0.09810052000630495,0.1974924624660429,0.0031463365799197307,0.005722378607738346
4.509999999999926,0.29943618358450574,0.09845516352817871,0.1968194694297083,0.0035805283665417613,0.005722378607738346
4.514999999999926,0.2989646422879478,0.09940452337262334,0.19646208967441237,0.003734081878796654,0.005722378607738346
4.519999999999926,0.2987086619132582,0.10068522021254483,0.19639163601156592,0.003893246905473366,0.005722378607738346
4.524999999999926,0.29893944217867774,0.10151512418596673,0.1965821632480207,0.003886128182966905,0.005466353500908032
4.529999999999926,0.29961413662628966,0.10194230962370682,0.19700836840659194,0.0035876617466244643,0.005466353500908032
4.5349999999999255,0.30057312061454583,0.10194336767501821,0.19794346904401472,0.002886947303303069,0.005466353500908032
4.539999999999925,0.30145082162033976,0.10140973444793383,0.19898194115239567,0.0022646585625480217,0.005466353500908032
4.544999999999925,0.30200772457595093,0.10068171746638599,0.19943848452080393,0.002193398347366461,0.006187101983901189
4.549999999999925,0.302058615510716,0.10034906432148248,0.19934901030429233,0.002187128552557013,0.006187101983901189
4.554999999999925,0.3016473705782229,0.10038622096132505,0.19875719727548843,0.0020994177919162905,0.006187101983901189
4.559999999999925,0.3008478645562002,0.10077913746292239,0.19794994215170292,0.0023513116920464293,0.006187101983901189
4.564999999999925,0.29997201417875746,0.10120915998062444,0.19728088317275577,0.0029759783912416213,0.0039275341051658
4.569999999999925,0.2989848228704937,0.10205767134038857,0.19743792979967417,0.0034393022054955767,0.0039275341051658
4.574999999999925,0.29831751338771556,0.10288335554967593,0.19801476809719837,0.003884024476527496,0.0039275341051658
4.579999999999925,0.2981885242255021,0.10326198780693473,0.19881822984566833,0.003913896987894873,0.0039275341051658
4.5849999999999245,0.2984886231774865,0.10320089248960715,0.1993707431194623,0.0035952658943892474,0.003592514443302244
4.589999999999924,0.2987703108041275,0.10262177738792816,0.19984327023906015,0.0029000717936390995,0.003592514443302244
4.594999999999924,0.29896638398018466,0.10153611025893321,0.19996443387147167,0.0018518265992033944,0.003592514443302244
4.599999999999924,0.2992157467834725,0.10003848223118234,0.199399035223079,0.000988783420598353,0.003592514443302244
4.604999999999924,0.29963388213354825,0.09841421008288759,0.19867320195821844,0.0020998011803563662,0.0014400910099915706
4.609999999999924,0.29992021842157524,0.09747658704077274,0.19792204681849088,0.0032698421196742824,0.0014400910099915706
4.614999999999924,0.30010789720514985,0.0971599341436547,0.19753224245853204,0.003763966413071398,0.0014400910099915706
4.619999999999924,0.3001605240055668,0.09739881404424344,0.19769575650094529,0.0034787173549635166,0.0014400910099915706
4.624999999999924,0.30000516390664916,0.0981186502349854,0.19817648258605544,0.0026200609464689,0.005264612898200422
4.6299999999999235,0.2997397721219969,0.0992565139415581,0.19905023847619657,0.0012339112689674712,0.005264612898200422
4.634999999999923,0.29931022470180224,0.10075841560358989,0.2001245859609479,0.0010327177017160642,0.005264612898200422
4.639999999999923,0.2987178879011913,0.1023929144583281,0.2009074736173413,0.002862404479621585,0.005264612898200422
4.644999999999923,0.29827964317878836,0.10334255185351368,0.2010737736646666,0.003909638137813862,0.004856904097812895
4.649999999999923,0.29811144304139114,0.10373192472605941,0.20089673058803242,0.004277620284036021,0.004856904097812895
4.654999999999923,0.2981557446212574,0.10358944977660281,0.20018738397193808,0.004039868853529067,0.004856904097812895
4.659999999999923,0.2983356785145722,0.10293174777649872,0.19875342764814832,0.003594308509332874,0.004856904097812895
4.664999999999923,0.2986736289688795,0.1018128103527099,0.19722679576923688,0.0035687817518882206,0.008243357480212321
4.669999999999923,0.2991780156107725,0.10033579392574647,0.19590928222137785,0.004185975136218241,0.008243357480212321
4.6749999999999226,0.29984325822088415,0.09852885981545496,0.19514730098729005,0.005073214871840127,0.008243357480212321
4.6799999999999224,0.3006604429778872,0.09641716517444768,0.1951133293316732,0.006095280185103616,0.008243357480212321
4.684999999999922,0.3012512671015594,0.095002258056535,0.19579263413037443,0.006651693126851577,0.007724768011541372
4.689999999999922,0.30161986766374027,0.09422526886607442,0.19689251151297174,0.006754848304305146,0.007724768011541372
4.694999999999922,0.3018010051288176,0.09402416526518326,0.19833274785735652,0.006460181882812505,0.007724768011541372
4.699999999999922,0.30181727608592845,0.09435813953278106,0.20006740640213225,0.005927699851300152,0.007724768011541372
4.704999999999922,0.30165214115309713,0.09517589148980464,0.2017958684343673,0.0054061757963881785,0.0060395322730498096
4.709999999999922,0.30135082450395856,0.09639433828451147,0.20307502366603256,0.004927605279818475,0.0060395322730498096
4.714999999999922,0.30092131481847517,0.09798436799805968,0.20395194423133808,0.004530944335300777,0.0060395322730498096
4.719999999999922,0.3003667598132176,0.09991645149722156,0.20445119405463816,0.004467059617349416,0.0060395322730498096
4.7249999999999215,0.2997703650988983,0.10156328231907735,0.20398835828174006,0.00428994004392465,0.005815068573032727
4.729999999999921,0.2994482483267592,0.10257325886265138,0.2023311198394035,0.0035157091445110165,0.005815068573032727
4.734999999999921,0.29941091770948186,0.10302820126773088,0.19989774741819688,0.0030866610525573357,0.005815068573032727
4.739999999999921,0.29955914758174434,0.10293902240677191,0.19765386096088755,0.0037863665898901977,0.005815068573032727
4.744999999999921,0.2997506799797853,0.1022956264978953,0.19605600842053433,0.00457024409295773,0.0031747204171215055
4.749999999999921,0.29994435793175755,0.10118585262450613,0.19495945980008494,0.005178454208908889,0.0031747204171215055
4.754999999999921,0.3001950374253032,0.09966776613129363,0.19454469423909013,0.005468892016286395,0.0031747204171215055
4.759999999999921,0.300599878715012,0.09781321424381914,0.19515407950084132,0.00535021793017129,0.0031747204171215055
4.764999999999921,0.30090808534539126,0.09625295323036412,0.19670516034353175,0.005071582282699259,0.008440338052779274
4.7699999999999205,0.3008520583956772,0.09528171301857136,0.19824739071684172,0.005104887349215034,0.008440338052779274
4.77499999999992,0.3004713743003875,0.09483867029835594,0.19977648167584292,0.005187627440494649,0.008440338052779274
4.77999999999992,0.2998631737792795,0.09490929364578854,0.20112654457591414,0.005215660579543802,0.008440338052779274
4.78499999999992,0.29933968690436985,0.09556423418787391,0.20213466134692742,0.004966770660132528,0.004246886252664997
4.78999999999992,0.29887735669849474,0.09669453907912634,0.20278792624185263,0.004467542122000422,0.004246886252664997
4.79499999999992,0.29841759092511044,0.09824670105648933,0.2030488384597301,0.003856616602559522,0.004246886252664997
4.79999999999992,0.29795757005480294,0.10019024502670923,0.2029570468690353,0.0035988664099819738,0.004246886252664997
4.80499999999992,0.29753719461387396,0.10222397033297997,0.2021574662161275,0.003958044325880895,0.0033892873623063815
4.80999999999992,0.29730152593389725,0.10356234896066624,0.20150527571669966,0.004715712818469175,0.0033892873623063815
4.81499999999992,0.2971182289063924,0.10420828926102005,0.2012901633006019,0.005261066857833011,0.0033892873623063815
4.8199999999999195,0.29693467165980564,0.10421431907744229,0.20109999272994275,0.005326040473524352,0.0033892873623063815
4.824999999999919,0.2966813095700899,0.10360210197674502,0.200430654128715,0.004916737515774689,0.004346367727404991
4.829999999999919,0.29679477762205764,0.10265901161008531,0.1992195325058938,0.004237088946905327,0.004346367727404991
4.834999999999919,0.29717699675228265,0.10137943554627835,0.19762182566030434,0.003940546022183448,0.004346367727404991
4.839999999999919,0.2977626238328959,0.0997697024526146,0.19593696055733306,0.0046440476511470435,0.004346367727404991
4.844999999999919,0.29855564454388994,0.09786107938421937,0.19490527930759238,0.005711157765099188,0.00485061861187763
4.849999999999919,0.2990898759841423,0.09661908811601723,0.19491683351882233,0.006172314992518223,0.00485061861187763
4.854999999999919,0.2994344537504046,0.09601095350483699,0.1957755318025562,0.005837676425789458,0.00485061861187763
4.859999999999919,0.29964825014818636,0.09598513249088725,0.1973194313033953,0.0048402828028119675,0.00485061861187763
4.8649999999999185,0.29974896799576345,0.09650066628307324,0.19927431826379616,0.003582592289366921,0.003455171624767952
4.869999999999918,0.29979444945763517,0.09747866283061957,0.20074751579328326,0.0026378347196846356,0.003455171624767952
4.874999999999918,0.2997957823695123,0.0988902209445199,0.20178448908859425,0.0021113303152032466,0.003455171624767952
4.879999999999918,0.2997013383822489,0.10068375083504885,0.20253865697232995,0.0026460334823102893,0.003455171624767952
4.884999999999918,0.2991947130880724,0.10270165020670508,0.2025814136060903,0.003822446475180462,0.005249774893756013
4.889999999999918,0.2986385361235914,0.10392528780591573,0.20211489346431052,0.004661999851074582,0.005249774893756013
4.894999999999918,0.29804632004445525,0.10441694344554978,0.20117955590445663,0.004971680490701394,0.005249774893756013
4.899999999999918,0.2974165029034523,0.10425146212108091,0.19981222143081784,0.004978418243368097,0.005249774893756013
4.904999999999918,0.2970838387863074,0.10361947856541447,0.19822041808655222,0.004977100872637632,0.005989504834874343
4.9099999999999175,0.2968234710536235,0.10253435726605195,0.19682806118104634,0.005155045952301804,0.005989504834874343
4.914999999999917,0.2968565712863523,0.10112434265074272,0.1958775003520594,0.005304742578234547,0.005989504834874343
4.919999999999917,0.2973564044736702,0.0994916943802536,0.19527134348700192,0.005441246578479604,0.005989504834874343
4.924999999999917,0.2982756303671489,0.09764321693596445,0.1949630720778368,0.005822243548211567,0.007506194287361505
4.929999999999917,0.2992120074895764,0.09656543952262328,0.19492342517810685,0.006179704668632762,0.007506194287361505
4.934999999999917,0.30016862342802764,0.09619892605956626,0.1951274626081256,0.006182088449410809,0.007506194287361505
4.939999999999917,0.3011495488898072,0.09647230842814347,0.19555165691491347,0.005792566501892051,0.007506194287361505
4.944999999999917,0.30188431796581716,0.09723751571460812,0.19584559914946373,0.005333012286717055,0.006766123040585872
4.949999999999917,0.30222382971016076,0.09833649852450685,0.1964895894574826,0.004476118621727874,0.006766123040585872
4.954999999999917,0.30219475344636765,0.09974483002966889,0.19747206021517322,0.0033574594502110726,0.006766123040585872
4.9599999999999165,0.3017204945649896,0.1013973907322667,0.19808188764320134,0.002931204090486953,0.006766123040585872
4.964999999999916,0.30085537649730065,0.10312815397312468,0.19815149756107003,0.003732824332652168,0.00807991968985367
4.969999999999916,0.29996598572360533,0.10408321411610494,0.19772312787513321,0.00467524771129324,0.00807991968985367
4.974999999999916,0.29905680772298837,0.10433959959958092,0.19683474071233167,0.005453494541508943,0.00807991968985367
4.979999999999916,0.29829216899074096,0.1040222019646288,0.1961125788431437,0.005848661270002265,0.00807991968985367
4.984999999999916,0.29766159740351483,0.1031786311789292,0.19552853105156318,0.0059637117160158005,0.00815087236474947
4.989999999999916,0.2974800827282188,0.10204488607322856,0.19469698265492758,0.006217196721292031,0.00815087236474947
4.994999999999916,0.2977875493133473,0.10067030710487648,0.19420053131492052,0.00624324328253638,0.00815087236474947
4.999999999999916,0.2985374385419871,0.09906504993128071,0.19400991748970797,0.00623652997503977,0.00815087236474947
