# https://github.com/mikedh/trimesh

o geometry_0
v -0.00617048 0.01790722 0.04674469
v -0.00645324 0.01782178 0.04108043
v -0.00800312 0.01721486 0.04422887
v -0.00797615 0.01720490 0.03647230
v -0.00634752 0.01782654 0.03582964
v -0.00799314 0.01720948 0.03226106
v -0.00644724 0.01780043 0.02954210
v -0.00599107 0.01793394 0.07335110
v -0.00635156 0.01783149 0.06398389
v -0.00786643 0.01722244 0.07075473
v -0.00800917 0.01717314 0.07403028
v -0.00633305 0.01783428 0.08212832
v -0.00791410 0.01723393 0.06300293
v -0.00786290 0.01728407 0.05804614
v -0.00629924 0.01787987 0.05872597
v -0.00627050 0.01787931 0.05307240
v -0.00794272 0.01725686 0.05345855
v -0.00784533 0.01722415 0.07914586
v -0.00616001 0.01791203 0.08508385
v -0.00796556 0.01719532 0.08490569
v -0.00621196 0.01787960 0.08677777
v -0.00793833 0.01718880 0.08757021
v -0.00646437 0.01782209 0.09334216
v -0.00789003 0.01725285 0.09530350
v -0.00628216 0.01787046 0.09848502
v -0.00782057 0.01722476 0.09877601
v -0.00785743 0.01716361 0.02108461
v -0.00616837 0.01783409 0.02094366
v -0.00781264 0.01722770 0.01834419
v -0.00611245 0.01787386 0.01549986
v -0.00796869 0.01714532 0.01496768
v -0.00788269 0.01720984 0.00667464
v -0.00612578 0.01787797 0.01093896
v -0.00613266 0.01788546 0.00638912
v -0.00790490 0.01719592 0.01133909
v -0.00605797 0.01784199 0.00394278
v -0.00805897 0.01705039 0.00387785
v -0.00575288 0.01801805 0.08062952
v -0.00578087 0.01801046 0.03230624
v -0.00531363 0.01809155 0.02145283
v -0.00479904 0.01832435 0.09366200
v -0.00541234 0.01810507 0.06817726
v -0.00541385 0.01810332 0.06311975
v -0.00542959 0.01813377 0.05861600
v -0.00536103 0.01813282 0.05250800
v -0.00547804 0.01809543 0.03982207
v -0.00388611 0.01850520 0.01133215
v -0.00405157 0.01846744 0.00655480
v -0.00391509 0.01847467 0.01504646
v -0.00452117 0.01836689 0.09879115
v -0.00397363 0.01854400 0.09854449
v -0.00395593 0.01849762 0.08393849
v -0.00403168 0.01841450 0.00391975
v -0.00394024 0.01848029 0.08688225
v -0.00360588 0.01862906 0.09403151
v -0.00395736 0.01849374 0.08043201
v -0.00379056 0.01847956 0.07500647
v -0.00385471 0.01847628 0.07157267
v -0.00399970 0.01842799 0.06282102
v -0.00386254 0.01850573 0.05704674
v -0.00392830 0.01845626 0.04935145
v -0.00393645 0.01844198 0.03617353
v -0.00405230 0.01844452 0.04506802
v -0.00390779 0.01847638 0.04156815
v -0.00392554 0.01843875 0.02048634
v -0.00401993 0.01841819 0.02806096
v -0.00392383 0.01845994 0.03195701
v -0.00230549 0.01872829 0.07872889
v -0.00229835 0.01874803 0.08353755
v -0.00252007 0.01872050 0.08679325
v -0.00239455 0.01880685 0.09780696
v -0.00238541 0.01878213 0.09145765
v -0.00221537 0.01877258 0.01167155
v -0.00235873 0.01872549 0.00625643
v -0.00234342 0.01866808 0.00401413
v -0.00236222 0.01868289 0.01953822
v -0.00215092 0.01873258 0.01498986
v -0.00223390 0.01868440 0.02094629
v -0.00239419 0.01865200 0.02870508
v -0.00235348 0.01868430 0.04648307
v -0.00212931 0.01871875 0.05325765
v -0.00228524 0.01866539 0.03514466
v -0.00229215 0.01867895 0.03931640
v -0.00229716 0.01869255 0.04290118
v -0.00220191 0.01865934 0.06271166
v -0.00221445 0.01870369 0.05823479
v -0.00364659 0.01847975 0.06749473
v -0.00221598 0.01868712 0.07315461
v -0.00196198 0.01866445 0.06739056
v -0.00213064 0.01877932 0.09878514
v -0.00005222 0.01896199 0.09875770
v -0.00002605 0.01894821 0.09245854
v 0.00005623 0.01890479 0.08794514
v -0.00009436 0.01888586 0.08399433
v 0.00006273 0.01888439 0.07955517
v -0.00006028 0.01886792 0.01660059
v 0.00005914 0.01880610 0.07445524
v 0.00002757 0.01878030 0.06870461
v 0.00019039 0.01877890 0.06337850
v 0.00018664 0.01880562 0.05919650
v 0.00018220 0.01880138 0.05474244
v -0.00011092 0.01879325 0.05049759
v -0.00010515 0.01880586 0.04516946
v 0.00006028 0.01880338 0.03902030
v -0.00002828 0.01877945 0.03555181
v 0.00002271 0.01879761 0.03011237
v 0.00004826 0.01881304 0.02550091
v -0.00006658 0.01882129 0.02022782
v 0.00002218 0.01888385 0.00614745
v -0.00002208 0.01890687 0.01123978
v 0.00004621 0.01882841 0.00399340
v 0.00000373 0.01884061 0.01461436
v -0.00225175 0.01847398 0.00282833
v 0.00001755 0.01864694 0.00290439
v -0.00586904 0.01764384 0.00269583
v -0.00625471 0.01744028 0.00244656
v -0.00397753 0.01809319 0.00243853
v 0.00222970 0.01868559 0.06266728
v 0.00235098 0.01869041 0.07484038
v 0.00205519 0.01867514 0.06961003
v 0.00223433 0.01868806 0.05251796
v 0.00245755 0.01865451 0.03747174
v 0.00232332 0.01864222 0.03556071
v 0.00228807 0.01866256 0.04045955
v 0.00221387 0.01867517 0.04689840
v 0.00221259 0.01866943 0.05644896
v 0.00219287 0.01867936 0.02023337
v 0.00190137 0.01873861 0.01642686
v 0.00204766 0.01868159 0.02472683
v 0.00259677 0.01863510 0.03147834
v 0.00210021 0.01870587 0.01483088
v 0.00179233 0.01877653 0.08155526
v 0.00226194 0.01876039 0.01161227
v 0.00231238 0.01880741 0.09803720
v 0.00170295 0.01884291 0.09881887
v 0.00255939 0.01877033 0.09266925
v 0.00254465 0.01868802 0.08420591
v 0.00240232 0.01871319 0.00656278
v 0.00226366 0.01866584 0.00382513
v 0.00319415 0.01860292 0.07987047
v 0.00295508 0.01857553 0.02464880
v 0.00388117 0.01844256 0.04235451
v 0.00389601 0.01842585 0.03788631
v 0.00386188 0.01841125 0.07006291
v 0.00334287 0.01852625 0.06094774
v 0.00406773 0.01840399 0.05512855
v 0.00373694 0.01844860 0.04715381
v 0.00387543 0.01843867 0.07456171
v 0.00377915 0.01857992 0.09856155
v 0.00399152 0.01838492 0.03509109
v 0.00386352 0.01843394 0.02949416
v 0.00394368 0.01841833 0.00393417
v 0.00408235 0.01845083 0.00651510
v 0.00391455 0.01848267 0.01130902
v 0.00395375 0.01841550 0.01545771
v 0.00407076 0.01838696 0.01969465
v 0.00398441 0.01845398 0.08354813
v 0.00396457 0.01846843 0.08755598
v 0.00425128 0.01834086 0.06317602
v 0.00229820 0.01846311 0.00280926
v 0.00458019 0.01824138 0.02166190
v 0.00484166 0.01820187 0.05047421
v 0.00437121 0.01841670 0.09262607
v 0.00476789 0.01827122 0.08138318
v 0.00555143 0.01800722 0.07436153
v 0.00534785 0.01808408 0.03798428
v 0.00538149 0.01808113 0.04263098
v 0.00384830 0.01819444 0.00268231
v 0.00534644 0.01806420 0.03192827
v 0.00569032 0.01795416 0.02027242
v 0.00607005 0.01784148 0.01608792
v 0.00535699 0.01805540 0.02552175
v 0.00555897 0.01803008 0.01041805
v 0.00563739 0.01800903 0.05977811
v 0.00637489 0.01774273 0.06973043
v 0.00638975 0.01776609 0.05185254
v 0.00605617 0.01791088 0.08446205
v 0.00561384 0.01803509 0.08858159
v 0.00655105 0.01770805 0.08019851
v 0.00576996 0.01793959 0.00399061
v 0.00628708 0.01780830 0.00633425
v 0.00695395 0.01754103 0.07490919
v 0.00631102 0.01775643 0.03541017
v 0.00561222 0.01807667 0.09811249
v 0.00658580 0.01769061 0.01066516
v 0.00437140 0.01838316 0.09881729
v 0.00645690 0.01774713 0.04428305
v 0.00688013 0.01760877 0.05801004
v 0.00675219 0.01762447 0.06372441
v 0.00675138 0.01770528 0.09491363
v 0.00652290 0.01769082 0.02651580
v 0.00671392 0.01760261 0.02150969
v 0.00689907 0.01755345 0.03413179
v 0.00714774 0.01747999 0.03746260
v 0.00592331 0.01764028 0.00260679
v 0.00684242 0.01761955 0.08798065
v -0.00008676 0.01829099 0.00185930
v 0.00207064 0.01822111 0.00201378
v 0.00756440 0.01735681 0.09858657
v 0.00705433 0.01746487 0.00405193
v 0.00789615 0.01722311 0.05890702
v 0.00783119 0.01720974 0.05289396
v 0.00782942 0.01715485 0.01922196
v 0.00762816 0.01731376 0.08494030
v -0.00202310 0.01810329 0.00177204
v 0.00803800 0.01708265 0.06916176
v 0.00782909 0.01719317 0.08214919
v 0.00795171 0.01712755 0.07401974
v 0.00808230 0.01709425 0.04500829
v 0.00830315 0.01696054 0.04111045
v 0.00782716 0.01726756 0.09547076
v 0.00807652 0.01708778 0.08696196
v 0.00772202 0.01720977 0.02925731
v 0.00814457 0.01702758 0.02611724
v 0.00803365 0.01705117 0.02336895
v 0.00783692 0.01717020 0.01233319
v 0.00814707 0.01699485 0.00411519
v 0.00835073 0.01695410 0.06407677
v 0.00446286 0.01782927 0.00201913
v 0.00685284 0.01754511 0.09880176
v 0.00856651 0.01682841 0.03738070
v 0.00860221 0.01678267 0.03187957
v 0.00724813 0.01704204 0.00238080
v 0.00887944 0.01675105 0.05840896
v 0.00876420 0.01676391 0.05262333
v 0.00896901 0.01663780 0.07395748
v 0.00880014 0.01668271 0.01956547
v 0.00879996 0.01672539 0.08436091
v 0.00873476 0.01673797 0.08010274
v 0.00926543 0.01645205 0.01094019
v 0.00974408 0.01621411 0.06730796
v 0.00973560 0.01617132 0.02648900
v 0.00993578 0.01606286 0.03564941
v 0.00879774 0.01676521 0.09426727
v 0.00959993 0.01631985 0.04507132
v 0.00870403 0.01676820 0.09875895
v 0.00969702 0.01617201 0.01512715
v 0.01014082 0.01590879 0.02025644
v 0.01028027 0.01588510 0.08420224
v 0.00975367 0.01620410 0.07452293
v 0.00999286 0.01604042 0.08038080
v 0.00852237 0.01648655 0.00260089
v 0.01002637 0.01599797 0.00644715
v 0.01013234 0.01596151 0.04284849
v 0.00969379 0.01630288 0.05860931
v 0.00970706 0.01623968 0.05181515
v 0.01008445 0.01590680 0.00405363
v 0.00978120 0.01620598 0.09356021
v 0.01025820 0.01583936 0.09854497
v 0.00976633 0.01576851 0.00259850
v 0.01043484 0.01573387 0.02790238
v 0.00341469 0.01767405 0.00134984
v 0.01089561 0.01541637 0.01072482
v 0.01063661 0.01556293 0.01425793
v 0.01079952 0.01554250 0.06841268
v 0.01061351 0.01565243 0.07432972
v 0.01082662 0.01551617 0.06317848
v 0.01093505 0.01547377 0.06043377
v 0.01088589 0.01548675 0.04468420
v 0.01063501 0.01564983 0.09376503
v 0.01062214 0.01563341 0.08694293
v 0.01067894 0.01563095 0.05554529
v 0.01065514 0.01560480 0.05122357
v 0.00548032 0.01726770 0.00151147
v -0.00396806 0.01768720 0.00153833
v -0.00613998 0.01781541 0.09880391
v 0.01125152 0.01516679 0.03213084
v 0.01137513 0.01507009 0.08162412
v 0.01133327 0.01506964 0.03651458
v 0.01127684 0.01513466 0.04217085
v 0.01123486 0.01513265 0.01903718
v 0.01136728 0.01503725 0.02576816
v 0.01120119 0.01522344 0.07433824
v 0.01159252 0.01487826 0.00662742
v 0.01187606 0.01458095 0.00404315
v -0.00909245 0.01664837 0.02902560
v -0.00802402 0.01671339 0.00248110
v 0.01164938 0.01485515 0.08575329
v 0.01247275 0.01418320 0.09177702
v 0.01196060 0.01462341 0.09529009
v 0.01170370 0.01473493 0.09875888
v 0.01101367 0.01487846 0.00253927
v 0.01172904 0.01477071 0.05168740
v 0.01221398 0.01446877 0.05971486
v 0.01219501 0.01441880 0.05628332
v 0.01230091 0.01426844 0.01519366
v 0.01213087 0.01442057 0.01982296
v 0.01216886 0.01441805 0.01058626
v 0.01233270 0.01430850 0.07941368
v 0.01212101 0.01448234 0.06335001
v 0.01232326 0.01431488 0.07109326
v 0.01345412 0.01333671 0.07773676
v 0.01340090 0.01334920 0.08534382
v 0.01233762 0.01428856 0.04414805
v 0.01239767 0.01418087 0.03683537
v 0.01267797 0.01392085 0.02596619
v 0.01308111 0.01359778 0.01963584
v 0.01303441 0.01361240 0.01575507
v 0.01243522 0.01417903 0.03240693
v 0.01285682 0.01377712 0.09875962
v 0.00777761 0.01633470 0.00151498
v 0.01312378 0.01356721 0.00643208
v 0.01319983 0.01350397 0.01078253
v 0.01340501 0.01337410 0.09556150
v 0.01308316 0.01352341 0.00410274
v 0.01348383 0.01322343 0.05344537
v 0.01339590 0.01332672 0.04520394
v 0.01330939 0.01333952 0.03767029
v 0.01334591 0.01340703 0.07158506
v 0.01344546 0.01332009 0.06105326
v 0.01350307 0.01322749 0.09226292
v 0.00078278 0.01765667 0.00090671
v 0.01289876 0.01325953 0.00252174
v 0.01338797 0.01327179 0.03291861
v 0.01354134 0.01308098 0.02704261
v 0.01376211 0.01290103 0.09875720
v 0.01020542 0.01481621 0.00145200
v 0.01207172 0.01371419 0.00195595
v 0.01412675 0.01250251 0.01997099
v 0.01459270 0.01195848 0.01608542
v 0.01424436 0.01238573 0.01212992
v 0.01466490 0.01189119 0.02181533
v 0.01467470 0.01190008 0.04219114
v 0.01463926 0.01189402 0.03706089
v 0.01469300 0.01185591 0.03175512
v 0.01477779 0.01172644 0.02765485
v 0.01469636 0.01188264 0.05465180
v 0.01470043 0.01186044 0.05001888
v 0.01457199 0.01201829 0.00614532
v 0.01458285 0.01193263 0.00404779
v 0.01414564 0.01192789 0.00244902
v 0.01425444 0.01241752 0.09194315
v 0.01464563 0.01197412 0.09541027
v 0.01477376 0.01173778 0.09856972
v 0.01018428 0.01571093 0.09881996
v 0.01477005 0.01177716 0.01073149
v 0.01461448 0.01196791 0.07246172
v 0.01465297 0.01190963 0.06598840
v 0.01466741 0.01191507 0.08071071
v 0.01478147 0.01173691 0.08573922
v -0.00195412 0.01760372 0.00096047
v 0.00537885 0.01682869 0.00089797
v -0.00955107 0.01634648 0.06911316
v -0.00964475 0.01631558 0.06363290
v -0.00953370 0.01640402 0.06029398
v -0.00964248 0.01635929 0.05523194
v -0.00980529 0.01628039 0.04764187
v -0.00889425 0.01668074 0.07897146
v -0.00997388 0.01610899 0.07369392
v -0.00991333 0.01609131 0.02069494
v -0.00992026 0.01607032 0.01493442
v -0.01011243 0.01608196 0.03621780
v -0.01025158 0.01603248 0.04018781
v -0.01021184 0.01602728 0.04552552
v -0.00563400 0.01715828 0.00150095
v -0.01008251 0.01603704 0.00693201
v -0.00995813 0.01610565 0.01063155
v -0.01004347 0.01598297 0.00405752
v -0.00981479 0.01573176 0.00257280
v -0.01020294 0.01602831 0.02757016
v -0.00981191 0.01619349 0.08518177
v -0.01010974 0.01603682 0.09304851
v -0.01011439 0.01598750 0.09813643
v -0.00919285 0.01645827 0.09879236
v -0.01027506 0.01587942 0.07963605
v -0.01044479 0.01580553 0.07166268
v 0.00938249 0.01491208 0.00091252
v -0.01057455 0.01573922 0.06166013
v -0.00743729 0.01644126 0.00146476
v -0.01054948 0.01580745 0.03319677
v 0.00345113 0.01724015 0.00082677
v -0.01028795 0.01588401 0.08531448
v 0.00770929 0.01587013 0.00090683
v -0.01099767 0.01546148 0.05565985
v -0.01074218 0.01545174 0.09878471
v 0.01579178 0.01046402 0.09056365
v -0.01166257 0.01492504 0.01093203
v -0.01164885 0.01487357 0.01579532
v -0.01169753 0.01484713 0.02099121
v -0.01146317 0.01507920 0.07333144
v -0.01142343 0.01507011 0.07489254
v -0.01178254 0.01476730 0.09532506
v -0.01175554 0.01477752 0.08695052
v -0.01172109 0.01481072 0.08427954
v -0.01171801 0.01481220 0.08056836
v -0.01167653 0.01494590 0.06214146
v -0.01157238 0.01498799 0.06982428
v -0.01047209 0.01576401 0.02391559
v -0.01174037 0.01493453 0.03533627
v -0.01182411 0.01486283 0.02737653
v -0.01169559 0.01497496 0.03995724
v -0.01167596 0.01497760 0.04644024
v -0.01176099 0.01483904 0.00692375
v -0.01187099 0.01480235 0.05412361
v -0.01172690 0.01473077 0.00386214
v -0.01120646 0.01473655 0.00254885
v -0.00860850 0.01592471 0.00160293
v -0.00483446 0.01695514 0.00089606
v -0.01220914 0.01434251 0.09878910
v -0.01338207 0.01339073 0.09814368
v -0.01269021 0.01400414 0.01540665
v -0.01339412 0.01345774 0.01078196
v -0.01340102 0.01342941 0.00701336
v -0.01332588 0.01338264 0.00410887
v -0.01256929 0.01424191 0.03327044
v -0.01309957 0.01373680 0.05997162
v -0.01305871 0.01366844 0.07899522
v -0.01336615 0.01339409 0.08289524
v -0.01335346 0.01340015 0.08651387
v -0.01343835 0.01334768 0.09227357
v -0.01345535 0.01329788 0.07521760
v -0.01284015 0.01386401 0.02154516
v -0.01321930 0.01363113 0.02750020
v -0.01003960 0.01496480 0.00150147
v -0.01321443 0.01365299 0.04299784
v -0.01342460 0.01342457 0.05425330
v -0.01332442 0.01351270 0.03695537
v -0.01339653 0.01339361 0.07319824
v -0.01334470 0.01344878 0.06925636
v -0.01330015 0.01350031 0.06361434
v -0.01245438 0.01389908 0.00308181
v -0.01346923 0.01326698 0.01765834
v -0.01373345 0.01306150 0.02567387
v -0.01364955 0.01322601 0.04164201
v -0.01286478 0.01327136 0.00245605
v -0.01373076 0.01289386 0.09880502
v -0.01357633 0.01322378 0.06635212
v -0.01180053 0.01369227 0.00158689
v -0.01353609 0.01330719 0.04852434
v 0.01120188 0.01356618 0.00088177
v -0.01373691 0.01309603 0.03411251
v -0.01369968 0.01311540 0.06046932
v -0.01391929 0.01276788 0.08026891
v -0.01394005 0.01228538 0.00271689
v 0.01381285 0.01162943 0.00150877
v 0.01296324 0.01196106 0.00090365
v -0.01345033 0.01198521 0.00147633
v 0.00003023 -0.01884631 0.04025428
v -0.00234641 -0.01871604 0.04101825
v -0.00237616 -0.01872297 0.03738800
v 0.00008051 -0.01883946 0.03562385
v 0.00013050 -0.01881820 0.03108053
v -0.00241529 -0.01868314 0.03093041
v -0.00241866 -0.01869796 0.02461968
v 0.00010539 -0.01884712 0.02317136
v -0.00230094 -0.01870484 0.01632392
v 0.00005355 -0.01882072 0.01611245
v -0.00226158 -0.01875373 0.01113397
v 0.00004125 -0.01886471 0.01173801
v -0.00211013 -0.01882808 0.06355285
v -0.00237277 -0.01880084 0.05672310
v -0.00017149 -0.01888692 0.05408289
v -0.00017076 -0.01891669 0.06281065
v -0.00018349 -0.01894066 0.07503755
v -0.00204361 -0.01884017 0.07424358
v -0.00231714 -0.01880566 0.08139973
v -0.00251469 -0.01879928 0.08737610
v 0.00004693 -0.01896227 0.08641963
v 0.00000505 -0.01900919 0.09302282
v -0.00248294 -0.01885213 0.09445426
v -0.00022310 -0.01898188 0.09878157
v -0.00233373 -0.01883992 0.09874423
v -0.00230776 -0.01876862 0.05026938
v -0.00238440 -0.01875421 0.04684164
v 0.00009579 -0.01886884 0.04578517
v 0.00014576 -0.01899843 0.09800207
v 0.00023208 -0.01890524 0.05821839
v 0.00025074 -0.01893882 0.07204841
v 0.00026589 -0.01895250 0.07980659
v -0.00003052 -0.01891308 0.00961571
v -0.00228848 -0.01878617 0.00676241
v 0.00002316 -0.01891180 0.00639859
v 0.00013083 -0.01883308 0.00398991
v -0.00227123 -0.01871188 0.00388991
v -0.00271082 -0.01875667 0.07436833
v 0.00241725 -0.01869323 0.04046641
v 0.00248056 -0.01875303 0.05676048
v 0.00130003 -0.01880685 0.05308303
v 0.00239948 -0.01870280 0.04925184
v 0.00240203 -0.01878309 0.06678639
v 0.00246241 -0.01878187 0.07855040
v 0.00260070 -0.01876887 0.08761556
v 0.00251392 -0.01880517 0.09440514
v 0.00227223 -0.01880052 0.09876713
v 0.00223101 -0.01869927 0.02827754
v 0.00260554 -0.01867995 0.02311477
v 0.00242259 -0.01865920 0.01666376
v 0.00240487 -0.01873155 0.01086682
v 0.00250043 -0.01873583 0.00705451
v 0.00249239 -0.01864864 0.00379626
v 0.00274912 -0.01862043 0.03054496
v -0.00394373 -0.01847859 0.00421722
v 0.00342195 -0.01865862 0.09432888
v 0.00408760 -0.01849405 0.09882057
v 0.00412895 -0.01845028 0.01003819
v 0.00407785 -0.01840712 0.01334169
v 0.00430606 -0.01831858 0.01715136
v 0.00402250 -0.01848133 0.00698816
v 0.00410972 -0.01837811 0.00377154
v 0.00427690 -0.01837474 0.04406238
v 0.00410357 -0.01837773 0.03170974
v 0.00393779 -0.01842839 0.02450724
v 0.00406254 -0.01840660 0.04995009
v 0.00416986 -0.01844648 0.05897517
v 0.00299625 -0.01864156 0.05683796
v 0.00348845 -0.01856823 0.07225307
v 0.00378767 -0.01853441 0.08570332
v 0.00425250 -0.01840267 0.07267622
v 0.00516510 -0.01811612 0.02717738
v 0.00471156 -0.01834557 0.09352512
v 0.00503566 -0.01820412 0.08521943
v 0.00007504 -0.01859662 0.00261677
v 0.00530999 -0.01808180 0.04949612
v 0.00570843 -0.01797016 0.03960999
v 0.00541617 -0.01809531 0.05710389
v 0.00629663 -0.01777709 0.01971264
v 0.00616399 -0.01786488 0.01020818
v 0.00619149 -0.01781453 0.01189220
v 0.00617657 -0.01779246 0.01722473
v 0.00637339 -0.01775758 0.02741255
v 0.00619008 -0.01779025 0.00385846
v 0.00621414 -0.01784573 0.00668651
v 0.00627086 -0.01779081 0.07159374
v 0.00620253 -0.01786234 0.09878607
v 0.00652142 -0.01778491 0.09297436
v 0.00636690 -0.01778896 0.08333539
v 0.00641431 -0.01773967 0.04246148
v 0.00642567 -0.01772033 0.05018026
v 0.00640426 -0.01776566 0.05770902
v 0.00232946 -0.01841648 0.00258377
v 0.00394418 -0.01811074 0.00246173
v -0.00206765 -0.01847891 0.00260229
v -0.00392983 -0.01849736 0.01012295
v -0.00380411 -0.01845658 0.01658125
v -0.00391197 -0.01844511 0.02587355
v -0.00394401 -0.01843095 0.03144834
v -0.00410392 -0.01842397 0.03813300
v -0.00399114 -0.01847943 0.04587806
v -0.00379823 -0.01857040 0.07242949
v -0.00400953 -0.01853699 0.06077580
v -0.00364943 -0.01856985 0.08224130
v -0.00399288 -0.01849609 0.05026783
v -0.00392339 -0.01857108 0.09863135
v -0.00363894 -0.01863489 0.09297181
v -0.00384712 -0.01852936 0.08823361
v -0.00432100 -0.01846224 0.07317309
v -0.00444970 -0.01838860 0.08171580
v -0.00372475 -0.01826364 0.00262467
v -0.00601153 -0.01789874 0.01641505
v -0.00555055 -0.01802468 0.02407732
v -0.00565991 -0.01802835 0.03783542
v -0.00553644 -0.01809511 0.05019539
v -0.00600357 -0.01796182 0.04640849
v -0.00632910 -0.01791073 0.05943380
v -0.00581770 -0.01802551 0.06555775
v -0.00647218 -0.01784320 0.07866000
v -0.00653257 -0.01781133 0.08709576
v -0.00642026 -0.01788040 0.09214176
v -0.00449196 -0.01841089 0.09880217
v -0.00587430 -0.01800851 0.09860784
v -0.00613857 -0.01789468 0.01138621
v -0.00603612 -0.01791985 0.00671373
v -0.00598076 -0.01790884 0.00409048
v -0.00636335 -0.01784545 0.05129317
v -0.00641865 -0.01776433 0.02394651
v -0.00656580 -0.01773117 0.03438004
v -0.00697433 -0.01759523 0.03874551
v -0.00674141 -0.01770115 0.04595572
v -0.00582620 -0.01781791 0.00313926
v -0.00651826 -0.01779489 0.06579011
v -0.00738024 -0.01745607 0.09867581
v 0.00625770 -0.01745091 0.00245400
v 0.00777560 -0.01716888 0.01746764
v 0.00828205 -0.01697548 0.01211794
v 0.00807038 -0.01710349 0.01004638
v 0.00809201 -0.01707617 0.00623463
v 0.00791788 -0.01713798 0.03387517
v 0.00802082 -0.01704703 0.01894071
v 0.00812687 -0.01699352 0.00411498
v 0.00808715 -0.01703175 0.04112421
v 0.00803316 -0.01703154 0.05124657
v 0.00789056 -0.01711234 0.05795315
v 0.00816858 -0.01695838 0.07163111
v 0.00834476 -0.01688430 0.07667777
v 0.00797636 -0.01705225 0.08483027
v 0.00806788 -0.01708963 0.09447649
v 0.00786295 -0.01715275 0.09877385
v 0.00836182 -0.01691070 0.02352605
v 0.00821602 -0.01679830 0.00312598
v 0.00230524 -0.01811355 0.00179528
v 0.00005241 -0.01816192 0.00155451
v -0.00191360 -0.01806998 0.00155270
v -0.00772984 -0.01721614 0.01586888
v -0.00783060 -0.01718369 0.02281375
v -0.00759576 -0.01731330 0.03554813
v -0.00781572 -0.01723539 0.03872351
v -0.00821620 -0.01703073 0.04301499
v -0.00796099 -0.01715632 0.01030460
v -0.00795988 -0.01714823 0.00672448
v -0.00772003 -0.01721827 0.00401576
v -0.00779352 -0.01726330 0.04955976
v -0.00776478 -0.01726643 0.05397976
v -0.00806306 -0.01716228 0.05839144
v -0.00739488 -0.01718682 0.00299613
v -0.00567154 -0.01758025 0.00219865
v -0.00780204 -0.01727986 0.09488439
v -0.00797631 -0.01716080 0.07237663
v -0.00785504 -0.01721962 0.08493064
v -0.00798851 -0.01713563 0.06082853
v -0.00809813 -0.01703939 0.06494788
v -0.00857505 -0.01678894 0.01656968
v -0.00875359 -0.01673513 0.03544635
v -0.00944143 -0.01635656 0.02534147
v -0.00968441 -0.01622163 0.03014295
v -0.00893155 -0.01670069 0.09368893
v -0.00910197 -0.01657590 0.09879378
v -0.00883009 -0.01672194 0.08574744
v -0.00889071 -0.01668314 0.07625856
v -0.00930513 -0.01640647 0.00385454
v -0.00932468 -0.01644838 0.04848339
v -0.00918860 -0.01649126 0.05345261
v -0.00971248 -0.01620239 0.01086806
v -0.01018513 -0.01591564 0.00423429
v -0.01013979 -0.01590919 0.01780946
v -0.00961231 -0.01626060 0.05968873
v -0.00680590 -0.01699884 0.00178218
v -0.00408170 -0.01765667 0.00141350
v -0.00530040 -0.01713409 0.00115309
v -0.00870577 -0.01644008 0.00258506
v -0.00985752 -0.01611042 0.03751870
v -0.01035431 -0.01579161 0.04548600
v -0.00969126 -0.01621458 0.07447540
v -0.01014397 -0.01588038 0.07049413
v -0.00967086 -0.01613869 0.06462508
v -0.00983138 -0.01618513 0.09274767
v -0.00969642 -0.01622013 0.08528372
v -0.00964882 -0.01623283 0.07991726
v -0.00676448 -0.01760601 0.09883629
v -0.01035206 -0.01584652 0.09345953
v 0.00439119 -0.01761406 0.00156609
v -0.01026456 -0.01552566 0.00265213
v 0.00878785 -0.01667144 0.09876399
v 0.00884676 -0.01661240 0.05754028
v 0.00890346 -0.01655635 0.04703381
v 0.00973502 -0.01614585 0.06146910
v 0.00973718 -0.01615261 0.07121313
v 0.00969008 -0.01616255 0.07654169
v 0.01002530 -0.01598424 0.04626516
v 0.00998617 -0.01603500 0.04153354
v 0.00980740 -0.01612862 0.05697630
v 0.00977300 -0.01607545 0.08358706
v 0.00948609 -0.01625035 0.08710524
v 0.00990004 -0.01608369 0.07408727
v 0.00998931 -0.01599660 0.03806755
v 0.00986336 -0.01611068 0.02587126
v 0.00961162 -0.01619178 0.01903108
v 0.01007816 -0.01597977 0.03270190
v 0.01007962 -0.01596631 0.01490642
v 0.00812302 -0.01655351 0.00216873
v 0.01004734 -0.01598829 0.00682754
v 0.01005616 -0.01600021 0.00976318
v 0.01001742 -0.01599597 0.01133598
v 0.00999861 -0.01599528 0.09627808
v 0.01016926 -0.01582148 0.00399867
v 0.01046334 -0.01572003 0.06887830
v 0.01061635 -0.01561181 0.06139706
v 0.01060719 -0.01564274 0.05747898
v 0.00616793 -0.01700357 0.00139927
v 0.00983809 -0.01606351 0.09807125
v 0.01033999 -0.01578065 0.02122815
v 0.01029022 -0.01575966 0.08718759
v 0.01056531 -0.01563781 0.04848140
v 0.01042589 -0.01567847 0.01900223
v 0.01050513 -0.01569716 0.02598173
v 0.01032443 -0.01575050 0.07652488
v 0.00993971 -0.01559745 0.00244482
v 0.01033540 -0.01565411 0.09877345
v 0.01093141 -0.01539214 0.07119666
v 0.01187766 -0.01471751 0.04384385
v 0.01178592 -0.01475819 0.05301382
v 0.01190899 -0.01464206 0.03732203
v 0.01188206 -0.01467536 0.06551923
v 0.01185082 -0.01472368 0.05820192
v 0.01188261 -0.01467185 0.03189777
v 0.01187398 -0.01469107 0.02515681
v 0.01183317 -0.01467169 0.01930496
v 0.01190784 -0.01464361 0.01389513
v 0.01188454 -0.01464143 0.01090843
v 0.01174976 -0.01463155 0.08506693
v 0.01178467 -0.01465829 0.07719146
v 0.01183801 -0.01469663 0.07113951
v 0.01187067 -0.01463713 0.00707817
v 0.01183935 -0.01456427 0.00400034
v 0.01183955 -0.01459321 0.09642841
v 0.01157776 -0.01469886 0.09875271
v 0.01144385 -0.01465247 0.00293392
v 0.00830026 -0.01610100 0.00148905
v 0.00224940 -0.01754747 0.00089425
v 0.01118244 -0.01448947 0.00199513
v 0.01279761 -0.01359046 0.00326317
v 0.01021556 -0.01488084 0.00142450
v 0.00362830 -0.01720645 0.00079295
v -0.00872092 -0.01591301 0.00150456
v 0.00006734 -0.01761793 0.00081789
v 0.01257548 -0.01342087 0.00220229
v -0.00202243 -0.01752159 0.00082284
v 0.00561528 -0.01674643 0.00085515
v -0.00737929 -0.01649176 0.00136074
v 0.00799182 -0.01573878 0.00085221
v -0.00387042 -0.01715459 0.00075088
v 0.01243127 -0.01311633 0.00145513
v -0.01029657 -0.01491047 0.00148922
v 0.01032606 -0.01433415 0.00089132
v 0.01218605 -0.01281783 0.00090500
v -0.01800239 0.00471671 0.09892149
v -0.01460696 -0.00390893 0.09898262
v -0.01467072 0.00369196 0.09898043
v -0.01695466 0.00726977 0.09891248
v -0.01601101 0.00916776 0.09891676
v -0.01449729 0.01131141 0.09892567
v -0.01261155 0.00745023 0.09897419
v -0.01016114 0.01002632 0.09901030
v -0.01272268 0.01319439 0.09893592
v -0.00959214 0.01505315 0.09892924
v -0.00440374 0.01420293 0.09898514
v -0.00632074 0.01727333 0.09890497
v 0.00209343 0.01532522 0.09899744
v -0.00092240 0.01303889 0.09905700
v 0.00063946 0.01314008 0.09905919
v 0.00364581 0.01283219 0.09905914
v 0.00337693 0.01797928 0.09891542
v 0.00761027 0.01660389 0.09890720
v 0.01181548 0.01389958 0.09887306
v 0.00979019 0.01080160 0.09896490
v 0.01525318 0.00803652 0.09890367
v 0.01226284 0.00608055 0.09899757
v 0.01264741 0.00402483 0.09904949
v -0.00308654 0.01821828 0.09888840
v -0.00334961 0.01285654 0.09904851
v -0.00513425 0.01203424 0.09905012
v -0.01152864 0.00634089 0.09903159
v -0.01276161 0.00355404 0.09906931
v -0.01213344 0.00501162 0.09905339
v -0.01329253 -0.00083447 0.09902948
v -0.01320890 0.00178338 0.09904222
v -0.01282383 -0.00360327 0.09905711
v -0.00644897 0.01137498 0.09907524
v 0.01507647 0.01114036 0.09881986
v 0.01320014 0.00131593 0.09904055
v 0.01662474 0.00217537 0.09893573
v 0.01773511 0.00586075 0.09885929
v 0.01844614 0.00281297 0.09887380
v 0.01591390 0.01013056 0.09879877
v 0.01685467 -0.00547950 0.09890175
v 0.01803734 -0.00483436 0.09885545
v 0.01552009 -0.00458530 0.09892771
v 0.00985037 -0.01513645 0.09887750
v 0.00537325 -0.01385713 0.09898868
v 0.00723404 -0.01685854 0.09890368
v 0.01204924 -0.01051864 0.09894194
v 0.01422751 -0.01141954 0.09888937
v 0.01565392 -0.00933819 0.09888526
v 0.01088830 -0.00867144 0.09900219
v 0.01301477 -0.00324134 0.09902467
v 0.00920945 -0.00948758 0.09906174
v 0.01765717 -0.00650294 0.09881891
v 0.00779215 -0.01078288 0.09904292
v 0.00186309 -0.01806160 0.09890235
v 0.00183812 -0.01321200 0.09905623
v 0.00527876 -0.01764429 0.09890099
v -0.00440673 -0.01392955 0.09899244
v -0.00641878 -0.01740107 0.09888836
v -0.00374051 -0.01717274 0.09889510
v -0.00106051 -0.01326293 0.09901988
v -0.00912230 -0.01592970 0.09887739
v -0.01172772 -0.00627788 0.09902173
v -0.01346162 -0.01245440 0.09889653
v -0.01034288 -0.01028449 0.09901313
v -0.01605215 -0.00813970 0.09887400
v -0.01754707 -0.00618546 0.09887188
v -0.01815370 -0.00404901 0.09888580
v -0.01851472 0.00216714 0.09888729
v -0.01181498 -0.01386081 0.09889651
v -0.00442634 -0.01819788 0.09883806
v 0.00582267 -0.01189632 0.09905891
v 0.00347148 -0.01274924 0.09910373
v 0.00213139 -0.01301688 0.09907734
v -0.00580317 -0.01193232 0.09905232
v -0.00306715 -0.01286578 0.09905990
v -0.00799348 0.01047051 0.09908386
v -0.00954447 0.01592521 0.09888290
v -0.00978153 0.00882228 0.09908605
v -0.01093793 0.00729312 0.09911118
v 0.01298884 -0.01331244 0.09883011
v 0.01100147 0.00740149 0.09904097
v 0.00977913 0.00875250 0.09907809
v 0.00767423 0.01079029 0.09904402
v 0.00482210 0.01220490 0.09907812
v 0.01046833 -0.00802634 0.09906864
v 0.01105637 -0.00702527 0.09909089
v -0.01903581 -0.00035615 0.09882784
v -0.01530288 -0.01092496 0.09881520
v -0.01604510 -0.00972097 0.09882838
v -0.00837561 -0.01017925 0.09910779
v -0.00988509 -0.00871339 0.09913060
v -0.01100108 -0.00720101 0.09906952
v -0.01080548 -0.01539938 0.09882309
v 0.01018428 0.01571093 0.09881996
v -0.01699845 -0.00834547 0.09876879
v 0.00170295 0.01884291 0.09881887
v 0.00408760 -0.01849405 0.09882057
v 0.01886359 -0.00008902 0.09879810
v -0.01210552 -0.01433411 0.09880767
v 0.01033540 -0.01565411 0.09877345
v 0.00878785 -0.01667144 0.09876399
v -0.00022310 -0.01898188 0.09878157
v -0.00449196 -0.01841089 0.09880217
v -0.00910197 -0.01657590 0.09879378
v -0.00676448 -0.01760601 0.09883629
v -0.01771105 0.00666370 0.09884077
v 0.01842331 -0.00392065 0.09880771
v 0.00685284 0.01754511 0.09880176
v 0.00870403 0.01676820 0.09875895
v 0.00437140 0.01838316 0.09881729
v 0.01285682 0.01377712 0.09875962
v 0.01376211 0.01290103 0.09875720
v 0.01170370 0.01473493 0.09875888
v 0.01205777 -0.00555075 0.09903097
v -0.00452117 0.01836689 0.09879115
v 0.01714534 -0.00791941 0.09876818
v 0.01587565 -0.01007482 0.09877862
v 0.01427234 -0.01209647 0.09879423
v 0.01718410 0.00798337 0.09876676
v -0.01335553 -0.01324809 0.09879548
v -0.01468565 -0.01173584 0.09879658
v -0.00213064 0.01877932 0.09878514
v 0.00620253 -0.01786234 0.09878607
v -0.01713664 0.00806858 0.09879204
v -0.01829610 -0.00484575 0.09880478
v -0.00613998 0.01781541 0.09880391
v -0.00782057 0.01722476 0.09877601
v 0.00786295 -0.01715275 0.09877385
v -0.01886356 -0.00244100 0.09878445
v -0.01373076 0.01289386 0.09880502
v 0.01817696 0.00495913 0.09880894
v 0.01847279 0.00391040 0.09879999
v -0.01220914 0.01434251 0.09878910
v -0.01886097 0.00236557 0.09879273
v -0.01903847 0.00034344 0.09879454
v -0.01792716 -0.00609964 0.09878121
v -0.01609608 0.00996201 0.09876941
v -0.01485708 0.01161011 0.09875822
v -0.00919285 0.01645827 0.09879236
v -0.01074218 0.01545174 0.09878471
v -0.00005222 0.01896199 0.09875770
v -0.01830029 0.00475579 0.09882806
v -0.00233373 -0.01883992 0.09874423
v -0.01227819 -0.00482864 0.09902676
v 0.00227223 -0.01880052 0.09876713
v 0.01784714 0.00626565 0.09876705
v 0.01157776 -0.01469886 0.09875271
v 0.00145070 -0.01307354 0.09919117
v -0.01303094 -0.00169675 0.09909390
v 0.00332616 0.01261761 0.09924475
v 0.01297320 -0.00228129 0.09907905
v 0.01246929 -0.00420322 0.09918561
v -0.01320187 0.00002866 0.09918539
v 0.00844273 -0.01009168 0.09917832
v -0.01264792 -0.00363212 0.09916734
v 0.01874713 0.00203228 0.09870833
v 0.00720080 -0.01099525 0.09915791
v -0.01301461 0.00235265 0.09915453
v 0.00005747 -0.01320112 0.09916754
v -0.00198165 -0.01301494 0.09909823
v 0.01867076 -0.00251534 0.09870988
v -0.01876502 -0.00248436 0.04073035
v -0.01871078 -0.00261637 0.03138229
v -0.01852226 -0.00387163 0.03944309
v -0.01872530 -0.00255820 0.04659640
v -0.01850722 -0.00374238 0.03190184
v -0.01873053 -0.00257830 0.02413018
v -0.01849148 -0.00389245 0.02430260
v -0.01866344 -0.00272971 0.01802918
v -0.01847225 -0.00387568 0.01824419
v -0.01878894 -0.00224467 0.01153791
v -0.01855445 -0.00375898 0.01038987
v -0.01879131 -0.00212220 0.00669383
v -0.01850798 -0.00400426 0.00687229
v -0.01873490 -0.00213907 0.01959801
v -0.01843616 -0.00397396 0.00384392
v -0.01868461 -0.00225820 0.00380265
v -0.01858708 -0.00344678 0.04783299
v -0.01874291 -0.00245976 0.05188253
v -0.01850083 -0.00383849 0.05120591
v -0.01874953 -0.00269288 0.05678518
v -0.01849257 -0.00409760 0.05983075
v -0.01890277 0.00000676 0.04857578
v -0.01892019 0.00001793 0.03946652
v -0.01888822 -0.00004807 0.03251552
v -0.01887821 -0.00006029 0.02292453
v -0.01886614 0.00004486 0.01807804
v -0.01879641 -0.00236964 0.06341439
v -0.01892169 0.00007609 0.05928877
v -0.01896589 0.00001717 0.06592979
v -0.01899605 0.00004172 0.07354181
v -0.01894578 -0.00012255 0.00702207
v -0.01892579 0.00009714 0.01301467
v -0.01884604 -0.00001707 0.00379752
v -0.01877552 -0.00267364 0.07819202
v -0.01903581 -0.00035615 0.09882784
v -0.01902323 -0.00001381 0.09287914
v -0.01881317 -0.00259153 0.09295329
v -0.01886356 -0.00244100 0.09878445
v -0.01878051 -0.00258189 0.08794004
v -0.01899769 0.00008469 0.08750913
v -0.01898758 0.00010248 0.08050018
v -0.01867050 -0.00335093 0.08733993
v -0.01852712 -0.00397373 0.06865022
v -0.01865662 -0.00362367 0.09368682
v -0.01862233 -0.00379058 0.09870019
v -0.01903847 0.00034344 0.09879454
v -0.01887951 0.00035505 0.02658884
v -0.01845939 -0.00428520 0.07478818
v -0.01843302 -0.00434378 0.08882548
v -0.01812382 -0.00527965 0.03401263
v -0.01814313 -0.00528791 0.04010726
v -0.01789137 -0.00609480 0.04728979
v -0.01815668 -0.00517640 0.04991311
v -0.01813495 -0.00542056 0.06879272
v -0.01783657 -0.00646176 0.09221219
v -0.01792716 -0.00609964 0.09878121
v -0.01785047 -0.00633970 0.08492633
v -0.01787153 -0.00635667 0.07417182
v -0.01790846 -0.00593989 0.01737964
v -0.01793324 -0.00592416 0.01178129
v -0.01791597 -0.00610267 0.00703799
v -0.01785350 -0.00616329 0.02529400
v -0.01792958 -0.00597793 0.03905028
v -0.01790264 -0.00599548 0.00409416
v -0.01787259 -0.00613557 0.05128393
v -0.01783428 -0.00637989 0.05905851
v -0.01780001 -0.00645603 0.06858857
v -0.01767958 -0.00666392 0.03342117
v -0.01829610 -0.00484575 0.09880478
v -0.01780124 -0.00587981 0.00323552
v -0.01725068 -0.00772696 0.04059952
v -0.01717066 -0.00786735 0.03849037
v -0.01718941 -0.00785433 0.01024894
v -0.01722415 -0.00772480 0.02397572
v -0.01718572 -0.00784870 0.03072758
v -0.01717761 -0.00780379 0.01774286
v -0.01716869 -0.00783032 0.01323890
v -0.01716781 -0.00785522 0.00389668
v -0.01733084 -0.00769434 0.09433006
v -0.01760739 -0.00696640 0.08643287
v -0.01730282 -0.00769748 0.07799534
v -0.01714838 -0.00792770 0.04786286
v -0.01712732 -0.00799121 0.04427055
v -0.01707714 -0.00803505 0.05130005
v -0.01720954 -0.00783752 0.05666599
v -0.01699845 -0.00834547 0.09876879
v -0.01725830 -0.00773541 0.06109642
v -0.01732416 -0.00756090 0.06982983
v -0.01724819 -0.00784833 0.07508731
v -0.01710535 -0.00809022 0.08647095
v -0.01618317 -0.00976637 0.00413196
v -0.01609811 -0.00992699 0.00788906
v -0.01608791 -0.00993686 0.03179356
v -0.01619310 -0.00969044 0.02614684
v -0.01633901 -0.00938576 0.01691903
v -0.01606691 -0.00986547 0.01276136
v -0.01604214 -0.00995723 0.03612300
v -0.01621243 -0.00964009 0.04302720
v -0.01619481 -0.00972575 0.04914192
v -0.01622327 -0.00968075 0.05876090
v -0.01605947 -0.01004086 0.09351297
v -0.01603643 -0.01001762 0.08615608
v -0.01616297 -0.00977936 0.07842767
v -0.01611839 -0.00989055 0.07517594
v -0.01614632 -0.00979383 0.07149519
v -0.01635535 -0.00936498 0.06543947
v -0.01623103 -0.00966625 0.06171559
v -0.01605997 -0.00990330 0.05132173
v -0.01597095 -0.01007639 0.05606996
v -0.01621645 -0.00967833 0.09863347
v -0.01609377 -0.00996832 0.09645620
v -0.01686398 -0.00777867 0.00248637
v -0.01578089 -0.01028355 0.01698923
v -0.01586118 -0.01021247 0.02546803
v -0.01580227 -0.01027455 0.04337362
v -0.01565838 -0.01050850 0.04902079
v -0.01590819 -0.00974030 0.00277041
v -0.01809483 -0.00381533 0.00230084
v -0.01850585 -0.00180769 0.00271892
v -0.01751234 -0.00586655 0.00220109
v -0.01508598 -0.01123696 0.06645231
v -0.01566854 -0.01047744 0.06002870
v -0.01549063 -0.01073217 0.07817311
v -0.01476085 -0.01169383 0.07140507
v -0.01475337 -0.01172870 0.07394774
v -0.01462409 -0.01188872 0.01106281
v -0.01469172 -0.01184601 0.00650031
v -0.01471402 -0.01176967 0.00388919
v -0.01488372 -0.01154707 0.01891208
v -0.01482841 -0.01158207 0.04289198
v -0.01473041 -0.01173826 0.03685047
v -0.01452526 -0.01202933 0.03179172
v -0.01456250 -0.01194847 0.02693323
v -0.01483300 -0.01162083 0.02363170
v -0.01530288 -0.01092496 0.09881520
v -0.01442187 -0.01210610 0.01717340
v -0.01453512 -0.01190195 0.05246368
v -0.01458721 -0.01185478 0.06006095
v -0.01468565 -0.01173584 0.09879658
v -0.01467588 -0.01181784 0.09632128
v -0.01472260 -0.01175700 0.09276081
v -0.01437992 -0.01212754 0.08686824
v -0.01474450 -0.01169802 0.07943126
v -0.01474189 -0.01169756 0.08511748
v -0.01425876 -0.01229984 0.03739599
v -0.01407651 -0.01247283 0.04096674
v -0.01391090 -0.01262866 0.04707942
v -0.01362326 -0.01297446 0.06230066
v -0.01405149 -0.01245030 0.05838748
v -0.01305898 -0.01351291 0.05028225
v -0.01328275 -0.01339116 0.08180839
v -0.01346344 -0.01314568 0.08668730
v -0.01340356 -0.01320776 0.07800715
v -0.01330574 -0.01339587 0.09557516
v -0.01345985 -0.01322261 0.01074271
v -0.01346852 -0.01315719 0.01639715
v -0.01327389 -0.01344335 0.00644014
v -0.01275362 -0.01383685 0.04334673
v -0.01317127 -0.01344537 0.03712108
v -0.01327011 -0.01338147 0.03058731
v -0.01295228 -0.01369494 0.02224325
v -0.01326400 -0.01341179 0.00411441
v -0.01351728 -0.01302582 0.06648301
v -0.01329697 -0.01336445 0.07229291
v -0.01335553 -0.01324809 0.09879548
v -0.01447921 -0.01156276 0.00247168
v -0.01299460 -0.01361742 0.06324843
v -0.01287991 -0.01365402 0.05812055
v -0.01309881 -0.01326645 0.00286510
v -0.01266057 -0.01398017 0.03092897
v -0.01210319 -0.01436826 0.05924403
v -0.01244945 -0.01412800 0.01595856
v -0.01232721 -0.01428850 0.01090989
v -0.01271965 -0.01385643 0.08637697
v -0.01256553 -0.01402912 0.09309008
v -0.01257108 -0.01396926 0.05109633
v -0.01190621 -0.01458417 0.04381843
v -0.01205341 -0.01445303 0.03730922
v -0.01189355 -0.01450678 0.06702559
v -0.01174418 -0.01466922 0.05194646
v -0.01221641 -0.01429073 0.07778766
v -0.01220918 -0.01433739 0.07431969
v -0.01178441 -0.01466395 0.08679538
v -0.01145133 -0.01493659 0.08313701
v -0.01188174 -0.01461175 0.06187274
v -0.01158145 -0.01489315 0.00461134
v -0.01210552 -0.01433411 0.09880767
v -0.01212433 -0.01440136 0.09606350
v -0.01193591 -0.01457203 0.01958469
v -0.01245218 -0.01411303 0.02548686
v -0.01106638 -0.01525389 0.02572295
v -0.01157365 -0.01484297 0.03881025
v -0.01143701 -0.01498133 0.03086623
v -0.01173969 -0.01471196 0.00373288
v -0.01158166 -0.01487349 0.01343370
v -0.01035206 -0.01584652 0.09345953
v -0.01080548 -0.01539938 0.09882309
v -0.01589368 -0.00870002 0.00149289
v -0.01056031 -0.01561259 0.05823441
v -0.01053975 -0.01561094 0.06151369
v -0.01035431 -0.01579161 0.04548600
v -0.01046963 -0.01566693 0.05077680
v -0.01081597 -0.01543916 0.07331459
v -0.01050798 -0.01559245 0.06669163
v -0.01060176 -0.01557335 0.07799419
v -0.01038183 -0.01576636 0.08520504
v -0.01056459 -0.01560028 0.01605376
v -0.01069088 -0.01556080 0.01058632
v -0.01481610 -0.01039731 0.00148256
v -0.01153943 -0.01448973 0.00242938
v -0.01018513 -0.01591564 0.00423429
v -0.00985752 -0.01611042 0.03751870
v -0.01021626 -0.01588174 0.03111825
v -0.01013979 -0.01590919 0.01780946
v -0.00971248 -0.01620239 0.01086806
v -0.01014397 -0.01588038 0.07049413
v -0.00967086 -0.01613869 0.06462508
v -0.00983138 -0.01618513 0.09274767
v -0.00969642 -0.01622013 0.08528372
v -0.00964882 -0.01623283 0.07991726
v -0.00969126 -0.01621458 0.07447540
v -0.00961231 -0.01626060 0.05968873
v -0.00910197 -0.01657590 0.09879378
v -0.01273621 -0.01289228 0.00150601
v -0.00932468 -0.01644838 0.04848339
v -0.00918860 -0.01649126 0.05345261
v -0.01026456 -0.01552566 0.00265213
v -0.00968441 -0.01622163 0.03014295
v -0.00944143 -0.01635656 0.02534147
v -0.01181517 -0.01381688 0.00156703
v -0.01648305 -0.00738389 0.00137698
v -0.01360108 -0.01184558 0.00138780
v -0.00930513 -0.01640647 0.00385454
v -0.01712306 -0.00569041 0.00130906
v -0.01770189 -0.00390839 0.00145524
v -0.01856821 -0.00001547 0.00248818
v -0.01802173 -0.00194925 0.00152643
v -0.01029657 -0.01491047 0.00148922
v -0.01869800 0.00240961 0.01908415
v -0.01877149 0.00238030 0.01158747
v -0.01873303 0.00270430 0.05426312
v -0.01875509 0.00257981 0.06284024
v -0.01880488 0.00243319 0.07311815
v -0.01876688 0.00268254 0.08050290
v -0.01879172 0.00255561 0.08753338
v -0.01875156 0.00316424 0.09224093
v -0.01886097 0.00236557 0.09879273
v -0.01870297 0.00273389 0.04013075
v -0.01866828 0.00279884 0.03290242
v -0.01868492 0.00270663 0.02578150
v -0.01874903 0.00225701 0.00612976
v -0.01865022 0.00233716 0.00369986
v -0.01843313 0.00222268 0.00261592
v -0.01815896 0.00005696 0.00153743
v -0.01869046 0.00333882 0.08530785
v -0.01604510 -0.00972097 0.09882838
v -0.01839578 0.00401010 0.00376777
v -0.01848215 0.00395536 0.00648337
v -0.01850453 0.00392553 0.01110841
v -0.01860750 0.00364901 0.07900538
v -0.01855105 0.00385388 0.06035882
v -0.01853492 0.00389019 0.06669230
v -0.01863377 0.00374634 0.09863782
v -0.01843506 0.00388548 0.01981328
v -0.01844459 0.00411375 0.04852580
v -0.01846355 0.00381172 0.02668442
v -0.01826526 0.00463052 0.03625111
v -0.01834722 0.00433510 0.04031968
v -0.01848411 0.00418184 0.07332316
v -0.01807288 0.00393360 0.00235627
v -0.01799078 0.00218921 0.00151965
v -0.01827136 0.00507393 0.09296521
v -0.01814043 0.00512368 0.02961182
v -0.01794683 0.00597625 0.04609013
v -0.01778683 0.00634535 0.03756871
v -0.01779655 0.00628124 0.03360482
v -0.01777398 0.00628791 0.01968460
v -0.01797676 0.00584660 0.06356451
v -0.01796974 0.00590030 0.06860625
v -0.01806974 0.00560831 0.05807040
v -0.01786068 0.00618604 0.01491983
v -0.01788020 0.00620376 0.01053515
v -0.01788273 0.00617578 0.00635594
v -0.01782197 0.00615599 0.00403832
v -0.01816120 0.00524139 0.07712976
v -0.01793778 0.00613337 0.09850587
v -0.01781465 0.00658162 0.09251421
v -0.01795322 0.00597547 0.08413585
v -0.01772637 0.00608377 0.00327173
v -0.01830029 0.00475579 0.09882806
v -0.01766710 0.00406926 0.00149532
v -0.01784200 0.00629580 0.05864343
v -0.01651961 -0.00625706 0.00084087
v -0.01771105 0.00666370 0.09884077
v -0.01750197 0.00604557 0.00241729
v -0.01769771 0.00657562 0.07465084
v -0.01763793 0.00695609 0.08705757
v -0.01734499 -0.00305438 0.00077774
v -0.01521057 -0.00894926 0.00086585
v -0.01721752 0.00787677 0.03755815
v -0.01715815 0.00790321 0.03561319
v -0.01721067 0.00794150 0.05326567
v -0.01716490 0.00798633 0.04648351
v -0.01717881 0.00786824 0.02625174
v -0.01715109 0.00786240 0.01951550
v -0.01711594 0.00797094 0.03087946
v -0.01721459 0.00790769 0.01153009
v -0.01717109 0.00797034 0.00697088
v -0.01728794 0.00786751 0.09572538
v -0.01720925 0.00783724 0.07088952
v -0.01723150 0.00778163 0.08196417
v -0.01714054 0.00797483 0.06314971
v -0.01724229 0.00791291 0.08732467
v -0.01705744 0.00804044 0.00401957
v -0.01769274 0.00012174 0.00086574
v -0.01752721 0.00209115 0.00085190
v -0.01713664 0.00806858 0.09879204
v -0.01688185 0.00803418 0.00309087
v -0.01704433 0.00608145 0.00146598
v -0.01369010 -0.01108369 0.00085152
v -0.01673059 0.00878284 0.07001206
v -0.01665031 0.00887747 0.07537843
v -0.01678943 0.00873193 0.01124071
v -0.01600291 0.01001753 0.01897622
v -0.01605151 0.01009804 0.01085213
v -0.01603753 0.01010181 0.00680907
v -0.01595566 0.01011633 0.00414163
v -0.01660847 0.00900322 0.08458562
v -0.01605866 0.01011567 0.08742041
v -0.01616505 0.00993972 0.09287011
v -0.01611981 0.00989078 0.03048128
v -0.01601510 0.01009225 0.03633245
v -0.01608710 0.00994309 0.02482249
v -0.01608048 0.01004148 0.03800449
v -0.01616718 0.00994803 0.05279473
v -0.01619900 0.00981005 0.05972352
v -0.01618725 0.00985578 0.04681260
v -0.01613280 0.00982251 0.07997088
v -0.01650144 0.00803968 0.00205475
v -0.01616252 0.00983833 0.06855774
v -0.01615661 0.00979183 0.06315305
v -0.01605528 0.00999435 0.07468247
v -0.01609608 0.00996201 0.09876941
v -0.01582990 0.00992243 0.00307347
v -0.01715775 0.00399917 0.00080522
v -0.01578957 0.01034788 0.07885021
v -0.01547392 0.01097984 0.04237839
v -0.01567885 0.01063189 0.04681859
v -0.01566823 0.01055081 0.06322853
v -0.01560424 0.01072551 0.05896147
v -0.01555397 0.01076975 0.03223758
v -0.01606986 0.00820395 0.00144299
v -0.01584300 0.01041426 0.09303849
v -0.01557902 0.01070075 0.07056621
v -0.01475341 0.01186883 0.02596377
v -0.01472189 0.01193333 0.03248849
v -0.01474298 0.01180974 0.01941357
v -0.01483229 0.01180473 0.01124715
v -0.01482974 0.01182205 0.04721387
v -0.01475042 0.01190810 0.05631045
v -0.01478434 0.01183593 0.03762986
v -0.01477713 0.01192026 0.04111963
v -0.01473325 0.01190679 0.00720040
v -0.01480864 0.01174363 0.07323986
v -0.01475293 0.01182874 0.06770116
v -0.01466962 0.01191455 0.06350639
v -0.01485324 0.01163108 0.07959177
v -0.01468963 0.01185647 0.08367286
v -0.01482613 0.01166518 0.07482713
v -0.01485708 0.01161011 0.09875822
v -0.01479047 0.01177430 0.08848678
v -0.01475105 0.01181853 0.09439732
v -0.01525624 0.00971099 0.00155259
v -0.01499710 0.01108514 0.00305172
v -0.01466302 0.01183232 0.00401218
v -0.01664638 0.00591021 0.00089966
v -0.01582661 0.00768042 0.00087333
v -0.01481863 0.01056820 0.00181745
v -0.01391929 0.01276788 0.08026891
v -0.01345535 0.01329788 0.07521760
v -0.01338207 0.01339073 0.09814368
v -0.01343835 0.01334768 0.09227357
v -0.01336615 0.01339409 0.08289524
v -0.01335346 0.01340015 0.08651387
v -0.01369968 0.01311540 0.06046932
v -0.01357633 0.01322378 0.06635212
v -0.01339653 0.01339361 0.07319824
v -0.01334470 0.01344878 0.06925636
v -0.01373691 0.01309603 0.03411251
v -0.01373345 0.01306150 0.02567387
v -0.01346923 0.01326698 0.01765834
v -0.01339412 0.01345774 0.01078196
v -0.01340102 0.01342941 0.00701336
v -0.01332588 0.01338264 0.00410887
v -0.01394005 0.01228538 0.00271689
v -0.01364955 0.01322601 0.04164201
v -0.01353609 0.01330719 0.04852434
v -0.01342460 0.01342457 0.05425330
v -0.01330015 0.01350031 0.06361434
v -0.01332442 0.01351270 0.03695537
v -0.01373076 0.01289386 0.09880502
v -0.01345033 0.01198521 0.00147633
v 0.01871485 0.00207056 0.04646828
v 0.01873339 0.00227177 0.03940384
v 0.01849517 0.00381175 0.04573117
v 0.01873138 0.00208288 0.05588600
v 0.01854503 0.00364241 0.05752628
v 0.01868196 0.00216705 0.06390512
v 0.01848340 0.00374751 0.06689216
v 0.01868951 0.00213435 0.07408250
v 0.01851923 0.00365264 0.07587257
v 0.01873042 0.00196581 0.08589937
v 0.01850794 0.00384445 0.08203821
v 0.01851007 0.00376827 0.08579194
v 0.01873334 0.00220982 0.09101573
v 0.01852504 0.00382308 0.09050171
v 0.01853382 0.00383790 0.09646327
v 0.01876357 0.00213221 0.09623214
v 0.01847279 0.00391040 0.09879999
v 0.01874713 0.00203228 0.09870833
v 0.01883280 0.00010240 0.04561458
v 0.01884282 -0.00014051 0.05060653
v 0.01881210 0.00007032 0.05745935
v 0.01878128 0.00003437 0.06364231
v 0.01879733 0.00007147 0.07083026
v 0.01878733 -0.00010891 0.07628915
v 0.01886558 -0.00002599 0.03865373
v 0.01870194 0.00233843 0.03551896
v 0.01884642 0.00000013 0.03495643
v 0.01870978 0.00232768 0.02855582
v 0.01884987 -0.00010858 0.02898845
v 0.01876384 0.00136011 0.07913496
v 0.01887070 -0.00002077 0.09149925
v 0.01890102 0.00009022 0.09784978
v 0.01882644 -0.00002251 0.08591990
v 0.01888481 0.00001720 0.02607104
v 0.01871433 0.00240290 0.02565024
v 0.01885247 0.00002548 0.02343410
v 0.01869495 0.00226968 0.02050589
v 0.01884740 -0.00009656 0.02014021
v 0.01893583 -0.00005604 0.01301855
v 0.01881006 0.00218259 0.01182890
v 0.01896153 -0.00008266 0.00986479
v 0.01894157 -0.00010669 0.00618628
v 0.01872515 0.00236774 0.00427479
v 0.01888989 -0.00011846 0.00410686
v 0.01853889 0.00359689 0.02636833
v 0.01848318 0.00389177 0.03640761
v 0.01854797 0.00382593 0.00696954
v 0.01846410 0.00392094 0.01916350
v 0.01854937 0.00388097 0.01178651
v 0.01886359 -0.00008902 0.09879810
v 0.01848771 0.00385299 0.00400218
v 0.01878612 -0.00091333 0.03393049
v 0.01877683 -0.00210514 0.04370069
v 0.01876155 -0.00217294 0.04871928
v 0.01872568 -0.00210826 0.05578497
v 0.01871003 -0.00221793 0.05964551
v 0.01869347 -0.00208952 0.06520739
v 0.01871641 -0.00208145 0.07039472
v 0.01869205 -0.00226825 0.07417174
v 0.01871750 -0.00194180 0.07747199
v 0.01879916 -0.00027497 0.08178192
v 0.01875640 -0.00223340 0.03976004
v 0.01873331 -0.00221959 0.03542937
v 0.01873071 -0.00232189 0.02936316
v 0.01877707 -0.00210916 0.02617812
v 0.01873336 -0.00225548 0.02138906
v 0.01868778 -0.00212872 0.08600572
v 0.01872389 -0.00226645 0.09199643
v 0.01874414 -0.00229860 0.09726945
v 0.01870964 -0.00227925 0.01987909
v 0.01879854 -0.00219767 0.01263640
v 0.01889568 -0.00087670 0.01028038
v 0.01881371 -0.00219714 0.01014847
v 0.01877492 -0.00219345 0.00597522
v 0.01871904 -0.00214474 0.00373549
v 0.01867076 -0.00251534 0.09870988
v 0.01850047 -0.00379926 0.08012721
v 0.01849801 -0.00385270 0.07000988
v 0.01846600 -0.00386560 0.06649454
v 0.01846969 -0.00387812 0.07587300
v 0.01850677 -0.00387225 0.06054004
v 0.01853048 -0.00388953 0.02608092
v 0.01850993 -0.00385321 0.02904785
v 0.01853157 -0.00376638 0.03657629
v 0.01854426 -0.00387935 0.04427879
v 0.01848867 -0.00391466 0.05444564
v 0.01848565 -0.00394845 0.00421140
v 0.01843858 -0.00388781 0.08610448
v 0.01850593 -0.00389178 0.09645696
v 0.01846213 -0.00392489 0.01929717
v 0.01852454 -0.00389642 0.01389745
v 0.01854233 -0.00390668 0.00992375
v 0.01842331 -0.00392065 0.09880771
v 0.01868132 -0.00003879 0.00277166
v 0.01857112 0.00208565 0.00295710
v 0.01826335 0.00482681 0.02639502
v 0.01837351 0.00433563 0.04930539
v 0.01797264 0.00606651 0.04223011
v 0.01793943 0.00613529 0.05081434
v 0.01814582 0.00539858 0.05846478
v 0.01812110 0.00533591 0.06563924
v 0.01810094 0.00547452 0.07570141
v 0.01813075 0.00540070 0.03604898
v 0.01823892 0.00385859 0.00265720
v 0.01805758 0.00555738 0.01950946
v 0.01793777 0.00613066 0.03012187
v 0.01792076 0.00616827 0.03656370
v 0.01792106 0.00608442 0.08521271
v 0.01794736 0.00608777 0.09483936
v 0.01790869 0.00628553 0.05857147
v 0.01786057 0.00630575 0.06586257
v 0.01786551 0.00630834 0.07355479
v 0.01817696 0.00495913 0.09880894
v 0.01784714 0.00626565 0.09876705
v 0.01794086 0.00606198 0.00656131
v 0.01791996 0.00600021 0.00400367
v 0.01795606 0.00607744 0.01143919
v 0.01784299 0.00630478 0.01944508
v 0.01788516 0.00622074 0.02476590
v 0.01773385 0.00587314 0.00267519
v 0.01848903 -0.00203288 0.00262517
v 0.01772797 0.00666425 0.08911039
v 0.01812171 -0.00550900 0.05984492
v 0.01805776 -0.00556370 0.06531748
v 0.01795851 -0.00600761 0.03158480
v 0.01797832 -0.00604282 0.02709765
v 0.01810412 -0.00553238 0.03731616
v 0.01813197 -0.00553969 0.04600873
v 0.01807706 -0.00569624 0.05446598
v 0.01797412 -0.00595908 0.02212552
v 0.01806537 -0.00556187 0.07296204
v 0.01804971 -0.00548531 0.08437272
v 0.01793431 -0.00594951 0.07973102
v 0.01793507 -0.00589294 0.07697476
v 0.01805868 -0.00538956 0.08750067
v 0.01789802 -0.00617252 0.09413720
v 0.01789853 -0.00605674 0.09852913
v 0.01823177 -0.00381813 0.00263942
v 0.01797920 -0.00592928 0.01447393
v 0.01790625 -0.00601744 0.01968212
v 0.01794121 -0.00603176 0.01073483
v 0.01793276 -0.00606996 0.00661252
v 0.01791279 -0.00628468 0.04400184
v 0.01788927 -0.00625236 0.03748488
v 0.01791492 -0.00620296 0.05977870
v 0.01791177 -0.00625995 0.05446629
v 0.01783844 -0.00627883 0.06476308
v 0.01784599 -0.00624957 0.07366752
v 0.01788541 -0.00603033 0.00406516
v 0.01778216 -0.00628948 0.08664609
v 0.01773224 -0.00591629 0.00287304
v 0.01725268 0.00792294 0.09564183
v 0.01718410 0.00798337 0.09876676
v 0.01823837 0.00231107 0.00201489
v 0.01720283 0.00785361 0.00398693
v 0.01725479 0.00787050 0.05774409
v 0.01721037 0.00792138 0.03634381
v 0.01718250 0.00792786 0.02324688
v 0.01717420 0.00793719 0.01920084
v 0.01720084 0.00797829 0.01199153
v 0.01724960 0.00786681 0.04479446
v 0.01709940 0.00810501 0.06614206
v 0.01722586 0.00786990 0.07873030
v 0.01715298 0.00803673 0.08512946
v 0.01821324 -0.00176476 0.00183125
v 0.01722392 -0.00787338 0.01048838
v 0.01722139 -0.00776057 0.02012676
v 0.01714653 -0.00790061 0.00436716
v 0.01727108 -0.00779429 0.03770893
v 0.01729821 -0.00780260 0.04372594
v 0.01726949 -0.00783644 0.05361645
v 0.01723816 -0.00783318 0.05978042
v 0.01721605 -0.00780763 0.06300026
v 0.01726312 -0.00768793 0.06965290
v 0.01707051 -0.00808008 0.07521323
v 0.01721047 -0.00782671 0.03195189
v 0.01715271 -0.00777194 0.07757045
v 0.01726036 -0.00776886 0.02925449
v 0.01714534 -0.00791941 0.09876818
v 0.01718209 -0.00793958 0.09642699
v 0.01718031 -0.00776724 0.08631174
v 0.01699135 -0.00784967 0.00311499
v 0.01752931 -0.00575434 0.00211751
v 0.01815877 -0.00003843 0.00151364
v 0.01765717 -0.00650294 0.09881891
v 0.01666672 -0.00888128 0.09053434
v 0.01664169 -0.00899190 0.02755744
v 0.01621963 -0.00972831 0.01378223
v 0.01665575 -0.00885604 0.01939660
v 0.01672846 -0.00890791 0.04937034
v 0.01629428 -0.00964671 0.03637601
v 0.01664545 -0.00893475 0.03165223
v 0.01671564 -0.00891841 0.04310845
v 0.01663657 -0.00891147 0.07049430
v 0.01661997 -0.00896108 0.06306318
v 0.01674502 -0.00881615 0.05473926
v 0.01655716 -0.00894136 0.07768565
v 0.01662427 -0.00883690 0.08577123
v 0.01609101 -0.00991702 0.00646491
v 0.01604081 -0.00999188 0.01081629
v 0.01617481 -0.00974541 0.07318785
v 0.01611799 -0.00985863 0.05944776
v 0.01610616 -0.00993394 0.05497441
v 0.01606578 -0.01004337 0.04855003
v 0.01604886 -0.01007073 0.04237370
v 0.01602905 -0.01006339 0.03791947
v 0.01608915 -0.00988177 0.06662709
v 0.01608026 -0.00981535 0.00408494
v 0.01607333 -0.00988722 0.02065285
v 0.01606623 -0.00999792 0.02728374
v 0.01605737 -0.00988812 0.09844084
v 0.01604571 -0.00997097 0.09386551
v 0.01603475 -0.00985271 0.07686734
v 0.01601859 -0.01004481 0.03224183
v 0.01604773 -0.00990111 0.08847168
v 0.01607438 -0.00975759 0.08309125
v 0.01664625 -0.00754720 0.00173667
v 0.01752813 -0.00383986 0.00109176
v 0.01579641 -0.00977700 0.00263054
v 0.01585720 -0.01022653 0.07380568
v 0.01803734 -0.00483436 0.09885545
v 0.01587565 -0.01007482 0.09877862
v 0.01580212 -0.01033771 0.06342967
v 0.01762895 0.00394372 0.00131063
v 0.01751350 0.00589400 0.00214283
v 0.01688152 0.00787010 0.00261138
v 0.01553983 -0.01075513 0.05221210
v 0.01471312 -0.01180058 0.05975931
v 0.01470842 -0.01166003 0.08402986
v 0.01477229 -0.01157415 0.07657833
v 0.01476716 -0.01174680 0.01430386
v 0.01482823 -0.01170727 0.03668839
v 0.01476577 -0.01177421 0.03179372
v 0.01474332 -0.01183733 0.04401120
v 0.01480720 -0.01174542 0.05100495
v 0.01477419 -0.01179096 0.02749867
v 0.01473839 -0.01173865 0.02027637
v 0.01470783 -0.01177710 0.06683497
v 0.01475287 -0.01172977 0.07187877
v 0.01474687 -0.01175472 0.00690643
v 0.01473618 -0.01176028 0.01084616
v 0.01465381 -0.01175620 0.00401174
v 0.01472446 -0.01171006 0.09615834
v 0.01475397 -0.01160056 0.08758685
v 0.01427234 -0.01209647 0.09879423
v 0.01767652 -0.00193299 0.00091689
v 0.01701122 -0.00549576 0.00104553
v 0.01476201 -0.01107962 0.00240325
v 0.01371756 -0.01295008 0.06038609
v 0.01394908 -0.01272531 0.03580944
v 0.01379647 -0.01292140 0.04175970
v 0.01371829 -0.01298349 0.05048130
v 0.01380439 -0.01290461 0.02888098
v 0.01384139 -0.01267887 0.08058552
v 0.01385950 -0.01263994 0.08695987
v 0.01388130 -0.01261718 0.07669105
v 0.01382589 -0.01280292 0.02110356
v 0.01342243 -0.01328092 0.00979677
v 0.01339617 -0.01328001 0.00663078
v 0.01348067 -0.01307694 0.00416661
v 0.01384340 -0.01278016 0.07125753
v 0.01544307 -0.00946312 0.00152239
v 0.01451080 -0.01075009 0.00145635
v 0.01370805 -0.01246998 0.00263886
v 0.01279761 -0.01359046 0.00326317
v 0.01339290 -0.01327802 0.01082055
v 0.01342415 -0.01325610 0.01421141
v 0.01356462 -0.01301107 0.09601971
v 0.01294908 -0.01354580 0.09862052
v 0.01771651 0.00005175 0.00083617
v 0.01766100 0.00194564 0.00089595
v 0.01308508 -0.01355607 0.07207722
v 0.01271636 -0.01379935 0.07685568
v 0.01269092 -0.01382467 0.08211141
v 0.01246590 -0.01401774 0.08736496
v 0.01316613 -0.01340367 0.09538265
v 0.01300121 -0.01367561 0.02467790
v 0.01296919 -0.01366636 0.01962932
v 0.01303265 -0.01365102 0.03253546
v 0.01297817 -0.01371038 0.03906234
v 0.01301768 -0.01369665 0.04546641
v 0.01269780 -0.01396878 0.05027894
v 0.01255984 -0.01409050 0.05585559
v 0.01315706 -0.01353450 0.05906857
v 0.01305751 -0.01359484 0.06495677
v 0.01384055 -0.01181819 0.00169079
v 0.01178467 -0.01465829 0.07719146
v 0.01188206 -0.01467536 0.06551923
v 0.01183801 -0.01469663 0.07113951
v 0.01185082 -0.01472368 0.05820192
v 0.01190784 -0.01464361 0.01389513
v 0.01188454 -0.01464143 0.01090843
v 0.01187766 -0.01471751 0.04384385
v 0.01178592 -0.01475819 0.05301382
v 0.01188261 -0.01467185 0.03189777
v 0.01187398 -0.01469107 0.02515681
v 0.01183317 -0.01467169 0.01930496
v 0.01190899 -0.01464206 0.03732203
v 0.01183955 -0.01459321 0.09642841
v 0.01183935 -0.01456427 0.00400034
v 0.01187067 -0.01463713 0.00707817
v 0.01174976 -0.01463155 0.08506693
v 0.01257548 -0.01342087 0.00220229
v 0.01157776 -0.01469886 0.09875271
v 0.01243127 -0.01311633 0.00145513
v 0.01144385 -0.01465247 0.00293392
v 0.01603438 -0.00751154 0.00090518
v 0.01679805 0.00871439 0.07660611
v 0.01686257 0.00864843 0.09025844
v 0.01682260 0.00870989 0.05563471
v 0.01612393 0.00998329 0.05808638
v 0.01607298 0.00999309 0.06527879
v 0.01616567 0.00987957 0.07168357
v 0.01616949 0.00988077 0.08537824
v 0.01621699 0.00986333 0.09246263
v 0.01614817 0.00993150 0.04747528
v 0.01620953 0.00976242 0.03687438
v 0.01690278 0.00851048 0.03565882
v 0.01610791 0.00995519 0.00638425
v 0.01616942 0.00982192 0.02761565
v 0.01615180 0.00988265 0.03279013
v 0.01616832 0.00979606 0.01758187
v 0.01618962 0.00984220 0.01051639
v 0.01609554 0.00999884 0.09850506
v 0.01621495 0.00967592 0.00404100
v 0.01693915 0.00569853 0.00102636
v 0.01574794 0.00980219 0.00243536
v 0.01484204 -0.00957350 0.00088403
v 0.01636797 0.00773060 0.00147540
v 0.01662140 0.00801629 0.00216681
v 0.01728842 0.00399231 0.00086994
v 0.01591390 0.01013056 0.09879877
v 0.01576067 0.01042953 0.03662672
v 0.01570936 0.01055112 0.07202322
v 0.01564309 0.01051100 0.00399532
v 0.01572597 0.01046195 0.02538220
v 0.01554244 0.01072828 0.02101131
v 0.01568842 0.01049518 0.01708359
v 0.01579178 0.01046402 0.09056365
v 0.01343267 -0.01144548 0.00085573
v 0.01477779 0.01172644 0.02765485
v 0.01466490 0.01189119 0.02181533
v 0.01459270 0.01195848 0.01608542
v 0.01477005 0.01177716 0.01073149
v 0.01457199 0.01201829 0.00614532
v 0.01458285 0.01193263 0.00404779
v 0.01469300 0.01185591 0.03175512
v 0.01465297 0.01190963 0.06598840
v 0.01467470 0.01190008 0.04219114
v 0.01470043 0.01186044 0.05001888
v 0.01469636 0.01188264 0.05465180
v 0.01463926 0.01189402 0.03706089
v 0.01464563 0.01197412 0.09541027
v 0.01466741 0.01191507 0.08071071
v 0.01478147 0.01173691 0.08573922
v 0.01461448 0.01196791 0.07246172
v 0.01477376 0.01173778 0.09856972
v 0.01487633 0.01104177 0.00253261
v 0.01545858 0.00926915 0.00139324
v 0.01414564 0.01192789 0.00244902
v 0.01594764 0.00764727 0.00088846
v 0.01513652 0.00923391 0.00094667
v 0.01218605 -0.01281783 0.00090500
v 0.01381285 0.01162943 0.00150877
v 0.01298884 -0.01331244 0.09883011
v 0.01507647 0.01114036 0.09881986
v 0.01376211 0.01290103 0.09875720
v -0.00237345 0.00312567 0.13999695
v -0.00140728 -0.00405248 0.13999108
v 0.00356037 -0.00265726 0.14000000
v -0.00625091 -0.00154706 0.13997619
v -0.00617443 0.00198996 0.13995402
v -0.00427203 0.00445949 0.13993562
v -0.00245470 0.00559752 0.13993000
v 0.00061429 0.00579553 0.13993708
v 0.00321013 0.00336303 0.13998002
v 0.00627347 -0.00046021 0.13997910
v 0.00614837 0.00196364 0.13994326
v 0.00505761 0.00362049 0.13993974
v 0.00272336 0.00559121 0.13989994
v 0.00540559 -0.00355995 0.13996120
v 0.00246736 -0.00564450 0.13995162
v -0.00219194 -0.00582482 0.13993437
v -0.00342226 -0.00543335 0.13989997
v -0.00582051 -0.00332089 0.13991527
v -0.00451701 -0.00441325 0.13994287
v -0.00685465 -0.00002173 0.13991214
v -0.00010639 -0.00621214 0.13987615
v 0.00355747 -0.00548966 0.13988147
v -0.00582102 0.00352095 0.13983645
v -0.00157220 0.00625443 0.13982268
v -0.00362221 0.00541914 0.13983176
v 0.00385384 0.00514588 0.13982625
v 0.00179577 0.00616187 0.13980296
v 0.00602344 -0.00306376 0.13985676
v -0.00671029 -0.00201204 0.13982894
v -0.00674877 0.00206350 0.13980449
v 0.00586399 0.00324560 0.13980955
v 0.00227286 -0.00603676 0.13984544
v -0.00467607 0.00501806 0.13970561
v 0.00704454 -0.00013542 0.13970996
v 0.00507531 0.00441479 0.13973151
v 0.00486634 -0.00484439 0.13974019
v 0.00004468 0.00699921 0.13950880
v 0.00697406 0.00166666 0.13959599
v -0.00483095 -0.00518525 0.13958462
v -0.00733319 0.00003333 0.13968954
v -0.00027551 -0.00694481 0.13950254
v 0.00432359 0.00575011 0.13941316
v 0.00694562 -0.00215616 0.13948126
v -0.00292388 0.00662171 0.13934708
v 0.00339868 0.00643886 0.13929474
v 0.00175302 0.00694200 0.13935960
v -0.00151820 0.00693758 0.13942415
v -0.00186993 -0.00698125 0.13931609
v -0.00471559 0.00563227 0.13937751
v -0.00612014 0.00426058 0.13938674
v -0.00678965 0.00358989 0.13924191
v -0.00594687 -0.00451617 0.13936258
v 0.00190753 -0.00686885 0.13936573
v -0.00335937 -0.00644956 0.13931180
v 0.00574142 0.00464977 0.13927639
v 0.00633597 0.00367125 0.13937615
v 0.00365419 -0.00627286 0.13936257
v 0.00614563 -0.00409797 0.13936040
v -0.00752242 -0.00174026 0.13931309
v -0.00701300 -0.00301550 0.13929488
v -0.00764695 0.00020213 0.13942469
v 0.00516366 -0.00531708 0.13928880
v -0.00752235 0.00231305 0.13902959
v -0.00419980 -0.00636855 0.13894662
v -0.00498879 -0.00583972 0.13896049
v -0.00581975 -0.00510237 0.13897861
v -0.00412383 0.00637632 0.13898422
v -0.00574286 0.00515328 0.13898500
v -0.00688938 -0.00366631 0.13897227
v -0.00637272 -0.00444865 0.13898148
v 0.01253776 0.00386146 0.11537964
v 0.01237241 0.00423782 0.10301325
v 0.01219524 0.00479035 0.11221505
v 0.01187353 0.00545480 0.10283337
v 0.01209705 0.00493038 0.09925445
v 0.01250529 0.00383266 0.09923487
v 0.01258158 0.00358254 0.10337046
v 0.01197043 0.00527633 0.11844166
v 0.01251225 0.00383837 0.11843540
v 0.01179862 0.00571569 0.11221911
v 0.01156314 0.00613155 0.09917361
v 0.01145366 0.00636249 0.10279168
v 0.01141105 0.00649113 0.11451318
v 0.01134213 0.00649389 0.11844857
v 0.01289057 0.00234955 0.09953166
v 0.01290615 0.00235051 0.11524624
v 0.01289390 0.00235187 0.10657381
v 0.01289986 0.00230258 0.11838080
v 0.01102598 0.00703171 0.09961572
v 0.01087930 0.00733841 0.09917555
v 0.01086207 0.00735939 0.11352474
v 0.01046827 0.00788480 0.11757536
v 0.01038336 0.00802973 0.10691348
v 0.01043293 0.00781175 0.11855756
v 0.01039086 0.00791804 0.09955537
v 0.01291638 0.00250284 0.09915238
v 0.00972903 0.00868637 0.11844292
v 0.00967546 0.00882250 0.11509523
v 0.00978920 0.00861636 0.09963410
v 0.00949737 0.00901847 0.10656722
v 0.00977913 0.00875250 0.09907809
v 0.00851717 0.00991320 0.11834962
v 0.00834506 0.01012448 0.11633093
v 0.00858264 0.00979187 0.09954821
v 0.00835992 0.01006696 0.10481266
v 0.00881974 0.00966876 0.09917100
v 0.00767423 0.01079029 0.09904402
v 0.00730436 0.01086480 0.11842094
v 0.00741884 0.01073451 0.10209542
v 0.00740981 0.01075801 0.09925484
v 0.00734183 0.01086672 0.11028095
v 0.00647639 0.01133743 0.10335238
v 0.00647553 0.01140006 0.11072849
v 0.00642338 0.01140197 0.11849733
v 0.00865669 0.00941907 0.11910305
v 0.00617551 0.01148551 0.09922564
v 0.01129026 0.00597920 0.11913865
v 0.00973100 0.00819120 0.11916361
v 0.00543511 0.01192222 0.10938598
v 0.00536608 0.01188836 0.10316629
v 0.00537235 0.01192969 0.11840271
v 0.01183314 0.00489028 0.11910660
v 0.01228728 0.00369780 0.11907950
v 0.00737800 0.01042253 0.11913891
v 0.00493447 0.01205085 0.09961141
v 0.00482210 0.01220490 0.09907812
v 0.01041344 0.00727625 0.11918802
v 0.00447386 0.01230234 0.10893103
v 0.00455426 0.01226888 0.11834728
v 0.00415439 0.01233752 0.10132868
v 0.00332616 0.01261761 0.09924475
v 0.00381348 0.01252010 0.11837573
v 0.00351460 0.01260048 0.10949474
v 0.00253797 0.01281185 0.10211734
v 0.01264741 0.00402483 0.09904949
v 0.01100147 0.00740149 0.09904097
v 0.00235851 0.01288920 0.10988242
v 0.00453699 0.01198658 0.11907375
v 0.00212184 0.01291383 0.11838146
v 0.00213362 0.01287660 0.09960357
v 0.00063946 0.01314008 0.09905919
v 0.00589145 0.01127330 0.11917291
v 0.00294746 0.01245884 0.11911270
v 0.00002585 0.01308607 0.10405045
v 0.00000971 0.01310868 0.11004148
v 0.00020045 0.01308680 0.11837025
v 0.00016369 0.01309499 0.09920088
v 0.00044096 0.01289397 0.11887872
v 0.01255853 0.00254720 0.11913057
v 0.01320014 0.00131593 0.09904055
v -0.00966965 0.00886032 0.11404847
v -0.00920972 0.00933219 0.11422914
v -0.00953329 0.00897081 0.10342791
v -0.00953945 0.00894845 0.11839384
v -0.01057669 0.00780217 0.10850425
v -0.01051216 0.00781063 0.09964062
v -0.00963311 0.00880500 0.09957395
v -0.01061005 0.00777203 0.11646627
v -0.01051524 0.00782490 0.11839439
v -0.01140562 0.00662024 0.11047545
v -0.01145348 0.00643559 0.10118529
v -0.01093793 0.00729312 0.09911118
v -0.00978153 0.00882228 0.09908605
v -0.01140314 0.00656998 0.11837008
v -0.01152864 0.00634089 0.09903159
v -0.00824077 0.01015967 0.11844108
v -0.00873287 0.00973869 0.10844637
v -0.00823238 0.01010095 0.09959244
v -0.00760063 0.01067309 0.11095676
v -0.00763980 0.01065094 0.11768585
v -0.00756820 0.01062994 0.09960417
v -0.00741257 0.01076236 0.10417096
v -0.00799348 0.01047051 0.09908386
v -0.00636791 0.01146331 0.11347761
v -0.00631358 0.01145307 0.10463042
v -0.00606222 0.01154297 0.09956770
v -0.00647233 0.01133572 0.11851777
v -0.00644897 0.01137498 0.09907524
v -0.00520786 0.01197022 0.11838152
v -0.00569868 0.01177804 0.10921116
v -0.00513425 0.01203424 0.09905012
v -0.00483369 0.01207560 0.09960804
v -0.00422450 0.01238040 0.11776627
v -0.00405900 0.01242971 0.10796222
v -0.00382594 0.01246757 0.09929156
v -0.00407235 0.01241961 0.11352226
v -0.00389794 0.01239585 0.11861401
v -0.00885757 0.00927842 0.11903685
v -0.00240889 0.01287019 0.11009766
v -0.00285649 0.01272038 0.09967323
v -0.00250138 0.01284212 0.10228690
v -0.00234482 0.01286209 0.11824549
v -0.00213722 0.01289437 0.09921451
v -0.00730039 0.01045554 0.11910621
v -0.00447632 0.01197309 0.11907178
v -0.00984964 0.00821934 0.11905848
v -0.01182458 0.00571890 0.10172533
v -0.01182565 0.00581413 0.11122634
v -0.01189293 0.00558552 0.11844999
v -0.01227707 0.00478321 0.11591972
v -0.01213344 0.00501162 0.09905339
v -0.01076772 0.00701426 0.11905422
v -0.01253234 0.00416646 0.10709382
v -0.01253550 0.00410409 0.10246302
v -0.01253699 0.00400238 0.09965380
v -0.01256701 0.00402213 0.11835852
v -0.01276161 0.00355404 0.09906931
v -0.01145851 0.00589984 0.11906036
v -0.00556707 0.01138267 0.11917672
v -0.01302827 0.00243661 0.10828581
v -0.01298590 0.00242792 0.10121304
v -0.01300640 0.00246508 0.11799715
v -0.01301461 0.00235265 0.09915453
v -0.01219849 0.00426498 0.11907007
v -0.01295439 0.00237917 0.11863439
v 0.00002585 0.01308607 0.10405045
v 0.00000971 0.01310868 0.11004148
v -0.00018158 0.01307552 0.11788369
v 0.00020045 0.01308680 0.11837025
v 0.00016369 0.01309499 0.09920088
v -0.00257086 0.01249389 0.11909564
v -0.00188260 0.01283305 0.11861611
v -0.00092240 0.01303889 0.09905700
v 0.00063946 0.01314008 0.09905919
v -0.00334961 0.01285654 0.09904851
v 0.00044096 0.01289397 0.11887872
v -0.01317723 0.00117112 0.10853083
v -0.01324807 0.00032704 0.11473255
v -0.01326356 -0.00003674 0.11838742
v -0.01326190 -0.00003246 0.10403252
v -0.01320187 0.00002866 0.09918539
v -0.01327696 -0.00021768 0.10919219
v -0.01256212 0.00228173 0.11926766
v -0.01292607 0.00005183 0.11916818
v -0.00393071 -0.01258795 0.11095465
v -0.00487854 -0.01227441 0.11548828
v -0.00489903 -0.01224920 0.10728843
v -0.00404393 -0.01256789 0.11595960
v -0.00414438 -0.01248393 0.10142476
v -0.00214727 -0.01299785 0.10500656
v -0.00216773 -0.01301021 0.10977080
v -0.00219515 -0.01300489 0.11603961
v -0.00248292 -0.01292602 0.10101141
v -0.00391717 -0.01258692 0.09911677
v -0.00198165 -0.01301494 0.09909823
v -0.00406055 -0.01252218 0.11856883
v -0.00225898 -0.01295528 0.11843066
v -0.00519843 -0.01210478 0.11843596
v -0.00527109 -0.01204764 0.09922916
v -0.00573730 -0.01189892 0.11504344
v -0.00648228 -0.01148653 0.10443696
v -0.00635576 -0.01152022 0.09921636
v -0.00684623 -0.01130549 0.11621876
v -0.00717655 -0.01103545 0.11855776
v -0.00743878 -0.01088440 0.10416462
v -0.00743469 -0.01082849 0.09928793
v -0.00793897 -0.01056823 0.11591844
v -0.00783573 -0.01058313 0.11849904
v -0.00821186 -0.01029888 0.10345137
v -0.00854000 -0.00995595 0.09952945
v -0.00889120 -0.00976629 0.11609963
v -0.00928362 -0.00935130 0.11844919
v -0.00909412 -0.00953079 0.10342811
v -0.00837561 -0.01017925 0.09910779
v -0.00580317 -0.01193232 0.09905232
v -0.00921193 -0.00931800 0.09923954
v -0.00955894 -0.00910854 0.11576419
v -0.00601898 -0.01154045 0.11884156
v -0.00970797 -0.00889855 0.10446124
v -0.00994253 -0.00857766 0.09962452
v -0.00988509 -0.00871339 0.09913060
v -0.01056937 -0.00797165 0.11601154
v -0.01062642 -0.00782472 0.11838886
v -0.01056155 -0.00786222 0.10038113
v -0.01052479 -0.00795506 0.10609023
v -0.01100108 -0.00720101 0.09906952
v -0.00306715 -0.01286578 0.09905990
v -0.00823958 -0.00994936 0.11905268
v 0.00003211 -0.01317849 0.11786612
v 0.00005747 -0.01320112 0.09916754
v 0.00006163 -0.01321453 0.10346401
v -0.00013654 -0.01318986 0.10882222
v 0.00000937 -0.01314031 0.11839046
v 0.00026408 -0.01318926 0.11536341
v -0.00931238 -0.00899649 0.11905469
v -0.00337875 -0.01244661 0.11906150
v -0.01137632 -0.00672491 0.11392525
v -0.01152706 -0.00635451 0.10299765
v -0.01160235 -0.00624635 0.09918330
v -0.01134132 -0.00670530 0.11851277
v -0.00531317 -0.01163951 0.11917535
v -0.00698409 -0.01073867 0.11915822
v -0.01215040 -0.00519710 0.11586084
v -0.01211724 -0.00521830 0.11847407
v -0.01214980 -0.00515228 0.10862574
v -0.01211887 -0.00509445 0.10298166
v -0.01212509 -0.00501627 0.09920560
v -0.01263887 -0.00393452 0.11840652
v -0.01262126 -0.00392434 0.10902043
v -0.01255935 -0.00398203 0.10241505
v -0.01251065 -0.00401401 0.09957175
v -0.01227819 -0.00482864 0.09902676
v -0.01264792 -0.00363212 0.09916734
v 0.00026502 -0.01296057 0.11886712
v -0.01303214 -0.00240013 0.10880992
v -0.01299211 -0.00255854 0.11846862
v -0.01284411 -0.00285264 0.10241874
v -0.01297088 -0.00229679 0.10101585
v -0.01303094 -0.00169675 0.09909390
v -0.01304496 -0.00229401 0.11800263
v -0.00167699 -0.01262559 0.11919955
v -0.01172772 -0.00627788 0.09902173
v 0.00250873 -0.01291349 0.11840722
v 0.00250115 -0.01296043 0.11663202
v 0.00226911 -0.01298289 0.10804614
v 0.00251755 -0.01291075 0.10108949
v 0.00145070 -0.01307354 0.09919117
v 0.00213139 -0.01301688 0.09907734
v -0.01326190 -0.00003246 0.10403252
v -0.01320187 0.00002866 0.09918539
v -0.01327696 -0.00021768 0.10919219
v -0.01326356 -0.00003674 0.11838742
v 0.00338254 -0.01245273 0.11902163
v 0.00137259 -0.01258160 0.11929447
v -0.01292607 0.00005183 0.11916818
v 0.00172110 -0.00752571 0.12663005
v 0.00027871 -0.00767369 0.12712656
v 0.00002391 -0.00773615 0.12662762
v 0.00150821 -0.00741594 0.13223131
v 0.00003853 -0.00748682 0.13794672
v 0.00021861 -0.00743061 0.13883083
v 0.00220395 -0.00715987 0.13877817
v -0.00014933 -0.00762732 0.12951709
v 0.00237392 -0.00738090 0.12681067
v 0.00230851 -0.00720957 0.13415564
v -0.00043508 -0.00741000 0.13894844
v -0.00196723 -0.00725299 0.13875865
v -0.00166252 -0.00753214 0.12734363
v -0.00198179 -0.00757669 0.12656491
v -0.00223987 -0.00726398 0.13351456
v -0.00230412 -0.00741470 0.12702654
v -0.00310956 -0.00688288 0.13892015
v 0.00310754 -0.00712531 0.12654483
v 0.00260675 -0.00699993 0.13893306
v -0.00347030 -0.00678090 0.13365407
v -0.00344958 -0.00696454 0.12706261
v -0.00374295 -0.00693039 0.12654807
v -0.00419980 -0.00636855 0.13894662
v -0.00427196 -0.00637293 0.13379376
v -0.00439700 -0.00646478 0.12707258
v -0.00501810 -0.00606026 0.12663030
v -0.00490008 -0.00594841 0.13414416
v -0.00498879 -0.00583972 0.13896049
v -0.00186993 -0.00698125 0.13931609
v 0.00039994 -0.00722550 0.13918429
v 0.00404029 -0.00637130 0.13898058
v 0.00414254 -0.00650858 0.13001138
v 0.00408801 -0.00660097 0.12662605
v 0.00404851 -0.00644722 0.13400288
v -0.00027551 -0.00694481 0.13950254
v 0.00190753 -0.00686885 0.13936573
v -0.00580695 -0.00515192 0.13418143
v -0.00581975 -0.00510237 0.13897861
v -0.00586286 -0.00527605 0.12731101
v -0.00575351 -0.00554919 0.12653608
v -0.00211248 -0.00795672 0.12604479
v -0.00001716 -0.00836243 0.12573981
v -0.00185456 -0.00827350 0.12543318
v 0.00006519 -0.00862200 0.12458109
v -0.00189267 -0.00861333 0.12312377
v 0.00010989 -0.00892056 0.12185862
v -0.00190879 -0.00897443 0.11986958
v 0.00008373 -0.00912310 0.11997180
v -0.00279828 -0.00830564 0.12361101
v -0.00323951 -0.00860220 0.11985369
v -0.00304139 -0.00796461 0.12535762
v -0.00392491 -0.00786712 0.12386920
v 0.00225414 -0.00842006 0.12394218
v 0.00215754 -0.00871363 0.12125933
v 0.00249046 -0.00880561 0.11979467
v -0.00445071 -0.00790650 0.12164577
v -0.00419093 -0.00821724 0.11982513
v 0.00199441 -0.00823282 0.12540943
v -0.00486519 -0.00720595 0.12503361
v -0.00382588 -0.00744349 0.12593012
v -0.00534426 -0.00757296 0.11982031
v -0.00558646 -0.00711593 0.12253035
v 0.00221667 -0.00795906 0.12599206
v 0.00297949 -0.00794151 0.12533084
v 0.00264093 -0.00868215 0.11996358
v -0.00511132 -0.00673326 0.12595884
v 0.00439362 -0.00744254 0.12498568
v 0.00390205 -0.00818954 0.11980979
v -0.00629708 -0.00684094 0.11984302
v 0.00393723 -0.00737209 0.12587745
v 0.00489399 -0.00742506 0.12282082
v -0.00612675 -0.00607430 0.12549539
v -0.00647644 -0.00604690 0.12422225
v -0.00678024 -0.00617041 0.12165479
v 0.00498879 -0.00759644 0.11986422
v 0.00609467 -0.00701726 0.11982749
v 0.00468019 -0.00694558 0.12592095
v -0.00335937 -0.00644956 0.13931180
v 0.00617835 -0.00680397 0.11999276
v 0.00601454 -0.00669105 0.12264118
v 0.00513179 -0.00587016 0.12659155
v 0.00490351 -0.00583558 0.13423722
v 0.00487721 -0.00577252 0.13875162
v 0.00587750 -0.00632920 0.12532745
v 0.00365419 -0.00627286 0.13936257
v 0.00001689 -0.00928438 0.11978896
v 0.00589991 -0.00599162 0.12599627
v 0.00516366 -0.00531708 0.13928880
v 0.00704715 -0.00602068 0.12000541
v 0.00681868 -0.00580344 0.12350533
v 0.00591666 -0.00489183 0.13372685
v 0.00604198 -0.00500176 0.12658452
v 0.00789431 -0.00521115 0.11983544
v -0.00740829 -0.00567370 0.11985392
v -0.00678100 -0.00513403 0.12594806
v 0.00672517 0.00379167 0.13189601
v 0.00708772 0.00346287 0.12654170
v 0.00659085 0.00431563 0.12657457
v 0.00584091 0.00478381 0.13864745
v 0.00603726 0.00506814 0.12659607
v 0.00647227 0.00389687 0.13864603
v 0.00639278 0.00393546 0.13905590
v 0.00713529 0.00259306 0.13554732
v 0.00690691 0.00284335 0.13909931
v 0.00743738 0.00260915 0.12651232
v 0.00722497 0.00196378 0.13908875
v 0.00745365 0.00213301 0.13073844
v 0.00765163 0.00199378 0.12646500
v 0.00748325 0.00173171 0.13214648
v 0.00745943 0.00088353 0.13691246
v 0.00773394 -0.00000765 0.13153999
v 0.00785697 0.00012441 0.12649276
v 0.00749514 -0.00001245 0.13859566
v 0.00744778 -0.00014776 0.13914727
v 0.00783304 -0.00034542 0.12663331
v 0.00753331 -0.00031688 0.13703875
v 0.00757991 -0.00175502 0.12907739
v 0.00760385 -0.00210373 0.12654400
v 0.00720592 -0.00219691 0.13869591
v 0.00739950 -0.00213254 0.13306695
v 0.00706580 -0.00240267 0.13913867
v 0.00697406 0.00166666 0.13959599
v 0.00694562 -0.00215616 0.13948126
v 0.00684152 -0.00331448 0.13512364
v 0.00674863 -0.00390373 0.12939371
v 0.00705167 -0.00350298 0.12659289
v 0.00643447 -0.00395753 0.13894803
v 0.00656701 -0.00391966 0.13422725
v 0.00674895 -0.00401296 0.12661324
v 0.00633597 0.00367125 0.13937615
v 0.00704454 -0.00013542 0.13970996
v 0.00591666 -0.00489183 0.13372685
v 0.00614563 -0.00409797 0.13936040
v 0.00604198 -0.00500176 0.12658452
v 0.00578709 -0.00484989 0.13877234
v 0.00516366 -0.00531708 0.13928880
v 0.00574142 0.00464977 0.13927639
v 0.00525904 0.00539405 0.13889767
v 0.00829787 -0.00212137 0.12581296
v 0.00487721 -0.00577252 0.13875162
v 0.00781308 -0.00332363 0.12590157
v 0.00855377 -0.00215191 0.12512528
v 0.00777381 -0.00406434 0.12530282
v 0.00887123 0.00000185 0.12507479
v 0.00881601 -0.00212591 0.12373144
v 0.00912515 -0.00005901 0.12352676
v 0.00928497 -0.00210645 0.12001212
v 0.00957435 -0.00012048 0.11985555
v 0.00940768 0.00167842 0.11988624
v 0.00902752 0.00208798 0.12248255
v 0.00867078 0.00204497 0.12487928
v 0.00927015 -0.00261165 0.11980074
v 0.00923004 0.00248515 0.11982529
v 0.00835709 0.00195972 0.12582375
v 0.00856304 -0.00002291 0.12582524
v 0.00822643 -0.00371867 0.12357908
v 0.00863777 -0.00377388 0.11990523
v 0.00839732 0.00386958 0.12239924
v 0.00814997 0.00326998 0.12533188
v 0.00785690 0.00398860 0.12529064
v 0.00847067 0.00426259 0.11986618
v 0.00789431 -0.00521115 0.11983544
v 0.00784222 -0.00445733 0.12351695
v 0.00782682 0.00346425 0.12588670
v 0.00800855 -0.00482853 0.12000755
v 0.00725242 -0.00440285 0.12596941
v 0.00783331 0.00478616 0.12265321
v 0.00681868 -0.00580344 0.12350533
v 0.00667504 -0.00550298 0.12541201
v 0.00704715 -0.00602068 0.12000541
v 0.00713110 0.00462361 0.12601071
v 0.00709966 0.00505215 0.12553953
v 0.00683526 0.00566600 0.12470833
v 0.00711464 0.00590865 0.12174075
v 0.00767160 0.00544725 0.11984035
v 0.00589991 -0.00599162 0.12599627
v 0.00587750 -0.00632920 0.12532745
v 0.00633033 0.00574806 0.12588258
v -0.00755206 0.00262617 0.12870499
v -0.00700188 0.00393023 0.12662395
v -0.00773834 0.00228808 0.12705451
v -0.00681644 0.00401851 0.13091431
v -0.00740164 0.00264437 0.13869564
v -0.00679103 0.00384666 0.13869593
v -0.00766490 0.00212262 0.13296238
v -0.00752235 0.00231305 0.13902959
v -0.00778099 0.00238468 0.12652224
v -0.00653866 0.00434418 0.13370427
v -0.00649903 0.00430473 0.13869466
v -0.00661115 0.00447241 0.12665378
v -0.00678965 0.00358989 0.13924191
v -0.00767306 0.00178320 0.13878234
v -0.00588415 0.00511034 0.13673708
v -0.00592866 0.00510782 0.13313337
v -0.00587452 0.00533940 0.12709719
v -0.00585572 0.00547252 0.12658210
v -0.00574286 0.00515328 0.13898500
v -0.00495276 0.00594046 0.13396155
v -0.00487784 0.00591420 0.13872010
v -0.00505743 0.00603800 0.12668426
v -0.00421259 0.00661010 0.12697982
v -0.00386913 0.00688999 0.12657815
v -0.00400532 0.00651644 0.13604285
v -0.00412383 0.00637632 0.13898422
v -0.00793772 0.00027813 0.13899241
v -0.00794567 0.00042117 0.13368940
v -0.00802450 0.00029263 0.12870410
v -0.00809822 0.00021968 0.12654845
v -0.00795302 -0.00014592 0.13340099
v -0.00805281 -0.00013391 0.12715787
v -0.00790293 -0.00028432 0.13902987
v -0.00787452 -0.00159601 0.12650524
v -0.00771970 -0.00158207 0.13882112
v -0.00612014 0.00426058 0.13938674
v -0.00764695 0.00020213 0.13942469
v -0.00752242 -0.00174026 0.13931309
v -0.00766616 -0.00225249 0.12834916
v -0.00759414 -0.00216635 0.13551256
v -0.00771506 -0.00233625 0.12652845
v -0.00750427 -0.00236369 0.13895510
v -0.00781578 0.00365456 0.12593430
v -0.00844809 0.00215145 0.12588049
v -0.00794919 0.00392349 0.12514366
v -0.00867691 0.00217572 0.12503443
v -0.00899662 0.00291194 0.12061533
v -0.00833126 0.00396218 0.12260120
v -0.00862147 0.00414982 0.11987768
v -0.00896752 0.00225920 0.12281602
v -0.00934157 0.00225854 0.11979189
v -0.00911032 0.00312892 0.11983420
v -0.00747190 0.00508744 0.12364741
v -0.00812217 0.00489290 0.11986043
v -0.00907671 0.00013198 0.12385435
v -0.00944495 0.00010115 0.12058976
v -0.00957783 0.00009027 0.11977496
v -0.00704051 0.00514973 0.12552111
v -0.00719684 0.00459221 0.12603142
v -0.00880270 0.00007644 0.12550744
v -0.00721012 0.00604065 0.12001640
v -0.00679091 0.00581759 0.12424785
v -0.00697445 0.00648371 0.11984884
v -0.00607808 0.00605436 0.12587140
v -0.00573348 0.00697745 0.12339570
v -0.00532056 0.00699973 0.12485298
v -0.00593799 0.00724519 0.12000473
v -0.00932391 -0.00181403 0.11999458
v -0.00851891 0.00011833 0.12607414
v -0.00930758 -0.00245562 0.11978524
v -0.00857247 -0.00214993 0.12501917
v -0.00883649 -0.00217672 0.12319289
v -0.00833501 -0.00211140 0.12588170
v -0.00918128 -0.00244622 0.12002983
v -0.00513712 0.00674996 0.12593852
v -0.00817670 -0.00378758 0.12326370
v -0.00803958 -0.00330282 0.12531168
v -0.00844406 -0.00415987 0.11998922
v -0.00682146 -0.00387971 0.13426064
v -0.00697228 -0.00383393 0.12659568
v -0.00688938 -0.00366631 0.13897227
v -0.00751091 -0.00392394 0.12595197
v -0.00839480 -0.00446020 0.11978986
v -0.00716464 -0.00495997 0.12524028
v -0.00735989 -0.00534194 0.12247385
v -0.00701300 -0.00301550 0.13929488
v -0.00678100 -0.00513403 0.12594806
v -0.00656407 -0.00445706 0.12666643
v -0.00637272 -0.00444865 0.13898148
v -0.00740829 -0.00567370 0.11985392
v -0.00647644 -0.00604690 0.12422225
v -0.00580695 -0.00515192 0.13418143
v -0.00678024 -0.00617041 0.12165479
v -0.00586286 -0.00527605 0.12731101
v -0.00575351 -0.00554919 0.12653608
v -0.00581975 -0.00510237 0.13897861
v -0.00612675 -0.00607430 0.12549539
v -0.00027702 0.00761183 0.12980401
v 0.00000375 0.00770381 0.12708366
v -0.00209470 0.00749357 0.12708095
v -0.00005544 0.00747026 0.13724626
v -0.00216122 0.00722010 0.13729916
v -0.00216381 0.00733760 0.13165345
v -0.00025622 0.00741168 0.13875343
v -0.00229718 0.00711772 0.13890218
v -0.00201323 0.00758433 0.12657521
v -0.00000309 0.00777811 0.12653624
v 0.00167856 0.00725007 0.13876773
v 0.00088164 0.00747163 0.13348924
v 0.00167528 0.00747401 0.12896286
v 0.00177229 0.00756094 0.12659435
v 0.00225958 0.00716070 0.13691052
v 0.00234565 0.00736395 0.12737613
v 0.00308877 0.00718967 0.12656827
v -0.00004603 0.00729455 0.13915694
v 0.00251232 0.00701752 0.13892812
v 0.00339109 0.00679356 0.13287715
v 0.00349958 0.00690262 0.12724433
v 0.00399392 0.00635371 0.13869023
v 0.00430795 0.00647398 0.12730467
v 0.00472187 0.00636675 0.12651709
v 0.00339868 0.00643886 0.13929474
v 0.00491001 0.00591432 0.13240104
v 0.00467045 0.00589833 0.13892911
v 0.00502199 0.00599151 0.12723310
v 0.00559890 0.00542634 0.12829435
v 0.00175302 0.00694200 0.13935960
v 0.00525904 0.00539405 0.13889767
v 0.00603726 0.00506814 0.12659607
v 0.00584091 0.00478381 0.13864745
v -0.00295740 0.00687173 0.13877620
v -0.00355834 0.00677107 0.13277974
v -0.00400532 0.00651644 0.13604285
v -0.00358746 0.00691546 0.12700575
v -0.00386913 0.00688999 0.12657815
v -0.00412383 0.00637632 0.13898422
v -0.00421259 0.00661010 0.12697982
v -0.00151820 0.00693758 0.13942415
v -0.00292388 0.00662171 0.13934708
v 0.00239848 0.00799713 0.12595246
v -0.00001545 0.00838762 0.12575023
v 0.00225083 0.00830145 0.12525584
v 0.00000991 0.00864759 0.12493625
v 0.00221147 0.00856863 0.12389369
v 0.00001426 0.00903087 0.12264802
v 0.00161229 0.00922529 0.12002853
v -0.00002798 0.00938393 0.11990803
v 0.00228237 0.00912079 0.11989297
v 0.00345072 0.00832537 0.12266149
v -0.00211778 0.00916766 0.11999756
v 0.00365917 0.00786097 0.12501220
v -0.00227807 0.00874041 0.12284899
v -0.00235105 0.00831950 0.12522186
v 0.00418992 0.00833490 0.12001994
v 0.00455980 0.00788365 0.12214486
v 0.00482347 0.00726772 0.12501744
v 0.00424507 0.00728431 0.12593826
v 0.00526522 0.00740620 0.12253486
v 0.00440763 0.00832501 0.11986282
v -0.00233700 0.00799531 0.12597143
v 0.00583215 0.00733510 0.11985045
v 0.00509671 0.00674129 0.12598249
v 0.00592279 0.00655307 0.12473592
v -0.00396271 0.00846010 0.12007549
v -0.00404626 0.00807558 0.12270400
v -0.00400429 0.00767688 0.12521458
v 0.00571208 0.00647800 0.12555044
v 0.00626405 0.00664733 0.12245089
v -0.00412354 0.00730536 0.12599986
v -0.00387579 0.00859820 0.11984032
v 0.00689332 0.00637539 0.11984629
v -0.00532056 0.00699973 0.12485298
v 0.00004468 0.00699921 0.13950880
v -0.00573348 0.00697745 0.12339570
v -0.00593799 0.00724519 0.12000473
v -0.00522579 0.00782185 0.11985042
v -0.00513712 0.00674996 0.12593852
v -0.00213932 0.00931199 0.11982117
v 0.00711464 0.00590865 0.12174075
v 0.00683526 0.00566600 0.12470833
v 0.00633033 0.00574806 0.12588258
v 0.00432359 0.00575011 0.13941316
v 0.00709966 0.00505215 0.12553953
v 0.00767160 0.00544725 0.11984035
v 0.00574142 0.00464977 0.13927639
v -0.00697445 0.00648371 0.11984884
v -0.00505743 0.00603800 0.12668426
v -0.01403641 0.00683796 0.00004105
v -0.01235875 0.00772855 0.00006179
v -0.01378846 0.00322818 0.00007980
v -0.01560079 0.00334018 0.00001935
v -0.01508647 0.00025618 0.00003699
v -0.01570382 -0.00375773 0.00002637
v -0.01230151 0.00984969 0.00005767
v -0.01486545 -0.00479129 0.00000000
v -0.01370449 -0.00492413 0.00005366
v -0.01408131 -0.00680889 0.00002255
v -0.01239741 -0.00770616 0.00006400
v -0.01405908 -0.00800450 0.00008109
v -0.01526941 -0.00585541 0.00010508
v -0.01197114 -0.00994785 0.00003800
v -0.01083188 0.01039039 0.00004170
v -0.00954797 0.01206817 0.00003565
v -0.00822680 0.01068409 0.00015616
v -0.00985277 0.00908828 0.00016088
v -0.01374167 -0.00042162 0.00016243
v -0.01250855 -0.00471016 0.00018689
v -0.01107795 -0.00741952 0.00023085
v -0.00721921 0.01204759 0.00007284
v -0.00825800 0.01369274 0.00009092
v -0.00605484 0.01416249 0.00004023
v -0.00486834 0.01343659 0.00008931
v -0.00358821 0.01441196 0.00004971
v -0.00320645 0.01582102 0.00010039
v -0.00157428 0.01573661 0.00004713
v 0.00156173 0.01556290 0.00004432
v 0.00002983 0.01400832 0.00014675
v 0.00385993 0.01412271 0.00002732
v 0.00384645 0.01557260 0.00008800
v 0.00545516 0.01408387 0.00001086
v -0.01159037 0.00663876 0.00017956
v -0.01282714 0.00406131 0.00015491
v -0.00989966 -0.00970734 0.00021901
v -0.01052797 -0.01163095 0.00006235
v -0.00830208 -0.01128799 0.00019064
v -0.00862067 -0.01251199 0.00006772
v -0.00670924 -0.01219810 0.00013894
v -0.00605419 -0.01404216 0.00002767
v -0.00474160 -0.01408444 0.00005572
v -0.00843611 -0.01367279 0.00008108
v -0.00445254 -0.01559772 0.00010744
v -0.00136102 -0.01573136 0.00003867
v -0.00998350 -0.01282532 0.00016097
v -0.00280012 -0.01416315 0.00011319
v 0.00190531 -0.01520673 0.00005743
v 0.00361643 -0.01565933 0.00005424
v -0.01110574 0.01161628 0.00010719
v -0.01617447 0.00161304 0.00007884
v -0.00216823 0.01336192 0.00020922
v -0.00472538 0.01239785 0.00020150
v -0.01152051 -0.01136302 0.00011831
v 0.00613383 0.01502844 0.00015767
v -0.01516289 0.00594524 0.00011804
v -0.01428215 0.00777238 0.00012579
v -0.01331929 0.00923169 0.00013000
v 0.00478785 -0.01554153 0.00010681
v 0.00501074 -0.01417118 0.00002698
v 0.00770886 -0.01385300 0.00003524
v 0.00692590 -0.01264882 0.00007966
v 0.01031221 -0.01185631 0.00003051
v 0.00912552 -0.01353941 0.00008604
v 0.00909839 -0.01125807 0.00011984
v 0.01086553 -0.00889057 0.00014368
v 0.01209897 -0.00958263 0.00003447
v 0.01232087 -0.00764943 0.00004913
v 0.01376604 -0.00794945 0.00002917
v 0.01401659 -0.00551841 0.00000629
v 0.01494317 -0.00537404 0.00002508
v 0.01518872 -0.00157681 0.00000915
v 0.01405208 -0.00033368 0.00009468
v 0.01487516 0.00404895 0.00001156
v 0.01589659 0.00027880 0.00001411
v 0.01371000 0.00525754 0.00003808
v 0.01373335 0.00768547 0.00000689
v 0.01231166 0.00655029 0.00009695
v 0.01230018 0.00933791 0.00001735
v 0.01585323 -0.00454714 0.00012428
v 0.01121361 0.00788533 0.00014928
v 0.00962513 0.01003757 0.00013262
v 0.01008313 0.01178182 0.00001086
v 0.00752921 0.01242724 0.00004871
v 0.00683292 0.01180731 0.00012074
v 0.00822560 0.01365151 0.00005550
v 0.01206915 -0.01096472 0.00010361
v 0.01314877 -0.00976916 0.00011644
v 0.01102398 -0.01217179 0.00012653
v 0.01260633 -0.00446415 0.00016646
v 0.01163117 -0.00685806 0.00013743
v 0.00090591 -0.01411979 0.00019861
v 0.01625176 -0.00078995 0.00007728
v 0.01613153 0.00305258 0.00011939
v 0.01503164 0.00639859 0.00012080
v 0.00404659 0.01248986 0.00026319
v 0.01214942 0.01057150 0.00010691
v 0.01352989 0.00907888 0.00013100
v -0.01619326 -0.00179817 0.00008886
v -0.00651244 0.01487198 0.00016165
v 0.01214071 0.00463442 0.00027122
v 0.01252712 0.00240464 0.00034708
v 0.00434366 -0.01320272 0.00019576
v 0.00638468 -0.01197087 0.00020183
v -0.00638959 0.01123598 0.00025323
v 0.00055727 0.01271079 0.00043841
v -0.01031844 0.01253423 0.00017833
v 0.00844723 -0.01065128 0.00025646
v 0.01010259 -0.00751600 0.00041761
v 0.00201097 0.01619056 0.00015723
v -0.00361210 -0.01253083 0.00037940
v -0.01224564 0.00181643 0.00043111
v 0.01325965 -0.00055607 0.00023688
v 0.01108156 0.01195111 0.00015517
v 0.00935117 0.01301079 0.00009992
v 0.01477393 -0.00743752 0.00015614
v -0.01257421 -0.00065475 0.00038705
v -0.00874598 0.00851002 0.00045342
v -0.01363589 -0.00988155 0.00029533
v 0.01109737 0.00655959 0.00032192
v -0.00073689 -0.01290346 0.00047614
v -0.01586462 0.00452160 0.00015240
v -0.00841051 -0.00887419 0.00056470
v -0.00694446 -0.01064707 0.00043298
v 0.01196596 -0.00231165 0.00048118
v -0.01219726 -0.00388499 0.00030504
v -0.00993766 -0.00623641 0.00064522
v 0.00965395 0.00783981 0.00044624
v 0.00824482 0.00941919 0.00041360
v 0.00367250 -0.01235570 0.00043351
v 0.00740117 -0.01520013 0.00029447
v 0.00143918 -0.01258824 0.00055148
v -0.01052085 0.00566275 0.00052690
v 0.01227119 0.00026175 0.00049849
v -0.00700450 -0.01539598 0.00031653
v -0.00461290 0.01167997 0.00036537
v -0.00160227 0.01228099 0.00050085
v 0.00505804 0.01089751 0.00054623
v 0.00215081 -0.01682218 0.00033178
v -0.00049923 -0.01691895 0.00031869
v -0.00317771 -0.01670057 0.00035251
v -0.01162342 0.00384061 0.00043057
v -0.01230710 0.01142257 0.00034748
v 0.00669891 -0.01041125 0.00052873
v 0.00868351 -0.00887790 0.00051770
v 0.01507679 0.00782161 0.00034562
v 0.00180352 0.01110536 0.00086376
v 0.01083896 -0.00568265 0.00048039
v 0.01699372 0.00005917 0.00029624
v 0.00584368 0.01573949 0.00031426
v 0.00797952 -0.00740293 0.00096310
v 0.01692073 -0.00185495 0.00031049
v -0.01093088 -0.01301249 0.00037723
v -0.00596711 -0.00912636 0.00095761
v -0.00682239 -0.00679619 0.00135763
v -0.00427119 -0.00697245 0.00179810
v -0.00627376 -0.00479784 0.00187275
v -0.00442484 -0.00386765 0.00238008
v -0.00280628 -0.00493385 0.00243834
v -0.00277201 -0.00234432 0.00277653
v -0.00059944 -0.00468590 0.00262546
v 0.00003372 -0.00267658 0.00288929
v 0.00015498 -0.00025404 0.00304591
v -0.00259021 -0.00007283 0.00292263
v 0.00012266 0.00105589 0.00301827
v -0.00232445 0.00220318 0.00284080
v 0.00374878 -0.00044007 0.00279160
v 0.00244824 0.00147045 0.00286481
v 0.00257174 -0.00226637 0.00278889
v -0.00084328 0.00411479 0.00273567
v 0.00099599 0.00363911 0.00278017
v 0.00350101 0.00233095 0.00272112
v -0.00435521 0.00037430 0.00273490
v -0.00428072 -0.00135773 0.00268359
v 0.00148732 -0.00482790 0.00256624
v 0.00348897 -0.00433280 0.00248495
v 0.00546986 -0.00023334 0.00255776
v -0.00349004 0.00336697 0.00261491
v -0.00002981 0.00604058 0.00243069
v 0.00239031 0.00522524 0.00244422
v 0.00547535 -0.00212721 0.00243013
v -0.00206917 0.00531145 0.00247331
v 0.00576690 0.00197153 0.00239102
v 0.00440460 0.00321651 0.00249995
v -0.00605994 -0.00006897 0.00241546
v 0.00005202 -0.00695953 0.00219609
v -0.00496798 0.00335354 0.00236944
v -0.00584542 0.00175292 0.00236407
v -0.00157978 -0.00648996 0.00223500
v 0.00240963 -0.00668548 0.00213193
v -0.00628187 -0.00203343 0.00223368
v 0.00573656 -0.00416183 0.00210107
v -0.00416833 0.00549063 0.00214337
v 0.00730174 -0.00013034 0.00213051
v 0.00730519 -0.00191381 0.00200305
v -0.00220338 0.00698915 0.00208435
v 0.00402093 0.00610172 0.00203477
v 0.00572213 0.00460814 0.00202356
v 0.00214369 0.00724831 0.00199944
v 0.00758787 0.00181938 0.00193338
v 0.00546133 -0.00706244 0.00158210
v 0.00001380 0.00886962 0.00168445
v 0.00257983 0.00940567 0.00132738
v -0.00179740 0.00954568 0.00138228
v -0.00407916 0.00862358 0.00136788
v 0.00139927 -0.01012542 0.00128353
v 0.00750539 -0.00440224 0.00164051
v 0.00955552 -0.00342801 0.00117433
v 0.00991004 -0.00147949 0.00125565
v 0.00975954 0.00003239 0.00136752
v 0.00353011 -0.00921975 0.00133418
v -0.00019003 -0.01001001 0.00134897
v -0.00241394 -0.00972920 0.00129945
v 0.00815550 0.00466463 0.00142858
v -0.00805822 -0.00479751 0.00142398
v -0.00948226 0.00164502 0.00133270
v -0.00919939 -0.00015958 0.00150341
v -0.00960601 -0.00162931 0.00129776
v -0.00877380 0.00333845 0.00138498
v -0.00775130 0.00529413 0.00137465
v -0.00641995 0.00721615 0.00130804
v -0.01050408 -0.00358303 0.00082786
v -0.00604009 0.01561858 0.00032410
v 0.00503410 0.00750881 0.00152702
v 0.00747403 0.00750042 0.00103616
v 0.00948396 0.00204722 0.00136231
v 0.00741867 0.01517034 0.00036854
v -0.01703590 0.00011313 0.00034826
v 0.01008968 0.01356853 0.00037583
v 0.01261044 0.01136976 0.00038874
v 0.01283996 -0.01122367 0.00034843
v 0.01400230 0.00956454 0.00036200
v -0.00906689 -0.01432500 0.00037776
v -0.01303848 -0.01085706 0.00037150
v -0.00006836 0.01691450 0.00037958
v -0.01523138 -0.00755512 0.00035769
v 0.01096186 -0.01302604 0.00033444
v 0.01687891 0.00293383 0.00036947
v -0.01683137 0.00222873 0.00034096
v 0.01611500 0.00557702 0.00038620
v 0.00509171 -0.01619157 0.00035267
v -0.01601925 -0.00560926 0.00032886
v 0.01419198 -0.00934285 0.00034352
v -0.00828805 0.01475144 0.00042882
v -0.01681763 -0.00269273 0.00035983
v -0.01009549 0.01348928 0.00041178
v -0.00265068 0.01684961 0.00044869
v 0.00902523 -0.01445816 0.00035774
v 0.00250615 0.01681545 0.00041936
v -0.01513878 0.00768732 0.00039850
v -0.01579846 0.00609602 0.00036311
v 0.01664680 -0.00412613 0.00039268
v 0.01539948 -0.00729240 0.00036354
v -0.01390770 0.00964829 0.00041805
v -0.01715775 0.00399917 0.00080522
v -0.00627227 -0.01648582 0.00080522
v -0.00387042 -0.01715459 0.00075088
v -0.00483446 0.01695514 0.00089606
v 0.00537885 0.01682869 0.00089797
v 0.00345113 0.01724015 0.00082677
v 0.00362830 -0.01720645 0.00079295
v -0.00752567 0.01588841 0.00089818
v 0.00078278 0.01765667 0.00090671
v -0.00941135 -0.01492372 0.00083870
v -0.00202243 -0.01752159 0.00082284
v -0.01198807 -0.01293512 0.00084832
v -0.01162843 0.01319248 0.00094411
v 0.00938249 0.01491208 0.00091252
v 0.01120188 0.01356618 0.00088177
v 0.00006734 -0.01761793 0.00081789
v -0.01521057 -0.00894926 0.00086585
v -0.01734499 -0.00305438 0.00077774
v -0.00941502 0.01487912 0.00094819
v 0.00770929 0.01587013 0.00090683
v -0.00195412 0.01760372 0.00096047
v -0.01357359 0.01117118 0.00092935
v -0.01651961 -0.00625706 0.00084087
v 0.01728842 0.00399231 0.00086994
v -0.01664638 0.00591021 0.00089966
v -0.01369010 -0.01108369 0.00085152
v 0.00799182 -0.01573878 0.00085221
v 0.00561528 -0.01674643 0.00085515
v 0.01594764 0.00764727 0.00088846
v -0.01501441 0.00924087 0.00094704
v 0.01513652 0.00923391 0.00094667
v 0.01771651 0.00005175 0.00083617
v 0.01766100 0.00194564 0.00089595
v 0.01400621 0.01073212 0.00091019
v -0.01752721 0.00209115 0.00085190
v -0.01582661 0.00768042 0.00087333
v 0.01296324 0.01196106 0.00090365
v 0.00224940 -0.01754747 0.00089425
v 0.01693915 0.00569853 0.00102636
v -0.01769274 0.00012174 0.00086574
v 0.01484204 -0.00957350 0.00088403
v 0.01343267 -0.01144548 0.00085573
v 0.01767652 -0.00193299 0.00091689
v 0.01752813 -0.00383986 0.00109176
v 0.01603438 -0.00751154 0.00090518
v 0.01701122 -0.00549576 0.00104553
v 0.01032606 -0.01433415 0.00089132
v 0.01218605 -0.01281783 0.00090500
v -0.00530040 -0.01713409 0.00115309
v -0.00737929 -0.01649176 0.00136074
v -0.01345033 0.01198521 0.00147633
v -0.00743729 0.01644126 0.00146476
v -0.01360108 -0.01184558 0.00138780
v -0.00872092 -0.01591301 0.00150456
v -0.01606986 0.00820395 0.00144299
v -0.01181517 -0.01381688 0.00156703
v -0.01029657 -0.01491047 0.00148922
v -0.01003960 0.01496480 0.00150147
v -0.00860850 0.01592471 0.00160293
v -0.01525624 0.00971099 0.00155259
v -0.01273621 -0.01289228 0.00150601
v -0.01180053 0.01369227 0.00158689
v 0.01381285 0.01162943 0.00150877
v -0.01481863 0.01056820 0.00181745
v 0.00984960 -0.00873171 0.11415456
v 0.00886266 -0.00972760 0.11559806
v 0.00887217 -0.00968810 0.10763152
v 0.00983700 -0.00865887 0.11833289
v 0.00878475 -0.00971125 0.11839090
v 0.01059953 -0.00779751 0.11765854
v 0.00986777 -0.00853708 0.09975737
v 0.01071795 -0.00764464 0.10959445
v 0.01050450 -0.00779028 0.09968946
v 0.00871190 -0.00973654 0.10172647
v 0.00858306 -0.00987204 0.09953516
v 0.00791450 -0.01056016 0.11476609
v 0.00793715 -0.01051185 0.10781896
v 0.00783610 -0.01048527 0.10091132
v 0.00770094 -0.01065542 0.11835530
v 0.00720080 -0.01099525 0.09915791
v 0.00646999 -0.01144815 0.10225439
v 0.00675659 -0.01134712 0.11182104
v 0.00670359 -0.01135224 0.11770308
v 0.00844273 -0.01009168 0.09917832
v 0.01046833 -0.00802634 0.09906864
v 0.01059932 -0.00767610 0.11848615
v 0.00790205 -0.01040499 0.11866908
v 0.00614896 -0.01160565 0.09923098
v 0.01088888 -0.00723956 0.10193352
v 0.01105637 -0.00702527 0.09909089
v 0.01164488 -0.00613864 0.11254777
v 0.01147467 -0.00630074 0.10305729
v 0.01176975 -0.00577413 0.09922241
v 0.01167561 -0.00600083 0.11793332
v 0.01169427 -0.00585046 0.11855061
v 0.01174769 -0.00576191 0.10346977
v 0.01238732 -0.00440329 0.11668536
v 0.01221543 -0.00479725 0.10976383
v 0.01252808 -0.00396796 0.11837469
v 0.01229770 -0.00442688 0.10336806
v 0.01253556 -0.00382474 0.09952509
v 0.01255641 -0.00384090 0.11018540
v 0.01260811 -0.00338280 0.10258955
v 0.01288150 -0.00239178 0.10217797
v 0.01246929 -0.00420322 0.09918561
v 0.01281294 -0.00280547 0.11196725
v 0.01295575 -0.00221104 0.10886313
v 0.01295885 -0.00225412 0.11764482
v 0.01279283 -0.00280495 0.11836928
v 0.01297320 -0.00228129 0.09907905
v 0.01293080 -0.00208994 0.09953527
v 0.00982175 -0.00825777 0.11908178
v 0.00880980 -0.00935554 0.11906852
v 0.01068520 -0.00707131 0.11908565
v 0.01135290 -0.00594900 0.11910827
v 0.01288378 -0.00190953 0.11872724
v 0.01183943 -0.00489741 0.11911076
v 0.01315470 -0.00001692 0.10742597
v 0.01315746 -0.00000920 0.11780635
v 0.01310415 -0.00031377 0.09918751
v 0.01310786 -0.00003210 0.11848573
v 0.01236874 -0.00352785 0.11907871
v 0.01320014 0.00131593 0.09904055
v 0.01310281 0.00035455 0.09920201
v 0.00601731 -0.01172656 0.11394728
v 0.00514906 -0.01207015 0.11842610
v 0.00567153 -0.01167564 0.11886211
v 0.00434128 -0.01246552 0.11472062
v 0.00421279 -0.01242583 0.09962774
v 0.00518478 -0.01205025 0.09923633
v 0.01205777 -0.00555075 0.09903097
v 0.00347148 -0.01274924 0.09910373
v 0.00391105 -0.01256051 0.11845362
v 0.00582267 -0.01189632 0.09905891
v 0.00639431 -0.01106709 0.11915738
v 0.00424384 -0.01244637 0.10526294
v 0.00754104 -0.01029962 0.11917479
v 0.00251755 -0.01291075 0.10108949
v 0.00213139 -0.01301688 0.09907734
v 0.00250115 -0.01296043 0.11663202
v 0.00307768 -0.01279103 0.11335129
v 0.00250873 -0.01291349 0.11840722
v 0.00226911 -0.01298289 0.10804614
v 0.00338254 -0.01245273 0.11902163
v 0.00464877 -0.01189739 0.11916978
v 0.01251347 -0.00213230 0.11925246
v 0.01289986 0.00230258 0.11838080
v 0.01290615 0.00235051 0.11524624
v 0.01289390 0.00235187 0.10657381
v 0.01289057 0.00234955 0.09953166
v 0.01291638 0.00250284 0.09915238
v 0.01275184 0.00004807 0.11918474
v 0.01255853 0.00254720 0.11913057
v -0.01276749 -0.00204197 0.11912487
v -0.01299211 -0.00255854 0.11846862
v -0.01230596 -0.00416209 0.11902537
v -0.01263887 -0.00393452 0.11840652
v -0.01211724 -0.00521830 0.11847407
v -0.01157509 -0.00576560 0.11906809
v -0.01134132 -0.00670530 0.11851277
v -0.01023567 -0.00791029 0.11905106
v -0.01062642 -0.00782472 0.11838886
v -0.01039965 -0.00652761 0.11968202
v -0.01109468 -0.00514863 0.11971042
v -0.01194213 -0.00279346 0.11968387
v -0.00913759 -0.00821885 0.11967149
v -0.00931238 -0.00899649 0.11905469
v -0.00787931 -0.00939187 0.11967665
v -0.01201629 -0.00162268 0.11975857
v -0.00823958 -0.00994936 0.11905268
v -0.01226563 -0.00002266 0.11966679
v -0.01292607 0.00005183 0.11916818
v -0.01256212 0.00228173 0.11926766
v -0.01210845 0.00255672 0.11957837
v -0.01158916 0.00215608 0.11978323
v -0.01157692 0.00375124 0.11971120
v -0.01219849 0.00426498 0.11907007
v -0.01085398 0.00580155 0.11964061
v -0.00698409 -0.01073867 0.11915822
v -0.00501112 -0.01113002 0.11968421
v -0.00531317 -0.01163951 0.11917535
v -0.00337875 -0.01244661 0.11906150
v -0.00241032 -0.01191423 0.11968751
v -0.00167699 -0.01262559 0.11919955
v -0.00004407 -0.01210011 0.11970979
v 0.00137259 -0.01258160 0.11929447
v -0.01145851 0.00589984 0.11906036
v -0.01076772 0.00701426 0.11905422
v 0.00026502 -0.01296057 0.11886712
v -0.00304268 -0.00909727 0.11979541
v -0.00534426 -0.00757296 0.11982031
v -0.00348213 -0.01126765 0.11978838
v -0.00710295 -0.00921371 0.11980386
v -0.00735282 -0.00607722 0.11981068
v -0.01014153 -0.00591687 0.11981585
v 0.00249046 -0.00880561 0.11979467
v 0.00333019 -0.01114734 0.11978303
v 0.00656776 -0.00962230 0.11977869
v 0.00001689 -0.00928438 0.11978896
v 0.00390205 -0.00818954 0.11980979
v 0.00609467 -0.00701726 0.11982749
v 0.00789431 -0.00521115 0.11983544
v 0.00945654 -0.00676944 0.11977291
v 0.00927015 -0.00261165 0.11980074
v 0.01111282 -0.00352636 0.11977946
v 0.00997951 -0.00014404 0.11980678
v -0.00839480 -0.00446020 0.11978986
v -0.00930758 -0.00245562 0.11978524
v -0.01055338 -0.00054126 0.11979984
v -0.00957783 0.00009027 0.11977496
v -0.01153018 -0.00302099 0.11978844
v -0.00934157 0.00225854 0.11979189
v -0.01073813 0.00479473 0.11980610
v -0.00887299 0.00434799 0.11981027
v -0.00978994 0.00643623 0.11980664
v -0.00697445 0.00648371 0.11984884
v 0.01189048 0.00218390 0.11972959
v 0.01137866 0.00359829 0.11976200
v 0.00916611 0.00719868 0.11976865
v 0.00888063 0.00450014 0.11980118
v 0.00656861 0.00955751 0.11978640
v 0.00583215 0.00733510 0.11985045
v 0.00689332 0.00637539 0.11984629
v 0.00767160 0.00544725 0.11984035
v -0.00681696 0.00935182 0.11981350
v 0.00368726 0.01133649 0.11977975
v 0.00059273 0.00962486 0.11982207
v 0.00405814 0.00886639 0.11982342
v -0.00390185 0.01090013 0.11980260
v -0.00213932 0.00931199 0.11982117
v -0.00387579 0.00859820 0.11984032
v -0.00522579 0.00782185 0.11985042
v -0.00163949 0.01176061 0.11975487
v 0.01206259 -0.00004708 0.11971761
v -0.00027848 0.01203245 0.11971865
v 0.00957435 -0.00012048 0.11985555
v 0.00923004 0.00248515 0.11982529
v 0.00847067 0.00426259 0.11986618
v 0.01079990 0.00542024 0.11969663
v 0.00215366 -0.01196741 0.11968387
v 0.00753483 -0.00958558 0.11967439
v 0.00735198 0.00960489 0.11969509
v 0.00538158 0.01083161 0.11969417
v -0.00483665 0.01108948 0.11970663
v -0.00929084 0.00789830 0.11969560
v -0.00419093 -0.00821724 0.11982513
v -0.00323951 -0.00860220 0.11985369
v -0.00190879 -0.00897443 0.11986958
v 0.00573094 -0.01078708 0.11966217
v 0.00440763 0.00832501 0.11986282
v 0.00228237 0.00912079 0.11989297
v 0.01084680 -0.00548303 0.11965405
v 0.00391970 -0.01153388 0.11967061
v -0.00812217 0.00489290 0.11986043
v 0.01197099 -0.00231283 0.11965115
v 0.00147216 0.01199571 0.11969024
v -0.00862147 0.00414982 0.11987768
v 0.01150681 -0.00384546 0.11967114
v -0.00719557 0.00975399 0.11968978
v -0.00911032 0.00312892 0.11983420
v 0.00983156 0.00694482 0.11967704
v 0.00976300 -0.00734969 0.11962179
v -0.00002798 0.00938393 0.11990803
v -0.00740829 -0.00567370 0.11985392
v -0.00629708 -0.00684094 0.11984302
v 0.00934800 0.00795114 0.11956366
v -0.00207633 0.01202474 0.11958370
v 0.01154534 0.00400135 0.11961198
v 0.00294746 0.01245884 0.11911270
v 0.01041344 0.00727625 0.11918802
v 0.01228728 0.00369780 0.11907950
v 0.01251347 -0.00213230 0.11925246
v 0.01275184 0.00004807 0.11918474
v 0.00017520 0.01260727 0.11926292
v 0.00865669 0.00941907 0.11910305
v 0.00453699 0.01198658 0.11907375
v 0.01129026 0.00597920 0.11913865
v 0.01183314 0.00489028 0.11910660
v 0.00737800 0.01042253 0.11913891
v 0.01183943 -0.00489741 0.11911076
v 0.00880980 -0.00935554 0.11906852
v 0.00982175 -0.00825777 0.11908178
v 0.01236874 -0.00352785 0.11907871
v 0.01255853 0.00254720 0.11913057
v 0.00589145 0.01127330 0.11917291
v 0.00464877 -0.01189739 0.11916978
v 0.01068520 -0.00707131 0.11908565
v 0.01135290 -0.00594900 0.11910827
v 0.00754104 -0.01029962 0.11917479
v 0.00639431 -0.01106709 0.11915738
v -0.00447632 0.01197309 0.11907178
v -0.00257086 0.01249389 0.11909564
v 0.00338254 -0.01245273 0.11902163
v 0.00973100 0.00819120 0.11916361
v -0.00885757 0.00927842 0.11903685
v -0.00730039 0.01045554 0.11910621
v -0.00556707 0.01138267 0.11917672
v -0.00984964 0.00821934 0.11905848
v 0.00044096 0.01289397 0.11887872
v 0.00940768 0.00167842 0.11988624
v 0.00957435 -0.00012048 0.11985555
v 0.00923004 0.00248515 0.11982529
vt 0.37402219 0.41126215
vt 0.41131854 0.41285121
vt 0.39076433 0.42459887
vt 0.44178605 0.42381167
vt 0.44584140 0.41172069
vt 0.46945623 0.42354381
vt 0.48714557 0.41191870
vt 0.19858539 0.41214466
vt 0.26046452 0.41397208
vt 0.21592224 0.42583811
vt 0.19431226 0.42715132
vt 0.14066030 0.41536427
vt 0.26709163 0.42548257
vt 0.29976618 0.42463458
vt 0.29513079 0.41311491
vt 0.33236882 0.41248083
vt 0.32999301 0.42484760
vt 0.16051608 0.42641664
vt 0.12112918 0.41430420
vt 0.12249859 0.42774689
vt 0.10995045 0.41485786
vt 0.10490460 0.42782080
vt 0.06664253 0.41720521
vt 0.05385462 0.42800260
vt 0.03266582 0.41635913
vt 0.03091845 0.42796457
vt 0.54280406 0.42185467
vt 0.54353601 0.40932918
vt 0.56074768 0.42112231
vt 0.57912761 0.40835631
vt 0.58285737 0.42196739
vt 0.63678730 0.42012769
vt 0.60883093 0.40792596
vt 0.63830066 0.40735298
vt 0.60651249 0.42098194
vt 0.65408766 0.40658444
vt 0.65494245 0.42118216
vt 0.15049796 0.41102171
vt 0.46893615 0.40732992
vt 0.54011178 0.40322721
vt 0.06435489 0.40518594
vt 0.23268621 0.40753531
vt 0.26607522 0.40713662
vt 0.29577249 0.40684319
vt 0.33599865 0.40590912
vt 0.41950154 0.40576112
vt 0.60597420 0.39212257
vt 0.63689291 0.39274144
vt 0.58182639 0.39271319
vt 0.03044948 0.40369320
vt 0.03206814 0.39969635
vt 0.12847185 0.39840639
vt 0.65384799 0.39236009
vt 0.10902891 0.39857042
vt 0.06179315 0.39669442
vt 0.15161809 0.39813316
vt 0.18742904 0.39656615
vt 0.21011335 0.39671421
vt 0.26791283 0.39705884
vt 0.30596852 0.39558953
vt 0.35665053 0.39550823
vt 0.44335008 0.39456856
vt 0.38485879 0.39603472
vt 0.40786922 0.39474535
vt 0.54629707 0.39330649
vt 0.49663788 0.39454556
vt 0.47105366 0.39413369
vt 0.16270375 0.38643539
vt 0.13095751 0.38675535
vt 0.10947688 0.38857037
vt 0.03676032 0.38854051
vt 0.07866499 0.38797134
vt 0.60358596 0.38063902
vt 0.63860106 0.38113213
vt 0.65305364 0.38084954
vt 0.55234641 0.38235664
vt 0.58201420 0.38051099
vt 0.54312336 0.38159060
vt 0.49227384 0.38327581
vt 0.37539282 0.38428867
vt 0.33076805 0.38323313
vt 0.44996524 0.38298512
vt 0.42253506 0.38333666
vt 0.39895695 0.38362753
vt 0.26846945 0.38449335
vt 0.29799128 0.38420475
vt 0.23702313 0.39495021
vt 0.19950719 0.38538623
vt 0.23755573 0.38319075
vt 0.03025403 0.38683242
vt 0.03025139 0.37234545
vt 0.07183705 0.37166858
vt 0.10162811 0.37075067
vt 0.12773554 0.37148333
vt 0.15702829 0.37005585
vt 0.57132149 0.36631131
vt 0.19070762 0.36968976
vt 0.22869892 0.36946988
vt 0.26385456 0.36794931
vt 0.29143697 0.36765444
vt 0.32078555 0.36735165
vt 0.34876865 0.36906457
vt 0.38384470 0.36863399
vt 0.42428264 0.36705410
vt 0.44709820 0.36741495
vt 0.48283625 0.36668748
vt 0.51308841 0.36619467
vt 0.54763985 0.36661643
vt 0.63905466 0.36498380
vt 0.60617679 0.36566281
vt 0.65291566 0.36465830
vt 0.58425689 0.36572915
vt 0.66086668 0.38026017
vt 0.66005152 0.36476904
vt 0.66232508 0.40557003
vt 0.66413236 0.40849429
vt 0.66369015 0.39226639
vt 0.26836824 0.35375512
vt 0.18796687 0.35380518
vt 0.22254425 0.35545290
vt 0.33526367 0.35298216
vt 0.43427002 0.35036868
vt 0.44684976 0.35115027
vt 0.41463485 0.35174340
vt 0.37226906 0.35270953
vt 0.30936971 0.35340214
vt 0.54742235 0.35106665
vt 0.57229781 0.35285079
vt 0.51800567 0.35235131
vt 0.47366259 0.34899938
vt 0.58268267 0.35137868
vt 0.14367437 0.35819894
vt 0.60359097 0.35013223
vt 0.03480119 0.35586053
vt 0.02967408 0.36014330
vt 0.07021759 0.35373092
vt 0.12610283 0.35314798
vt 0.63620245 0.34887147
vt 0.65386009 0.34961891
vt 0.15467985 0.34829140
vt 0.51844901 0.34605819
vt 0.40203965 0.34076941
vt 0.43142778 0.34034455
vt 0.21940033 0.34281886
vt 0.27961573 0.34584558
vt 0.31791288 0.34034371
vt 0.37046114 0.34208226
vt 0.18968266 0.34307218
vt 0.03122468 0.34560919
vt 0.44980624 0.33945709
vt 0.48659629 0.34003222
vt 0.65305036 0.33814532
vt 0.63641691 0.33737296
vt 0.60545766 0.33872426
vt 0.57847822 0.33857632
vt 0.55081379 0.33798349
vt 0.13032612 0.34298521
vt 0.10385837 0.34341717
vt 0.26483682 0.33958775
vt 0.66058916 0.34917814
vt 0.53790694 0.33446097
vt 0.34850517 0.33448315
vt 0.07035250 0.34094656
vt 0.14455684 0.33725286
vt 0.19087152 0.33105874
vt 0.43066901 0.33005553
vt 0.40009898 0.33012950
vt 0.66133261 0.33841276
vt 0.47049621 0.32964653
vt 0.54693186 0.32650489
vt 0.57423937 0.32359427
vt 0.51255608 0.32918441
vt 0.61115569 0.32708228
vt 0.28713310 0.32948601
vt 0.22139141 0.32474172
vt 0.33929658 0.32345414
vt 0.12411709 0.32820070
vt 0.09694998 0.33166325
vt 0.15223120 0.32420808
vt 0.65262640 0.32538718
vt 0.63750935 0.32183743
vt 0.18713728 0.32084513
vt 0.44753051 0.32287943
vt 0.03403146 0.33241498
vt 0.60951942 0.31972635
vt 0.02940395 0.34131825
vt 0.38913721 0.32246125
vt 0.29868159 0.32033563
vt 0.26100326 0.32158923
vt 0.05505100 0.32390332
vt 0.50595713 0.32082689
vt 0.53877568 0.31912363
vt 0.45589620 0.31849921
vt 0.43396571 0.31691360
vt 0.66174364 0.32374442
vt 0.10081428 0.32262689
vt 0.66733855 0.36540878
vt 0.66615719 0.35051143
vt 0.03074759 0.31802559
vt 0.65222186 0.31613588
vt 0.29268125 0.31288540
vt 0.33231050 0.31283534
vt 0.55369902 0.31076235
vt 0.12082565 0.31657827
vt 0.66835874 0.37886536
vt 0.22500376 0.31229597
vt 0.13924032 0.31478053
vt 0.19292849 0.31329703
vt 0.38422582 0.31040847
vt 0.40986550 0.30838513
vt 0.05127919 0.31589866
vt 0.10743521 0.31323665
vt 0.48787072 0.31206995
vt 0.50846821 0.30873740
vt 0.52650416 0.30936581
vt 0.59864986 0.31051958
vt 0.65182447 0.30810142
vt 0.25854045 0.30960536
vt 0.66596180 0.33372468
vt 0.02926234 0.32311749
vt 0.43439963 0.30612558
vt 0.47057816 0.30546230
vt 0.66328651 0.31380725
vt 0.29587623 0.30531251
vt 0.33401132 0.30565834
vt 0.19325301 0.30546439
vt 0.55140501 0.30335212
vt 0.12455032 0.30745423
vt 0.15267985 0.30761647
vt 0.60767943 0.29960412
vt 0.23709227 0.29889733
vt 0.50592971 0.29630196
vt 0.44569409 0.29519057
vt 0.05913768 0.30825126
vt 0.38368499 0.29864115
vt 0.02946032 0.30914354
vt 0.58038026 0.29613209
vt 0.54680979 0.29272687
vt 0.12546508 0.29564410
vt 0.18945038 0.29928547
vt 0.15073398 0.29765654
vt 0.66183490 0.30430651
vt 0.63682020 0.29365349
vt 0.39827657 0.29407853
vt 0.29447949 0.29890221
vt 0.33925211 0.29813504
vt 0.65227050 0.29310024
vt 0.06371841 0.30036825
vt 0.03073367 0.29655892
vt 0.66186398 0.29450339
vt 0.49660039 0.29067838
vt 0.67123044 0.34064090
vt 0.60909849 0.28641331
vt 0.58604312 0.28843349
vt 0.22969809 0.29030031
vt 0.19064809 0.29219031
vt 0.26423517 0.28968000
vt 0.28232977 0.28871125
vt 0.38612795 0.28803527
vt 0.06228266 0.29332566
vt 0.10733331 0.29287529
vt 0.31457549 0.29044724
vt 0.34306541 0.29019713
vt 0.66983640 0.32581711
vt 0.67026830 0.39267480
vt 0.03042565 0.41558254
vt 0.46874601 0.28402436
vt 0.14239554 0.28602242
vt 0.43989396 0.28338480
vt 0.40264568 0.28427476
vt 0.55475348 0.28345931
vt 0.51056302 0.28255939
vt 0.19053538 0.28714645
vt 0.63577145 0.28055179
vt 0.65256226 0.27800393
vt 0.49082804 0.43175936
vt 0.66436195 0.42168021
vt 0.11509486 0.28386164
vt 0.07521872 0.27688825
vt 0.05207140 0.28181922
vt 0.02916350 0.28394258
vt 0.66243935 0.28405404
vt 0.33990955 0.28081030
vt 0.28693977 0.27741349
vt 0.30956325 0.27706194
vt 0.57990813 0.27395362
vt 0.54956508 0.27559996
vt 0.61004204 0.27533865
vt 0.15690316 0.27739680
vt 0.26297194 0.27821517
vt 0.21184841 0.27691865
vt 0.16786535 0.26700330
vt 0.11762666 0.26781487
vt 0.38953787 0.27499694
vt 0.43769881 0.27381194
vt 0.50918579 0.27068651
vt 0.55075783 0.26693523
vt 0.57622498 0.26717639
vt 0.46684656 0.27339351
vt 0.02903526 0.27353096
vt 0.66980648 0.30842507
vt 0.63722742 0.26679617
vt 0.60880411 0.26588023
vt 0.05011880 0.26860344
vt 0.65242863 0.26707482
vt 0.32815295 0.26471639
vt 0.38248819 0.26516950
vt 0.43212870 0.26527119
vt 0.20849538 0.26747084
vt 0.27798244 0.26585370
vt 0.07189508 0.26717222
vt 0.67513651 0.35915267
vt 0.66301501 0.26704156
vt 0.46341062 0.26433027
vt 0.50205708 0.26240861
vt 0.02893940 0.26477957
vt 0.67049193 0.28844446
vt 0.66684341 0.27347964
vt 0.54851490 0.25650537
vt 0.57404113 0.25150949
vt 0.60002077 0.25531685
vt 0.53636026 0.25093412
vt 0.40222675 0.25176221
vt 0.43603510 0.25165808
vt 0.47097299 0.25097620
vt 0.49795163 0.24976683
vt 0.32006940 0.25226897
vt 0.35062093 0.25186491
vt 0.63935632 0.25221360
vt 0.65325630 0.25200248
vt 0.66407120 0.25441277
vt 0.07392015 0.25948644
vt 0.05095332 0.25561732
vt 0.03002784 0.25406039
vt 0.02861446 0.29650581
vt 0.60923588 0.24981642
vt 0.20256035 0.25423115
vt 0.24527884 0.25331831
vt 0.14808373 0.25424063
vt 0.11485125 0.25311816
vt 0.67500150 0.37866318
vt 0.67518139 0.32552314
vt 0.22693901 0.43886566
vt 0.26311380 0.43910223
vt 0.28512204 0.43787324
vt 0.31849357 0.43828225
vt 0.36849356 0.43890679
vt 0.16178660 0.43459439
vt 0.19675437 0.44260502
vt 0.54562199 0.43779433
vt 0.58338529 0.43726689
vt 0.44370174 0.44045061
vt 0.41760409 0.44179589
vt 0.38247806 0.44203705
vt 0.67113429 0.40482008
vt 0.63561141 0.43714893
vt 0.61150396 0.43678397
vt 0.65428251 0.43654144
vt 0.66424257 0.43578684
vt 0.50052196 0.44038498
vt 0.12088328 0.44232678
vt 0.06899533 0.44533134
vt 0.03542086 0.44597739
vt 0.03095130 0.43887770
vt 0.15755907 0.44572192
vt 0.21021481 0.44631386
vt 0.67500979 0.29366887
vt 0.27622730 0.44652557
vt 0.67195863 0.41851258
vt 0.46361053 0.44373620
vt 0.67597592 0.33981001
vt 0.12006440 0.44627452
vt 0.67508572 0.30742478
vt 0.31582597 0.44955963
vt 0.03117999 0.45172632
vt 0.08284923 0.24215031
vt 0.60990518 0.45104760
vt 0.57805115 0.45183903
vt 0.54395223 0.45282102
vt 0.19932412 0.45511454
vt 0.18901704 0.45506406
vt 0.05417572 0.46006835
vt 0.10945375 0.45915788
vt 0.12708142 0.45859206
vt 0.15158314 0.45824498
vt 0.27317712 0.45596421
vt 0.22247639 0.45581788
vt 0.52455759 0.44257826
vt 0.44971055 0.45412356
vt 0.50202334 0.45412308
vt 0.41930658 0.45413387
vt 0.37663043 0.45456564
vt 0.63613141 0.45125461
vt 0.32605085 0.45700485
vt 0.65615582 0.45081997
vt 0.66491246 0.44758749
vt 0.67123234 0.42763573
vt 0.67620480 0.39968860
vt 0.03135300 0.46449172
vt 0.03576010 0.47491837
vt 0.58080149 0.46113753
vt 0.61129719 0.46664357
vt 0.63606495 0.46615672
vt 0.65519810 0.46530348
vt 0.46340907 0.46137989
vt 0.28765517 0.46871936
vt 0.16214217 0.47032714
vt 0.13644135 0.47351521
vt 0.11255266 0.47374010
vt 0.07453530 0.47492701
vt 0.18712758 0.47377205
vt 0.54051530 0.46328413
vt 0.50143856 0.46696711
vt 0.67246455 0.43976688
vt 0.39949748 0.46831167
vt 0.32539257 0.47138000
vt 0.43929577 0.46898007
vt 0.20044185 0.47286797
vt 0.22643918 0.47203267
vt 0.26365840 0.47113061
vt 0.66177100 0.45807815
vt 0.56617314 0.46880889
vt 0.51354343 0.47205579
vt 0.40848768 0.47240627
vt 0.66642815 0.46285027
vt 0.03132415 0.47906756
vt 0.24562985 0.47404712
vt 0.67245179 0.45503122
vt 0.36314312 0.47203135
vt 0.67544276 0.27762592
vt 0.45805368 0.47275484
vt 0.28445098 0.47473705
vt 0.15386066 0.47906756
vt 0.66542107 0.47311461
vt 0.67119539 0.25484204
vt 0.67581803 0.26088905
vt 0.67457891 0.47154522
vt 0.77176803 0.30537987
vt 0.78922236 0.31012774
vt 0.78940058 0.28747869
vt 0.77137208 0.27649558
vt 0.77098376 0.24816114
vt 0.78965676 0.24720597
vt 0.78961521 0.20787692
vt 0.77111578 0.19888467
vt 0.78863561 0.15627170
vt 0.77143383 0.15499449
vt 0.78820336 0.12412369
vt 0.77149427 0.12790251
vt 0.78764975 0.45078635
vt 0.78951269 0.40814519
vt 0.77334219 0.39168578
vt 0.77340764 0.44617105
vt 0.77360588 0.52251846
vt 0.78726333 0.51753980
vt 0.78935909 0.56224108
vt 0.79086268 0.59957844
vt 0.77201378 0.59362876
vt 0.77237242 0.63486534
vt 0.79065794 0.64378017
vt 0.77409530 0.67082816
vt 0.78962612 0.67057306
vt 0.78899688 0.36786580
vt 0.78952742 0.34647107
vt 0.77131677 0.33989751
vt 0.77138412 0.66595650
vt 0.77041930 0.41750288
vt 0.77039433 0.50385481
vt 0.77034944 0.55231285
vt 0.77198869 0.11482823
vt 0.78820997 0.09724826
vt 0.77155638 0.09509575
vt 0.77074051 0.08036524
vt 0.78800160 0.07966220
vt 0.79219687 0.51831138
vt 0.75423723 0.30671299
vt 0.75389028 0.40841848
vt 0.76252127 0.38545495
vt 0.75439405 0.36154509
vt 0.75453907 0.47101128
vt 0.75417334 0.54448241
vt 0.75322485 0.60111672
vt 0.75393128 0.64351308
vt 0.75571388 0.67075574
vt 0.75555956 0.23070115
vt 0.75280321 0.19854504
vt 0.75411111 0.15841711
vt 0.75434083 0.12252063
vt 0.75370365 0.09910685
vt 0.75373089 0.07916945
vt 0.75172496 0.24483746
vt 0.80013388 0.08154178
vt 0.74719524 0.64304221
vt 0.74219608 0.67110008
vt 0.74171931 0.11738539
vt 0.74194169 0.13779533
vt 0.74012482 0.16143215
vt 0.74261671 0.09866172
vt 0.74198449 0.07899076
vt 0.74041510 0.32915461
vt 0.74164784 0.25210381
vt 0.74289453 0.20721740
vt 0.74200392 0.36590737
vt 0.74131858 0.42224997
vt 0.75002748 0.40890253
vt 0.74644196 0.50515330
vt 0.74432957 0.58918041
vt 0.74070680 0.50779998
vt 0.73363125 0.22384715
vt 0.73746777 0.63803065
vt 0.73485029 0.58616596
vt 0.77110583 0.07179004
vt 0.73254567 0.36307395
vt 0.72951084 0.30137974
vt 0.73182714 0.41056871
vt 0.72502208 0.17734861
vt 0.72639167 0.11835426
vt 0.72601694 0.12876320
vt 0.72592938 0.16186190
vt 0.72440779 0.22531378
vt 0.72647870 0.07937390
vt 0.72621286 0.09668392
vt 0.72522724 0.50104898
vt 0.72599316 0.67089456
vt 0.72357678 0.63460064
vt 0.72460407 0.57440591
vt 0.72406638 0.31916726
vt 0.72394013 0.36734629
vt 0.72419584 0.41434753
vt 0.75470322 0.07152712
vt 0.74278009 0.07071352
vt 0.78665036 0.07158577
vt 0.80040723 0.11781895
vt 0.79976708 0.15783650
vt 0.80070716 0.21566558
vt 0.80101436 0.25041997
vt 0.80225295 0.29210538
vt 0.80146331 0.34043539
vt 0.80026841 0.50619107
vt 0.80171049 0.43342352
vt 0.79929882 0.56748247
vt 0.80151367 0.36783409
vt 0.80145913 0.66984051
vt 0.79925549 0.63451141
vt 0.80085516 0.60491771
vt 0.80419201 0.51082993
vt 0.80531615 0.56419015
vt 0.79874057 0.07166588
vt 0.81638724 0.15674067
vt 0.81305391 0.20444858
vt 0.81401235 0.29022372
vt 0.81320655 0.36735690
vt 0.81670320 0.34371191
vt 0.81930035 0.42500865
vt 0.81555867 0.46325493
vt 0.82065606 0.54508114
vt 0.82124114 0.59777355
vt 0.82037127 0.62928855
vt 0.80579144 0.67092371
vt 0.81636184 0.66968042
vt 0.81709576 0.12551671
vt 0.81598562 0.09664768
vt 0.81532317 0.08049840
vt 0.81956023 0.37419486
vt 0.81968337 0.20361811
vt 0.82094681 0.26866132
vt 0.82416743 0.29587871
vt 0.82243097 0.34087181
vt 0.81431389 0.07459623
vt 0.82097739 0.46469617
vt 0.82811844 0.67005426
vt 0.72534198 0.07050467
vt 0.71337610 0.16333377
vt 0.70960307 0.13005924
vt 0.71150672 0.11723673
vt 0.71161312 0.09372002
vt 0.71220696 0.26560628
vt 0.71132392 0.17250448
vt 0.71140200 0.08068585
vt 0.71075237 0.31082308
vt 0.71111071 0.37400270
vt 0.71229458 0.41587234
vt 0.71002376 0.50128883
vt 0.70863378 0.53281438
vt 0.71161294 0.58374792
vt 0.71115905 0.64398921
vt 0.71273398 0.67082846
vt 0.70860869 0.20108342
vt 0.71036011 0.07451373
vt 0.75462079 0.06619501
vt 0.77121961 0.06453383
vt 0.78575534 0.06443214
vt 0.82988650 0.15328532
vt 0.83083230 0.19652897
vt 0.82910979 0.27592355
vt 0.83087075 0.29572475
vt 0.83425033 0.32248938
vt 0.83135164 0.11868519
vt 0.83103895 0.09646970
vt 0.82886493 0.07971483
vt 0.83084828 0.36334312
vt 0.83073473 0.39093643
vt 0.83311599 0.41846800
vt 0.82656163 0.07335597
vt 0.81360513 0.06849957
vt 0.83144933 0.64639318
vt 0.83270615 0.50581896
vt 0.83184689 0.58423203
vt 0.83274978 0.43368536
vt 0.83382171 0.45941699
vt 0.83683962 0.15761381
vt 0.83858871 0.27526116
vt 0.84414446 0.21223998
vt 0.84627068 0.24217343
vt 0.84074807 0.63891524
vt 0.84229726 0.67081660
vt 0.83989048 0.58931839
vt 0.84031355 0.53005302
vt 0.84189922 0.07835633
vt 0.84354186 0.35658765
vt 0.84261549 0.38761246
vt 0.84597224 0.12205493
vt 0.84935641 0.08063984
vt 0.85001272 0.16527742
vt 0.84627229 0.42654544
vt 0.82281250 0.06536782
vt 0.80204535 0.06325388
vt 0.81175876 0.06096035
vt 0.83748674 0.07032228
vt 0.84792262 0.28815860
vt 0.85241705 0.33785105
vt 0.84709823 0.51890427
vt 0.85114920 0.49402750
vt 0.84711713 0.45738232
vt 0.84834588 0.63302261
vt 0.84722894 0.58640730
vt 0.84682232 0.55289388
vt 0.82352352 0.67126548
vt 0.85291165 0.63747346
vt 0.73881221 0.06451595
vt 0.85089797 0.06998181
vt 0.70507300 0.67077082
vt 0.70438659 0.41329563
vt 0.70383590 0.34770656
vt 0.69703257 0.43783176
vt 0.69708592 0.49868441
vt 0.69743186 0.53196502
vt 0.69460046 0.34290850
vt 0.69503790 0.31338090
vt 0.69650185 0.40977526
vt 0.69659775 0.57598418
vt 0.69907391 0.59796363
vt 0.69580305 0.51663464
vt 0.69487321 0.29175532
vt 0.69613069 0.21569258
vt 0.69809878 0.17303407
vt 0.69425607 0.25828302
vt 0.69443405 0.14731562
vt 0.71033865 0.06833750
vt 0.69531298 0.09709585
vt 0.69500005 0.11530501
vt 0.69510037 0.12508345
vt 0.69489479 0.65524393
vt 0.69438338 0.07953477
vt 0.69087440 0.48410755
vt 0.68947160 0.43738377
vt 0.68964195 0.41291481
vt 0.72496402 0.06322289
vt 0.69616187 0.66643572
vt 0.69194591 0.18672562
vt 0.69216466 0.59848082
vt 0.68989098 0.35674191
vt 0.69104356 0.17283487
vt 0.69053721 0.21637428
vt 0.69187862 0.53186405
vt 0.69529694 0.06968033
vt 0.69144982 0.67084455
vt 0.68668789 0.49858832
vt 0.67814255 0.32779336
vt 0.67884713 0.38503397
vt 0.67765313 0.28710341
vt 0.67793667 0.46313566
vt 0.67830157 0.41743159
vt 0.67793024 0.25326502
vt 0.67809671 0.21121061
vt 0.67834872 0.17468333
vt 0.67793840 0.14091206
vt 0.67822427 0.12224400
vt 0.67863679 0.58523411
vt 0.67850429 0.53604138
vt 0.67830545 0.49823922
vt 0.67867225 0.09831530
vt 0.67907596 0.07903332
vt 0.67792159 0.65619165
vt 0.67993987 0.67072761
vt 0.68207264 0.07226211
vt 0.70781207 0.06347466
vt 0.75451595 0.05921382
vt 0.68329716 0.06601787
vt 0.66917670 0.07385552
vt 0.69104272 0.06238550
vt 0.74376589 0.05820799
vt 0.83901966 0.06269228
vt 0.77105218 0.05847687
vt 0.67011768 0.06638217
vt 0.78692919 0.05844522
vt 0.72828543 0.05865252
vt 0.82807934 0.06202620
vt 0.70876575 0.05830091
vt 0.80117792 0.05762100
vt 0.66996974 0.06104702
vt 0.85291165 0.06162751
vt 0.68828690 0.05789578
vt 0.67035508 0.05661273
vt 0.63818479 0.87320334
vt 0.70058739 0.89789337
vt 0.66046792 0.86159062
vt 0.63013709 0.85570681
vt 0.62499624 0.84188235
vt 0.62145698 0.82404745
vt 0.65123951 0.83327723
vt 0.65020227 0.80870593
vt 0.62061322 0.80617011
vt 0.62677026 0.78167695
vt 0.65755630 0.76000845
vt 0.63174987 0.75474060
vt 0.68466645 0.72235304
vt 0.68132442 0.74833453
vt 0.68871981 0.74009490
vt 0.70559978 0.72666037
vt 0.67728585 0.70319653
vt 0.70597541 0.68879986
vt 0.74147642 0.68093127
vt 0.74741334 0.70590913
vt 0.78961414 0.69209713
vt 0.78466851 0.71636420
vt 0.79737252 0.72435904
vt 0.64322209 0.73413306
vt 0.66995949 0.76125973
vt 0.66520792 0.77407736
vt 0.66254401 0.83324170
vt 0.67087662 0.85276729
vt 0.66643399 0.84263754
vt 0.69118208 0.87654114
vt 0.67790318 0.86350065
vt 0.70804763 0.88756639
vt 0.66199297 0.78378081
vt 0.77247375 0.67801666
vt 0.81434941 0.73465496
vt 0.82723993 0.71351701
vt 0.81360036 0.69025248
vt 0.83315223 0.70140505
vt 0.78201330 0.67871493
vt 0.86845875 0.74922901
vt 0.87109017 0.74024910
vt 0.85700470 0.75155222
vt 0.88350099 0.83049321
vt 0.85407090 0.84658152
vt 0.87923902 0.85178643
vt 0.87045854 0.79733819
vt 0.88623035 0.79085219
vt 0.88256723 0.77375621
vt 0.85490113 0.79421115
vt 0.83724493 0.75752896
vt 0.85061365 0.80647874
vt 0.87790370 0.75016284
vt 0.85022706 0.81976169
vt 0.85828042 0.88426185
vt 0.83274364 0.86103004
vt 0.87343270 0.86528414
vt 0.80481690 0.89551556
vt 0.81278110 0.92222989
vt 0.82518625 0.90782797
vt 0.81828308 0.87566179
vt 0.79135090 0.92857051
vt 0.72760248 0.89501286
vt 0.75112551 0.93337125
vt 0.75560319 0.90742761
vt 0.71538639 0.92545986
vt 0.69756639 0.92346531
vt 0.68330485 0.91618401
vt 0.64892745 0.88803405
vt 0.76684815 0.93197131
vt 0.82707983 0.91617906
vt 0.84607971 0.83491015
vt 0.83860201 0.85068309
vt 0.83324373 0.85863793
vt 0.78727597 0.89282620
vt 0.80603874 0.88374317
vt 0.65889180 0.79580390
vt 0.62243873 0.77723944
vt 0.65845329 0.81260437
vt 0.66064227 0.82569045
vt 0.88988054 0.80611789
vt 0.77135259 0.71628034
vt 0.75807834 0.71585703
vt 0.73673218 0.71647984
vt 0.71485364 0.72383600
vt 0.84939110 0.79319078
vt 0.84710675 0.78547007
vt 0.65948075 0.90278900
vt 0.73376638 0.93516892
vt 0.72369778 0.93304849
vt 0.76503825 0.89713609
vt 0.74971038 0.89755899
vt 0.73612791 0.89583623
vt 0.78003228 0.93439072
vt 0.72371066 0.68028980
vt 0.71164894 0.93118268
vt 0.66424310 0.70732510
vt 0.87186360 0.87531227
vt 0.85047579 0.71328545
vt 0.76785511 0.93573457
vt 0.88872010 0.83057827
vt 0.88621932 0.84317309
vt 0.85254103 0.89908838
vt 0.82787371 0.91754425
vt 0.79484677 0.93161738
vt 0.81210989 0.92495608
vt 0.62943745 0.86239445
vt 0.86828589 0.73392045
vt 0.69718009 0.68797857
vt 0.71064067 0.68249077
vt 0.68019515 0.69627643
vt 0.74740326 0.67629558
vt 0.75658518 0.67602283
vt 0.73653054 0.67739838
vt 0.84449637 0.77339107
vt 0.63510650 0.74050748
vt 0.88275981 0.75950694
vt 0.88760573 0.77618498
vt 0.89006025 0.79388058
vt 0.79970723 0.68272269
vt 0.75581908 0.93672693
vt 0.74114299 0.93603814
vt 0.64508635 0.72664559
vt 0.87933534 0.86177379
vt 0.62495154 0.85279053
vt 0.68672419 0.92077672
vt 0.62976950 0.75120562
vt 0.62430918 0.76239604
vt 0.88405704 0.85009712
vt 0.67124414 0.91201234
vt 0.61696786 0.81262457
vt 0.82058322 0.69236338
vt 0.82758260 0.69593459
vt 0.61710250 0.79808086
vt 0.64607489 0.88884282
vt 0.65577036 0.89945960
vt 0.69516033 0.92500782
vt 0.62028050 0.83851171
vt 0.61789393 0.82442015
vt 0.62135351 0.77290660
vt 0.61874360 0.78545296
vt 0.65466583 0.71543056
vt 0.63639563 0.87453765
vt 0.84110987 0.90892369
vt 0.71723098 0.89075524
vt 0.86428523 0.88583618
vt 0.81208652 0.68766165
vt 0.89006025 0.81981069
vt 0.82981318 0.86206383
vt 0.69704121 0.87938952
vt 0.70528382 0.72954798
vt 0.83198124 0.75312871
vt 0.83915681 0.76502573
vt 0.68751663 0.87155497
vt 0.84952444 0.81318629
vt 0.70917958 0.88665110
vt 0.83896685 0.70343399
vt 0.84810191 0.82367587
vt 0.67616266 0.85961974
vt 0.82323277 0.86943543
vt 0.81225842 0.87899280
vt 0.86238754 0.72577065
vt 0.26481849 0.12235457
vt 0.20337862 0.12125939
vt 0.25637537 0.11259466
vt 0.30342677 0.12191057
vt 0.20681491 0.11335075
vt 0.15576844 0.12140548
vt 0.15692578 0.11219496
vt 0.11580985 0.12018895
vt 0.11723437 0.11218590
vt 0.07347640 0.12346005
vt 0.06604233 0.11297202
vt 0.04208244 0.12418067
vt 0.04327902 0.11125535
vt 0.12605089 0.12433773
vt 0.02373355 0.11132663
vt 0.02339048 0.12310463
vt 0.31158453 0.11569476
vt 0.33824646 0.12268871
vt 0.33381486 0.11296690
vt 0.37055242 0.12118548
vt 0.39064592 0.11134017
vt 0.31641039 0.13976485
vt 0.25645602 0.13967919
vt 0.21076505 0.13908499
vt 0.14779711 0.13878453
vt 0.11604574 0.13937283
vt 0.41422457 0.12356031
vt 0.38698491 0.14046812
vt 0.43075451 0.14019608
vt 0.48093101 0.14051455
vt 0.04412823 0.13782990
vt 0.08300056 0.13955760
vt 0.02326240 0.13838679
vt 0.51164705 0.12170219
vt 0.64771074 0.13819909
vt 0.60845864 0.14047575
vt 0.60898900 0.12253165
vt 0.64745688 0.12367082
vt 0.57592773 0.12249947
vt 0.57303733 0.14106309
vt 0.52680916 0.14106584
vt 0.57198310 0.11709476
vt 0.44876614 0.11236411
vt 0.61383766 0.11530203
vt 0.64685702 0.11416680
vt 0.64747787 0.14306027
vt 0.17183089 0.14173281
vt 0.48924032 0.11026043
vt 0.58179492 0.11002362
vt 0.22070727 0.10241890
vt 0.26076245 0.10246050
vt 0.30805206 0.09671366
vt 0.32531822 0.10337007
vt 0.44973499 0.10196424
vt 0.60415566 0.09480119
vt 0.64745444 0.09745008
vt 0.55612010 0.09553528
vt 0.48521554 0.09531778
vt 0.11160902 0.09744662
vt 0.07509177 0.09757584
vt 0.04434507 0.09643471
vt 0.16346346 0.09592974
vt 0.25381696 0.09745210
vt 0.02533260 0.09714246
vt 0.33436778 0.09644973
vt 0.38559642 0.09486341
vt 0.44841069 0.09440655
vt 0.21683906 0.09234989
vt 0.64765060 0.10651940
vt 0.01969079 0.09768361
vt 0.26403886 0.08448535
vt 0.25016302 0.08335298
vt 0.06510432 0.08345169
vt 0.15483473 0.08430004
vt 0.19915499 0.08346152
vt 0.11399004 0.08365899
vt 0.08456583 0.08348995
vt 0.02400429 0.08359540
vt 0.61813486 0.08559674
vt 0.56606328 0.09088409
vt 0.51044732 0.08527642
vt 0.31185254 0.08301342
vt 0.28820124 0.08251107
vt 0.33450049 0.08216554
vt 0.36985621 0.08384877
vt 0.64740485 0.08058363
vt 0.39904234 0.08467656
vt 0.45661607 0.08607125
vt 0.49127963 0.08412790
vt 0.56633365 0.08233887
vt 0.02540059 0.06900525
vt 0.04968828 0.06755209
vt 0.20616928 0.06716532
vt 0.16908921 0.06898165
vt 0.10858556 0.07132375
vt 0.08139414 0.06760615
vt 0.23461625 0.06689984
vt 0.28003725 0.06943446
vt 0.32030231 0.06892455
vt 0.38368085 0.06937909
vt 0.61278766 0.06708467
vt 0.56429183 0.06703830
vt 0.51332754 0.06880397
vt 0.49189693 0.06795228
vt 0.46763998 0.06858039
vt 0.42769718 0.07179254
vt 0.40314606 0.06952095
vt 0.33466673 0.06740701
vt 0.36595762 0.06610745
vt 0.64653194 0.06985432
vt 0.63217860 0.06767178
vt 0.01459900 0.08326107
vt 0.10903014 0.06403393
vt 0.16463611 0.06470734
vt 0.28232428 0.06420225
vt 0.31951469 0.06235188
vt 0.01640757 0.06828469
vt 0.01335459 0.11188370
vt 0.01614253 0.12599528
vt 0.01264533 0.09716439
vt 0.43440560 0.05609888
vt 0.39204293 0.06266201
vt 0.51166368 0.06070840
vt 0.46707386 0.05226982
vt 0.48382941 0.05207169
vt 0.07020791 0.05059385
vt 0.04049399 0.05139273
vt 0.02354686 0.05213046
vt 0.12160906 0.05332887
vt 0.27916741 0.05290395
vt 0.23941493 0.05159527
vt 0.20616330 0.04911667
vt 0.17424946 0.04972106
vt 0.15257631 0.05267680
vt 0.64776999 0.05911535
vt 0.11018218 0.04835624
vt 0.34221402 0.04997778
vt 0.39227679 0.05052221
vt 0.64765793 0.05202752
vt 0.63132936 0.05151021
vt 0.60786283 0.05199385
vt 0.56902212 0.04842788
vt 0.51997250 0.05225301
vt 0.55746901 0.05230886
vt 0.24300668 0.04652017
vt 0.26650596 0.04481471
vt 0.30675605 0.04329336
vt 0.40705439 0.04030985
vt 0.38125980 0.04495025
vt 0.32786277 0.03480929
vt 0.53567690 0.03676933
vt 0.56784523 0.03891444
vt 0.51061076 0.03822100
vt 0.62644237 0.03701162
vt 0.06801140 0.03842962
vt 0.10505364 0.03857601
vt 0.03988406 0.03676969
vt 0.28219116 0.03167105
vt 0.24120854 0.03558308
vt 0.19824433 0.03636158
vt 0.14342514 0.03334874
vt 0.02472435 0.03711921
vt 0.43463382 0.03957719
vt 0.47294870 0.03687805
vt 0.64767778 0.03803337
vt 0.01401192 0.05239999
vt 0.41330874 0.03409469
vt 0.37951875 0.03329796
vt 0.01639711 0.03718197
vt 0.20048805 0.03045338
vt 0.38693422 0.02598745
vt 0.10213100 0.02886510
vt 0.06900921 0.02769792
vt 0.56581050 0.03176534
vt 0.61007953 0.03023255
vt 0.33323318 0.03018320
vt 0.28530696 0.02384728
vt 0.24245667 0.02516228
vt 0.43822604 0.02431816
vt 0.33884588 0.02267849
vt 0.50918102 0.02706271
vt 0.48631990 0.02678210
vt 0.56858528 0.02319074
vt 0.54446644 0.02016282
vt 0.40425736 0.02374732
vt 0.02762718 0.02162927
vt 0.64780015 0.02652872
vt 0.62969232 0.02626884
vt 0.12593405 0.02410889
vt 0.16472998 0.02880317
vt 0.16626033 0.01638544
vt 0.25233963 0.02088821
vt 0.20007199 0.01951772
vt 0.02190121 0.02340549
vt 0.08550870 0.02104700
vt 0.61255699 0.01036215
vt 0.64793789 0.01485115
vt 0.00718377 0.07454664
vt 0.38029671 0.01223451
vt 0.40190476 0.01214969
vt 0.29630777 0.01023662
vt 0.33115718 0.01144481
vt 0.47970629 0.01446009
vt 0.43603748 0.01209718
vt 0.51056355 0.01275283
vt 0.55811858 0.01079291
vt 0.10268314 0.01232034
vt 0.06673125 0.01340401
vt 0.00692693 0.06045204
vt 0.01303640 0.02353251
vt 0.02487209 0.00967675
vt 0.24385192 0.00610209
vt 0.20172434 0.00901735
vt 0.11421553 0.00864047
vt 0.06850315 0.00528598
vt 0.46111116 0.00888544
vt 0.42242345 0.00514454
vt 0.60786647 0.00604790
vt 0.55864370 0.00508922
vt 0.52325702 0.00472713
vt 0.48736939 0.00498992
vt 0.38989076 0.00428319
vt 0.64780504 0.00047576
vt 0.00658755 0.03747892
vt 0.31606615 0.00181144
vt 0.34880248 0.00090456
vt 0.01421577 0.01199663
vt 0.19530508 0.00465316
vt 0.16372703 0.00280297
vt 0.00688580 0.02821219
vt 0.00639622 0.08473462
vt 0.00578601 0.04711294
vt 0.02203050 0.00272751
vt 0.00596142 0.09747511
vt 0.00716047 0.11068630
vt 0.01451319 0.13832289
vt 0.00757440 0.12461472
vt 0.00576993 0.01502806
vt 0.12253217 0.15574753
vt 0.07359733 0.15516061
vt 0.35380304 0.15861911
vt 0.41031840 0.15795600
vt 0.47807994 0.15714699
vt 0.52677047 0.15904009
vt 0.57314229 0.15827382
vt 0.60417306 0.16259462
vt 0.64741755 0.15715766
vt 0.26075906 0.15854824
vt 0.21322921 0.15884715
vt 0.16645361 0.15801001
vt 0.03819053 0.15404010
vt 0.02241444 0.15449798
vt 0.01514510 0.15382004
vt 0.00752721 0.13876182
vt 0.55844641 0.16371495
vt 0.64809239 0.06895900
vt 0.02273662 0.16604573
vt 0.04034502 0.16577822
vt 0.07037533 0.16586477
vt 0.51687229 0.16581386
vt 0.39392617 0.16683775
vt 0.43567103 0.16727388
vt 0.64631104 0.16685885
vt 0.12723567 0.16612053
vt 0.31598437 0.16845524
vt 0.17234343 0.16582054
vt 0.23518182 0.17192209
vt 0.26195830 0.16990674
vt 0.47938699 0.16947716
vt 0.01321759 0.16588300
vt 0.00716711 0.15386605
vt 0.60889548 0.17626828
vt 0.19152573 0.17525023
vt 0.29988912 0.18174851
vt 0.24379556 0.18428111
vt 0.21772170 0.18373340
vt 0.12627321 0.18331432
vt 0.41498891 0.18131077
vt 0.44823009 0.18180692
vt 0.37879297 0.17938423
vt 0.09509411 0.18220741
vt 0.06646122 0.18200636
vt 0.03928957 0.18146467
vt 0.02423684 0.18123245
vt 0.50446111 0.17725295
vt 0.64540017 0.18410736
vt 0.60587865 0.18718135
vt 0.55064917 0.18269962
vt 0.01918759 0.18088824
vt 0.64764017 0.17422295
vt 0.00688109 0.16734070
vt 0.38254440 0.18441778
vt 0.00157533 0.09226632
vt 0.64761168 0.18812388
vt 0.01336365 0.18103194
vt 0.48807317 0.18700337
vt 0.56989229 0.18991160
vt 0.00111090 0.11614943
vt 0.00160325 0.07064390
vt 0.24367461 0.19558620
vt 0.23087563 0.19586343
vt 0.34706646 0.19647455
vt 0.30240786 0.19670188
vt 0.16932718 0.19523859
vt 0.12507598 0.19500518
vt 0.19973262 0.19624507
vt 0.07278465 0.19463587
vt 0.04306101 0.19472831
vt 0.62700933 0.19688869
vt 0.46322486 0.19629955
vt 0.53627253 0.19617009
vt 0.41218108 0.19716561
vt 0.57162660 0.19709611
vt 0.02382575 0.19514078
vt 0.00176137 0.13917929
vt 0.00139896 0.15351570
vt 0.64723855 0.19867682
vt 0.01763450 0.19548309
vt 0.00630425 0.18218452
vt 0.00112880 0.05190057
vt 0.45740619 0.20362759
vt 0.49279243 0.20461452
vt 0.07080521 0.20098501
vt 0.12139243 0.21185035
vt 0.06811213 0.21162915
vt 0.04168649 0.21127343
vt 0.02425463 0.21127570
vt 0.55352205 0.20576501
vt 0.57218111 0.21444249
vt 0.60811132 0.21316320
vt 0.19701779 0.21120000
vt 0.23550758 0.21299517
vt 0.15981655 0.21138906
vt 0.24651609 0.21252418
vt 0.34389117 0.21212709
vt 0.38953424 0.21137679
vt 0.30450070 0.21133024
vt 0.52305353 0.21222699
vt 0.01030262 0.19649911
vt 0.44777989 0.21190298
vt 0.41214195 0.21150649
vt 0.48815921 0.21337807
vt 0.64702702 0.21368212
vt 0.01713735 0.21042323
vt 0.00082683 0.16759694
vt 0.51564109 0.21655840
vt 0.27525824 0.22040546
vt 0.30450681 0.21776342
vt 0.41261372 0.21777654
vt 0.38448051 0.21892685
vt 0.20852184 0.21850371
vt 0.00550734 0.19877893
vt 0.60920531 0.21714270
vt 0.46099052 0.21917641
vt 0.16719222 0.22764367
vt 0.21009880 0.22841728
vt 0.12412567 0.22702807
vt 0.07049489 0.22612429
vt 0.30705619 0.22791159
vt 0.36697197 0.22897655
vt 0.24394771 0.22783887
vt 0.26692244 0.22846621
vt 0.04391457 0.22667384
vt 0.47857493 0.22824091
vt 0.44205895 0.22879761
vt 0.41439775 0.22951519
vt 0.52047449 0.22761166
vt 0.54738253 0.22968483
vt 0.48904589 0.22777992
vt 0.64690596 0.22800332
vt 0.57914060 0.22895825
vt 0.61812282 0.22951496
vt 0.00606730 0.21097296
vt 0.01662539 0.22033924
vt 0.02294034 0.22606051
vt 0.00128845 0.18189287
vt 0.00050201 0.19591355
vt 0.00781962 0.21784806
vt 0.52488470 0.23784542
vt 0.49155220 0.24258482
vt 0.64280260 0.24405330
vt 0.60405892 0.24346143
vt 0.54217041 0.24373984
vt 0.56604522 0.24395776
vt 0.39433831 0.24015838
vt 0.43311027 0.24142051
vt 0.47823602 0.24330461
vt 0.45224661 0.24372792
vt 0.22070754 0.23904008
vt 0.16519405 0.23848855
vt 0.11246435 0.24032426
vt 0.06722341 0.24124366
vt 0.04236869 0.24067241
vt 0.02313516 0.24031436
vt 0.01393919 0.23144710
vt 0.27028689 0.24043977
vt 0.31561923 0.24160397
vt 0.35335997 0.24288982
vt 0.41505414 0.24405330
vt 0.23939683 0.24321616
vt 0.64719927 0.23986626
vt 0.00457671 0.23159653
vt 0.31918955 0.55954897
vt 0.27274185 0.55828530
vt 0.31431285 0.54741961
vt 0.38114160 0.55935240
vt 0.39191255 0.54846215
vt 0.43395731 0.55862671
vt 0.45361674 0.54753029
vt 0.50106895 0.55870098
vt 0.51285046 0.54807293
vt 0.57904637 0.55969220
vt 0.55352521 0.54663730
vt 0.57829505 0.54708570
vt 0.61279863 0.55790257
vt 0.60936654 0.54663140
vt 0.64867866 0.54640615
vt 0.64720488 0.55834353
vt 0.66409606 0.54577100
vt 0.66355020 0.55895835
vt 0.31360888 0.57319903
vt 0.34644333 0.57481527
vt 0.39152899 0.57327354
vt 0.43226224 0.57343310
vt 0.47965473 0.57307339
vt 0.51566398 0.57425100
vt 0.26785547 0.57420111
vt 0.24720953 0.55787438
vt 0.24356033 0.57407558
vt 0.20148653 0.55808049
vt 0.20437348 0.57492107
vt 0.53442031 0.56401402
vt 0.61604226 0.57339454
vt 0.65793180 0.57250232
vt 0.57922572 0.57351285
vt 0.18522799 0.57409918
vt 0.18241981 0.55761778
vt 0.16794163 0.57408464
vt 0.14868666 0.55863327
vt 0.14635126 0.57498401
vt 0.09984099 0.57483268
vt 0.09203231 0.55952024
vt 0.07935029 0.57507843
vt 0.05553557 0.57532763
vt 0.04303851 0.55848795
vt 0.04208091 0.57545966
vt 0.18710217 0.54928124
vt 0.25301132 0.54701233
vt 0.06042604 0.54837996
vt 0.13985100 0.54716736
vt 0.09168983 0.54777324
vt 0.66420603 0.57372665
vt 0.04120699 0.54827201
vt 0.23683512 0.58042204
vt 0.30106428 0.58849508
vt 0.33406031 0.58890456
vt 0.38054249 0.58839113
vt 0.40596250 0.58910155
vt 0.44261315 0.58815581
vt 0.47681567 0.58801699
vt 0.50172776 0.58927721
vt 0.52349681 0.58696449
vt 0.55191922 0.57532811
vt 0.27516770 0.58945572
vt 0.24670725 0.58943927
vt 0.20686585 0.59022576
vt 0.18596652 0.58877110
vt 0.15458038 0.58986372
vt 0.57982963 0.58816934
vt 0.61936569 0.58899707
vt 0.65415019 0.58911818
vt 0.14468274 0.59006113
vt 0.09738920 0.58952743
vt 0.08205882 0.58050460
vt 0.08122483 0.58953059
vt 0.05420084 0.58956039
vt 0.03968575 0.58929038
vt 0.66367596 0.59065467
vt 0.54104882 0.59990501
vt 0.47430265 0.60039264
vt 0.45112348 0.60056257
vt 0.51297456 0.60053688
vt 0.41187945 0.60063297
vt 0.18535392 0.60115880
vt 0.20481548 0.60091370
vt 0.25426838 0.60020965
vt 0.30489272 0.60085380
vt 0.37175578 0.60102266
vt 0.04280462 0.60164905
vt 0.58051211 0.60051012
vt 0.64881581 0.60029382
vt 0.14089414 0.60154748
vt 0.10561582 0.60129732
vt 0.07976973 0.60133618
vt 0.66434383 0.60058314
vt 0.03329445 0.57495600
vt 0.03437691 0.56033641
vt 0.18724738 0.54058528
vt 0.33781680 0.54364115
vt 0.29124492 0.53147435
vt 0.34771094 0.53080618
vt 0.39806047 0.53598404
vt 0.44532627 0.53624946
vt 0.51168245 0.53510845
vt 0.25061986 0.53630733
vt 0.03229148 0.54796314
vt 0.14205246 0.53553039
vt 0.21167766 0.53122443
vt 0.25398237 0.53079224
vt 0.57441640 0.53050858
vt 0.63790816 0.53032696
vt 0.39874607 0.52963096
vt 0.44677755 0.52927804
vt 0.49750599 0.52913970
vt 0.66413099 0.53820187
vt 0.66381133 0.52884448
vt 0.05761294 0.53261352
vt 0.04104284 0.53315771
vt 0.08930962 0.53220963
vt 0.14160235 0.53016359
vt 0.17651892 0.53065902
vt 0.03227981 0.53369272
vt 0.03223160 0.58871174
vt 0.60011035 0.52618217
vt 0.40732542 0.61228597
vt 0.44339025 0.61269379
vt 0.22149713 0.61625683
vt 0.19204123 0.61647552
vt 0.25915712 0.61276156
vt 0.31629422 0.61265248
vt 0.37191761 0.61367881
vt 0.15944029 0.61595243
vt 0.49379170 0.61257845
vt 0.56910419 0.61195636
vt 0.53846776 0.61534083
vt 0.52027100 0.61500067
vt 0.58975452 0.61125147
vt 0.63354808 0.61668241
vt 0.66251940 0.61587131
vt 0.03242572 0.60113436
vt 0.10937562 0.61572361
vt 0.14341806 0.61647624
vt 0.08500755 0.61643064
vt 0.05827927 0.61658943
vt 0.30311117 0.61804211
vt 0.26027659 0.61795455
vt 0.40690050 0.61729872
vt 0.37192824 0.61774516
vt 0.43974730 0.61789298
vt 0.49845335 0.61757088
vt 0.04179656 0.61636209
vt 0.58413178 0.61780965
vt 0.03394727 0.61593181
vt 0.64314735 0.51670754
vt 0.66375804 0.51605844
vt 0.02776852 0.55857027
vt 0.04071342 0.51963180
vt 0.39326674 0.51777822
vt 0.25248641 0.51771659
vt 0.16648230 0.51795697
vt 0.13992994 0.51800722
vt 0.09276582 0.51815522
vt 0.30807349 0.51801234
vt 0.44858131 0.51572579
vt 0.53160697 0.51734114
vt 0.57381511 0.51594985
vt 0.02651161 0.58706045
vt 0.08333353 0.62994689
vt 0.14631018 0.62940717
vt 0.04364612 0.63003314
vt 0.26176694 0.62943727
vt 0.30131793 0.62936401
vt 0.36636198 0.62953722
vt 0.40694448 0.62952065
vt 0.42815858 0.62936944
vt 0.47200838 0.62837976
vt 0.50867420 0.63133752
vt 0.22392350 0.62985134
vt 0.52422899 0.62913418
vt 0.20620485 0.62936217
vt 0.66413283 0.62982160
vt 0.64868098 0.62986332
vt 0.58195275 0.62889904
vt 0.03546526 0.63008976
vt 0.02867865 0.61531091
vt 0.02413614 0.57497185
vt 0.66452283 0.61935002
vt 0.60983223 0.63735574
vt 0.19506635 0.63881588
vt 0.10475761 0.64449996
vt 0.14152126 0.63790691
vt 0.33845046 0.63789344
vt 0.25301710 0.64392310
vt 0.22195962 0.63845527
vt 0.29727185 0.63806945
vt 0.47757676 0.63789684
vt 0.42859793 0.63837183
vt 0.37376979 0.63721305
vt 0.52500862 0.63825083
vt 0.57840139 0.63728279
vt 0.05704979 0.64567435
vt 0.08535872 0.64657909
vt 0.49534392 0.64446503
vt 0.40480015 0.64556211
vt 0.37534043 0.64612073
vt 0.33307177 0.64699727
vt 0.29245389 0.64727849
vt 0.26316637 0.64733475
vt 0.45210719 0.64568108
vt 0.04162619 0.64490563
vt 0.14974496 0.64610189
vt 0.19326663 0.64681202
vt 0.66198748 0.64545220
vt 0.63181317 0.64601409
vt 0.51962084 0.64556098
vt 0.22583553 0.64727062
vt 0.59624243 0.64565301
vt 0.56072092 0.64477324
vt 0.02589429 0.62913924
vt 0.02095264 0.60229981
vt 0.03198017 0.64555788
vt 0.49942610 0.64844352
vt 0.66516066 0.60744512
vt 0.66425157 0.64723408
vt 0.43104810 0.64946592
vt 0.02236725 0.54657459
vt 0.02848967 0.53312546
vt 0.03152768 0.51877284
vt 0.35717800 0.65306884
vt 0.40690103 0.66216570
vt 0.56694615 0.66102809
vt 0.51775265 0.66038883
vt 0.10807142 0.66163796
vt 0.25507280 0.66141844
vt 0.22288555 0.66203505
vt 0.30324078 0.66245896
vt 0.34925321 0.66161376
vt 0.19466418 0.66207218
vt 0.14723749 0.66185373
vt 0.45352435 0.66193467
vt 0.48675928 0.66139805
vt 0.05967232 0.66129881
vt 0.08541439 0.66168612
vt 0.04077498 0.66134363
vt 0.64695692 0.66112715
vt 0.59042406 0.66048187
vt 0.66437876 0.66516936
vt 0.01925443 0.58864665
vt 0.02036073 0.61471879
vt 0.03008499 0.65694511
vt 0.41106200 0.67269129
vt 0.24928898 0.67072523
vt 0.28843844 0.67243034
vt 0.34583288 0.67303377
vt 0.20373228 0.67228115
vt 0.54422921 0.67035627
vt 0.58629996 0.67000514
vt 0.51852441 0.66991186
vt 0.15263852 0.67155945
vt 0.07837944 0.67545414
vt 0.05759942 0.67528480
vt 0.04142141 0.67353976
vt 0.48269430 0.67103618
vt 0.02394517 0.64486825
vt 0.02319641 0.65597522
vt 0.03133694 0.66906029
vt 0.03518150 0.67926228
vt 0.08509961 0.67566198
vt 0.10737529 0.67557311
vt 0.64606738 0.67321217
vt 0.66325158 0.67880571
vt 0.01847138 0.57435554
vt 0.01899651 0.56073076
vt 0.48812294 0.67853564
vt 0.51964623 0.68142742
vt 0.55432314 0.68160462
vt 0.58899188 0.68360364
vt 0.64187616 0.67709529
vt 0.17609826 0.67991501
vt 0.14292997 0.67993641
vt 0.22774845 0.67972863
vt 0.27069092 0.68030208
vt 0.31284165 0.68000793
vt 0.34452415 0.68285662
vt 0.38125613 0.68403673
vt 0.40240246 0.67832726
vt 0.44120124 0.67899960
vt 0.02476908 0.66479331
vt 0.52188867 0.69021189
vt 0.44494414 0.69005448
vt 0.48198751 0.69027102
vt 0.39673218 0.69058228
vt 0.10520504 0.68977070
vt 0.08552291 0.68974590
vt 0.30217299 0.69061577
vt 0.36255506 0.69116873
vt 0.22353986 0.69035995
vt 0.17921808 0.69040960
vt 0.14075957 0.69041389
vt 0.25923550 0.69011676
vt 0.64880806 0.68944639
vt 0.03991292 0.68889469
vt 0.06026525 0.68947893
vt 0.57383829 0.69016933
vt 0.02775596 0.67922240
vt 0.66418850 0.69124645
vt 0.02222824 0.67812026
vt 0.03208593 0.69124645
vt 0.01889725 0.63069993
vt 0.51757455 0.51081795
vt 0.60762489 0.51113069
vt 0.37936485 0.51127905
vt 0.39547837 0.50118816
vt 0.44285119 0.50083852
vt 0.48507971 0.50172353
vt 0.57540005 0.50144249
vt 0.62212318 0.50153947
vt 0.32565087 0.50177425
vt 0.25591737 0.50321162
vt 0.24796492 0.51313531
vt 0.05597029 0.50317609
vt 0.19508484 0.50298494
vt 0.22907072 0.50240833
vt 0.12921880 0.50349259
vt 0.08296295 0.50369978
vt 0.66196787 0.50016713
vt 0.04075348 0.50551134
vt 0.01979045 0.53323632
vt 0.02993921 0.50343037
vt 0.01844068 0.64770854
vt 0.02306772 0.51832116
vt 0.02832819 0.51718676
vt 0.01851331 0.54575688
vt 0.66398638 0.49870658
vt 0.25426552 0.49765682
vt 0.48729950 0.49608886
vt 0.04021943 0.49859679
vt 0.18038680 0.49768525
vt 0.15167613 0.49561131
vt 0.12591030 0.49766314
vt 0.60957927 0.49648255
vt 0.01783784 0.66441566
vt 0.19524938 0.48668814
vt 0.15688656 0.48551863
vt 0.11925714 0.48509908
vt 0.08415368 0.48714209
vt 0.05399066 0.48545563
vt 0.04011277 0.48629296
vt 0.22218215 0.48548102
vt 0.44747716 0.48429251
vt 0.29082030 0.48487818
vt 0.34232965 0.48502946
vt 0.37282258 0.48479712
vt 0.25706375 0.48488855
vt 0.64150137 0.48323166
vt 0.54455054 0.48400414
vt 0.57771176 0.48535591
vt 0.49014583 0.48366350
vt 0.66235334 0.48501539
vt 0.03007354 0.49289382
vt 0.02211321 0.50573605
vt 0.02902197 0.48489541
vt 0.01802349 0.51763964
vt 0.01836910 0.50480199
vt 0.01757028 0.67755324
vt 0.02188015 0.48553008
vt 0.66497129 0.67747748
vt 0.66425633 0.48958647
vt 0.66373211 0.47431016
vt 0.58819830 0.95864648
vt 0.64081925 0.95351535
vt 0.63176519 0.91892469
vt 0.62143368 0.98640770
vt 0.59563810 0.98510718
vt 0.57803988 0.97146952
vt 0.57013285 0.95869815
vt 0.56935704 0.93745571
vt 0.58771610 0.92004144
vt 0.61635679 0.89969468
vt 0.59860188 0.90003943
vt 0.58624774 0.90721971
vt 0.57131660 0.92292833
vt 0.63877469 0.90640432
vt 0.65333343 0.92709965
vt 0.65357810 0.95932394
vt 0.65044415 0.96772021
vt 0.63447320 0.98379695
vt 0.64274418 0.97504956
vt 0.61013800 0.99030626
vt 0.65697587 0.94500905
vt 0.65247357 0.91953075
vt 0.58447862 0.98242956
vt 0.56541997 0.95249462
vt 0.57113951 0.96682066
vt 0.57474446 0.91516453
vt 0.56684017 0.92918289
vt 0.63535464 0.90197039
vt 0.62477982 0.98977709
vt 0.59494042 0.98912227
vt 0.58910233 0.90163743
vt 0.65624923 0.92849356
vt 0.57369131 0.97425461
vt 0.61419016 0.89398313
vt 0.58029163 0.90677583
vt 0.64823139 0.91021436
vt 0.55990118 0.94110984
vt 0.60082966 0.89391059
vt 0.64867282 0.97768450
vt 0.60959274 0.99392503
vt 0.66289222 0.94637269
vt 0.56987047 0.91140550
vt 0.62917620 0.89475220
vt 0.56166077 0.96207470
vt 0.56434965 0.91764152
vt 0.56038028 0.92912292
vt 0.55973893 0.95208573
vt 0.66315264 0.95761424
vt 0.56872404 0.97468740
vt 0.57840306 0.98493993
vt 0.58311957 0.99009246
vt 0.64383316 0.98564589
vt 0.66315264 0.93106461
vt 0.65891379 0.96799064
vt 0.57811409 0.90145403
vt 0.58564526 0.89759040
vt 0.65917522 0.91862100
vt 0.64355648 0.90054566
vt 0.62287515 0.99636322
vt 0.63258845 0.99306160
vt 0.60820973 0.99666983
vt 0.65255934 0.90763909
vt 0.59220368 0.99614251
vt 0.65891641 0.97440451
vt 0.65474337 0.97989833
vt 0.64899725 0.98562646
vt 0.56234729 0.97097957
vt 0.57102269 0.98270214
vt 0.63800788 0.99310064
vt 0.64397281 0.98952544
vt 0.89105666 0.02016962
vt 0.97272068 0.02332997
vt 0.91193128 0.02709073
vt 0.97387749 0.03246528
vt 0.99765253 0.02857482
vt 0.99768823 0.02041197
vt 0.97037750 0.01854807
vt 0.87082636 0.03069675
vt 0.87087071 0.02005970
vt 0.91188067 0.03405857
vt 0.99816632 0.03774852
vt 0.97411799 0.03940982
vt 0.89671850 0.03999847
vt 0.87076992 0.04017359
vt 0.99574947 0.00980216
vt 0.89196306 0.00938475
vt 0.94925964 0.00966758
vt 0.87119967 0.00906259
vt 0.99507207 0.04503512
vt 0.99791420 0.04741752
vt 0.90321136 0.04712701
vt 0.87648225 0.05155420
vt 0.94682091 0.05301726
vt 0.86998820 0.05127275
vt 0.99539405 0.05260479
vt 0.99828756 0.01078480
vt 0.87069684 0.05906641
vt 0.89280468 0.06011540
vt 0.99484730 0.05898464
vt 0.94905591 0.06221676
vt 0.99853110 0.05972439
vt 0.87126225 0.07103610
vt 0.88458341 0.07295412
vt 0.99540907 0.07067776
vt 0.96058679 0.07297575
vt 0.99799371 0.06888270
vt 0.99915481 0.07988995
vt 0.87075287 0.08172190
vt 0.97850698 0.08103824
vt 0.99729818 0.08125430
vt 0.92444563 0.08176661
vt 0.97016239 0.08877444
vt 0.92145330 0.08878863
vt 0.87023228 0.08883977
vt 0.86584610 0.06798345
vt 0.99749553 0.09122854
vt 0.86566508 0.03722328
vt 0.86530536 0.05642045
vt 0.93026906 0.09688234
vt 0.97135115 0.09738207
vt 0.87078595 0.09698611
vt 0.86594433 0.02859378
vt 0.86619490 0.01959264
vt 0.86542624 0.07947874
vt 0.99483138 0.10068965
vt 0.99838817 0.10183084
vt 0.86514646 0.04827535
vt 0.93323463 0.10404974
vt 0.87108046 0.10311061
vt 0.98345536 0.10641110
vt 0.99718684 0.11251491
vt 0.87088281 0.10851657
vt 0.92947680 0.11098862
vt 0.97820055 0.11807823
vt 0.99949801 0.02134949
vt 0.99918342 0.04733139
vt 0.92687386 0.11923176
vt 0.86579740 0.10248542
vt 0.87078393 0.12052661
vt 0.99480838 0.12097639
vt 0.99849832 0.13147283
vt 0.86495984 0.09165281
vt 0.86550182 0.11425775
vt 0.96535981 0.13558519
vt 0.92573589 0.13558519
vt 0.87069172 0.13390124
vt 0.99741137 0.13473636
vt 0.86705405 0.13207036
vt 0.86582029 0.01130396
vt 0.99870580 0.00237870
vt 0.95347548 0.39768273
vt 0.95470667 0.39313751
vt 0.88329065 0.39593565
vt 0.98223317 0.39682937
vt 0.91675633 0.40704107
vt 0.85814357 0.40626454
vt 0.85778439 0.39703763
vt 0.96937311 0.40776116
vt 0.98213947 0.40717435
vt 0.92970121 0.41713655
vt 0.86826217 0.41791213
vt 0.85460699 0.41088188
vt 0.85444564 0.39764476
vt 0.98186475 0.41783446
vt 0.85401183 0.41863477
vt 0.98260242 0.38451982
vt 0.91653121 0.38851869
vt 0.85802060 0.38379312
vt 0.93320912 0.37848449
vt 0.97763646 0.37913418
vt 0.85814327 0.37787902
vt 0.88836211 0.37670839
vt 0.85456294 0.38086528
vt 0.94994855 0.36848438
vt 0.89148080 0.36773872
vt 0.85802180 0.36565685
vt 0.98320562 0.36982715
vt 0.85474223 0.36853230
vt 0.98243141 0.36002183
vt 0.92180276 0.36314440
vt 0.85464656 0.35839766
vt 0.85834789 0.35637516
vt 0.97844619 0.35262537
vt 0.91365033 0.35085940
vt 0.85625249 0.34885657
vt 0.95041043 0.35128254
vt 0.98411822 0.35049927
vt 0.98696935 0.39183378
vt 0.92788869 0.33913481
vt 0.85881054 0.34188557
vt 0.87615210 0.33941436
vt 0.98175609 0.33922803
vt 0.85577661 0.33669436
vt 0.98769027 0.37802804
vt 0.98756832 0.35533863
vt 0.98704660 0.40211928
vt 0.87178695 0.42354608
vt 0.93460983 0.42346287
vt 0.98235393 0.42545223
vt 0.96555942 0.43148243
vt 0.85406423 0.42875683
vt 0.98696262 0.41284472
vt 0.90718746 0.43565768
vt 0.87656087 0.43582535
vt 0.85795325 0.43633878
vt 0.98161912 0.43724781
vt 0.85399884 0.43973243
vt 0.98688912 0.42215234
vt 0.98845381 0.36409938
vt 0.91496211 0.44818199
vt 0.86817318 0.44779891
vt 0.97911668 0.44840264
vt 0.85454005 0.44823050
vt 0.98679733 0.43486571
vt 0.98330832 0.44893622
vt 0.88799846 0.32188070
vt 0.92767912 0.32227385
vt 0.97957683 0.32413250
vt 0.98285979 0.32152009
vt 0.85590267 0.32064247
vt 0.98787427 0.34131742
vt 0.98430163 0.33614546
vt 0.85492325 0.32818782
vt 0.85496432 0.31731683
vt 0.85391569 0.34495020
vt 0.98665750 0.32002407
vt 0.91650373 0.45701778
vt 0.95746237 0.46318001
vt 0.98164374 0.46583760
vt 0.88667202 0.46513796
vt 0.85459286 0.46439952
vt 0.92078441 0.46669841
vt 0.98845381 0.44911045
vt 0.98740309 0.46497309
vt 0.93066084 0.18800968
vt 0.96049160 0.19483531
vt 0.90654343 0.19515926
vt 0.96356684 0.18872881
vt 0.86791939 0.18978506
vt 0.89147931 0.17544001
vt 0.92284328 0.17549145
vt 0.96407002 0.17561799
vt 0.86517614 0.17787051
vt 0.85265410 0.18810076
vt 0.85258394 0.17434520
vt 0.98069388 0.18889350
vt 0.97977257 0.17611063
vt 0.97982699 0.19726348
vt 0.85348803 0.19822001
vt 0.95759302 0.20130688
vt 0.88781667 0.20737088
vt 0.85342234 0.20660067
vt 0.96534735 0.20995700
vt 0.98073620 0.21278560
vt 0.88605469 0.21519834
vt 0.85391706 0.21549070
vt 0.96342009 0.21906334
vt 0.98039925 0.21832895
vt 0.88138324 0.22192246
vt 0.85556018 0.22525537
vt 0.96466190 0.22765982
vt 0.98017102 0.23151004
vt 0.88125515 0.23002028
vt 0.85275358 0.22340101
vt 0.85214758 0.20190275
vt 0.85367191 0.23168319
vt 0.96248996 0.23414636
vt 0.98277169 0.20406109
vt 0.88807291 0.23610771
vt 0.85620648 0.23889482
vt 0.85292894 0.23793089
vt 0.96417087 0.24466729
vt 0.97987670 0.24564868
vt 0.86121017 0.24544418
vt 0.89882344 0.24472660
vt 0.85257149 0.25094604
vt 0.85203040 0.18192071
vt 0.98454595 0.22325981
vt 0.97609460 0.16018140
vt 0.85301107 0.16016585
vt 0.88129359 0.16008765
vt 0.91657221 0.16139853
vt 0.97955906 0.16034752
vt 0.95962644 0.15857530
vt 0.98453176 0.23339093
vt 0.98451310 0.18447149
vt 0.95045823 0.25497872
vt 0.87846810 0.25784206
vt 0.85331017 0.25877249
vt 0.98072386 0.25487936
vt 0.98551768 0.19928914
vt 0.98551011 0.21274781
vt 0.96325672 0.26681077
vt 0.98050207 0.26653731
vt 0.91556615 0.26716924
vt 0.87837595 0.26749289
vt 0.85348070 0.26804131
vt 0.98007339 0.27616572
vt 0.91817933 0.27627760
vt 0.87465042 0.27579129
vt 0.85589033 0.27549398
vt 0.85222459 0.26965618
vt 0.85321468 0.27830291
vt 0.98299050 0.15857381
vt 0.91680121 0.28721613
vt 0.98049557 0.28602135
vt 0.87467670 0.28386438
vt 0.86543012 0.28781760
vt 0.85274917 0.29197335
vt 0.97742194 0.28789485
vt 0.98565167 0.17235041
vt 0.85190761 0.25899184
vt 0.97971821 0.14293176
vt 0.96798861 0.14299905
vt 0.91143245 0.14467448
vt 0.86562818 0.14299405
vt 0.85314107 0.15048069
vt 0.85237825 0.14575428
vt 0.88529325 0.30366921
vt 0.85333163 0.30399621
vt 0.91932148 0.30244029
vt 0.97997975 0.30362362
vt 0.98463422 0.13653660
vt 0.98644578 0.15061015
vt 0.98571861 0.30399621
vt 0.73399758 0.81222099
vt 0.73686475 0.80167061
vt 0.73331994 0.79993403
vt 0.77189815 0.80908179
vt 0.80996060 0.79711390
vt 0.81592554 0.79810846
vt 0.81621689 0.81218702
vt 0.75294578 0.79795551
vt 0.73555601 0.81698841
vt 0.78521591 0.81427848
vt 0.81651878 0.79355258
vt 0.81492198 0.78273410
vt 0.73782319 0.78762937
vt 0.73239201 0.78553879
vt 0.77945644 0.78197783
vt 0.73558271 0.78297210
vt 0.81571341 0.77426600
vt 0.73403949 0.82263088
vt 0.81748050 0.81512690
vt 0.78015000 0.77261478
vt 0.73573124 0.77418184
vt 0.73216051 0.77216482
vt 0.81569582 0.76575917
vt 0.78093624 0.76625258
vt 0.73581588 0.76662099
vt 0.73296255 0.76146030
vt 0.78316802 0.76086479
vt 0.81557709 0.75906181
vt 0.81932747 0.78288740
vt 0.81872934 0.79936051
vt 0.81847548 0.82605690
vt 0.75816476 0.82971275
vt 0.73524773 0.83053464
vt 0.78501761 0.82772738
vt 0.82178712 0.79441136
vt 0.82097703 0.81036949
vt 0.78322691 0.75238138
vt 0.81546754 0.75122970
vt 0.73741698 0.75341308
vt 0.73230505 0.75531191
vt 0.72782344 0.78531957
vt 0.72580725 0.79990375
vt 0.72343099 0.78754961
vt 0.71819299 0.80066240
vt 0.70855725 0.78792971
vt 0.70085669 0.80148476
vt 0.68791473 0.78850633
vt 0.68887395 0.80168039
vt 0.71161997 0.78162146
vt 0.68780178 0.77940834
vt 0.72282434 0.77934802
vt 0.71326172 0.77365816
vt 0.71479565 0.81539929
vt 0.69773233 0.81523263
vt 0.68857968 0.81771135
vt 0.69923633 0.77043289
vt 0.68770760 0.77264756
vt 0.72416931 0.81352139
vt 0.72074717 0.76627833
vt 0.72669894 0.77314234
vt 0.68791521 0.76395482
vt 0.70507634 0.76152444
vt 0.72835052 0.81520545
vt 0.72409779 0.82039320
vt 0.68979090 0.81884015
vt 0.72685683 0.76338595
vt 0.72251719 0.83043188
vt 0.68950254 0.82777619
vt 0.68840212 0.75606209
vt 0.72829419 0.82754308
vt 0.70909816 0.83439821
vt 0.72427219 0.75530058
vt 0.71626252 0.75304109
vt 0.70010018 0.75128901
vt 0.69052315 0.83587557
vt 0.69081056 0.84405285
vt 0.72901332 0.83326113
vt 0.81917304 0.77140820
vt 0.69225115 0.84520024
vt 0.70879591 0.84325010
vt 0.73584229 0.83953637
vt 0.78709006 0.83502585
vt 0.81749654 0.83340114
vt 0.72581422 0.84242493
vt 0.82166255 0.82379562
vt 0.68724900 0.80126822
vt 0.73044181 0.84353352
vt 0.82178712 0.83666492
vt 0.69321173 0.85284430
vt 0.71512455 0.85047853
vt 0.78435451 0.84497505
vt 0.73669970 0.84827369
vt 0.69305128 0.86060894
vt 0.68909907 0.74548048
vt 0.72823906 0.74814522
vt 0.31078041 0.98542506
vt 0.34704164 0.98305452
vt 0.34644273 0.99003738
vt 0.26502374 0.99355185
vt 0.34592262 0.99653769
vt 0.26528883 0.98584354
vt 0.26247859 0.98626763
vt 0.28637290 0.97596008
vt 0.26247790 0.97775036
vt 0.34748286 0.97642732
vt 0.26264980 0.97120452
vt 0.31891423 0.97266299
vt 0.34795675 0.97166461
vt 0.30942115 0.96972513
vt 0.27735317 0.96356255
vt 0.31360209 0.95723784
vt 0.34787956 0.95818341
vt 0.26608685 0.95720047
vt 0.26239967 0.95627838
vt 0.34690812 0.95479131
vt 0.27652925 0.95506603
vt 0.33023378 0.94463640
vt 0.34744728 0.94204456
vt 0.26523191 0.94170421
vt 0.30317405 0.94201624
vt 0.26213488 0.94010347
vt 0.25849637 0.96948117
vt 0.25941393 0.94159478
vt 0.28909478 0.93299717
vt 0.32769457 0.92820543
vt 0.34677556 0.93121099
vt 0.26316282 0.92816949
vt 0.29506230 0.92817128
vt 0.34637445 0.92692524
vt 0.25990742 0.98476350
vt 0.25753012 0.95631129
vt 0.29824248 0.91979671
vt 0.26000413 0.92632037
vt 0.34611651 0.91846108
vt 0.26408386 0.92032909
vt 0.26020592 0.91496670
vt 0.26057079 0.99307555
vt 0.26297295 0.99952424
vt 0.35446382 0.94288379
vt 0.26386628 0.91107225
vt 0.35335732 0.93421686
vt 0.35919538 0.94294387
vt 0.35732624 0.92943233
vt 0.35988358 0.95733523
vt 0.36811072 0.94322747
vt 0.36970899 0.95692313
vt 0.39160615 0.94328642
vt 0.39285120 0.95650345
vt 0.39249045 0.96839541
vt 0.37607458 0.97107726
vt 0.36092299 0.97087663
vt 0.39307228 0.94003314
vt 0.39267540 0.97385585
vt 0.35454065 0.97061241
vt 0.35467169 0.95717561
vt 0.36843091 0.93205667
vt 0.39160872 0.93143880
vt 0.37594959 0.98346186
vt 0.35759360 0.97946548
vt 0.35760128 0.98456353
vt 0.39164281 0.98653138
vt 0.39138219 0.92079383
vt 0.36839968 0.92659181
vt 0.35363469 0.98127830
vt 0.39026058 0.92339027
vt 0.35248971 0.92610216
vt 0.37381041 0.99035692
vt 0.36735660 0.91551715
vt 0.35542321 0.91766900
vt 0.38922036 0.91334987
vt 0.35217422 0.99024230
vt 0.35526347 0.99297756
vt 0.36010286 0.99771553
vt 0.37869576 0.99952424
vt 0.39099497 0.99590510
vt 0.35068247 0.91231620
vt 0.35492864 0.91008562
vt 0.35205850 0.99949729
vt 0.93147886 0.68286538
vt 0.92038941 0.66972673
vt 0.93416971 0.67207390
vt 0.91992420 0.69733858
vt 0.93204987 0.74702752
vt 0.92198300 0.74713755
vt 0.93580049 0.71018952
vt 0.93468726 0.74914622
vt 0.93348312 0.66854328
vt 0.91719067 0.71528703
vt 0.91797072 0.74714774
vt 0.91532475 0.67019725
vt 0.92367244 0.75072902
vt 0.93874639 0.74746686
vt 0.91014785 0.73482054
vt 0.90976590 0.71183681
vt 0.90693110 0.67339498
vt 0.90592730 0.67006105
vt 0.90953833 0.74918962
vt 0.90035272 0.71739131
vt 0.90091556 0.74767047
vt 0.89890838 0.67127877
vt 0.89141512 0.67338657
vt 0.88805223 0.67093897
vt 0.89253199 0.73085678
vt 0.89438957 0.74955767
vt 0.95015353 0.74866176
vt 0.94883007 0.71473938
vt 0.94961637 0.68260098
vt 0.95013875 0.66859782
vt 0.95308679 0.71285266
vt 0.95285261 0.67261213
vt 0.95422983 0.74889290
vt 0.96406764 0.66849661
vt 0.96401078 0.74762028
vt 0.91664964 0.75214082
vt 0.95063561 0.75214082
vt 0.96550697 0.75103104
vt 0.96925360 0.68043560
vt 0.96852279 0.72641540
vt 0.96990114 0.66861212
vt 0.97004879 0.74843585
vt 0.92470765 0.66357780
vt 0.93626618 0.66272080
vt 0.92316544 0.65860295
vt 0.93636662 0.65740919
vt 0.93119144 0.63098294
vt 0.92325878 0.64322400
vt 0.92203665 0.62695432
vt 0.93593878 0.64402461
vt 0.93605685 0.62586057
vt 0.92983538 0.62625265
vt 0.91392279 0.65008652
vt 0.91584873 0.62728584
vt 0.95086408 0.65016061
vt 0.95112985 0.63052177
vt 0.95121253 0.62559468
vt 0.91265929 0.66155308
vt 0.91674215 0.66471499
vt 0.95121098 0.66030365
vt 0.90578032 0.62894702
vt 0.90734315 0.65417093
vt 0.90231502 0.62791234
vt 0.90362978 0.66440493
vt 0.89601642 0.65008330
vt 0.89472663 0.65902233
vt 0.89368129 0.63003451
vt 0.96454126 0.62709618
vt 0.95091295 0.66432899
vt 0.96893889 0.62579954
vt 0.96712351 0.65753186
vt 0.96719301 0.64642948
vt 0.96713531 0.66303551
vt 0.96905172 0.62744421
vt 0.89558625 0.66569269
vt 0.97931975 0.64738077
vt 0.97599488 0.65968931
vt 0.98202956 0.62784237
vt 0.98265135 0.71848929
vt 0.98246145 0.66944867
vt 0.98082578 0.74863172
vt 0.98139203 0.66405535
vt 0.98408318 0.62657881
vt 0.98913652 0.65986478
vt 0.99182808 0.64342231
vt 0.97597653 0.75103742
vt 0.99137247 0.66439158
vt 0.98801661 0.67011440
vt 0.98783755 0.74872458
vt 0.99480957 0.62799209
vt 0.99851686 0.65448409
vt 0.99481702 0.71811134
vt 0.99924815 0.63913125
vt 0.99582350 0.67444044
vt 0.99798888 0.66978240
vt 0.99424535 0.74874866
vt 0.99949801 0.66230333
vt 0.93655580 0.87401646
vt 0.93849325 0.89151430
vt 0.92253834 0.89119601
vt 0.93863076 0.82652628
vt 0.92284423 0.82601213
vt 0.92244452 0.86198705
vt 0.93720138 0.81694770
vt 0.92189246 0.81587815
vt 0.92312086 0.89453673
vt 0.93837345 0.89512753
vt 0.95162034 0.81690133
vt 0.94549561 0.85054886
vt 0.95136338 0.87950295
vt 0.95193416 0.89480966
vt 0.95603061 0.82867068
vt 0.95656902 0.88968635
vt 0.96240985 0.89494264
vt 0.93877065 0.81421196
vt 0.95800680 0.81578314
vt 0.96518576 0.85433549
vt 0.96605372 0.89041740
vt 0.97012758 0.81708872
vt 0.97300750 0.88985211
vt 0.97632539 0.89490777
vt 0.96577752 0.81294942
vt 0.97843450 0.85709351
vt 0.97618908 0.81548518
vt 0.97953326 0.89008361
vt 0.98534876 0.88310689
vt 0.95257568 0.81253302
vt 0.98200154 0.81548899
vt 0.98997384 0.89366323
vt 0.98833674 0.81695306
vt 0.91664332 0.81643575
vt 0.91136706 0.85454679
vt 0.90801007 0.83372211
vt 0.91060650 0.89118296
vt 0.90854555 0.89374799
vt 0.90715516 0.81489307
vt 0.90549940 0.89117312
vt 0.92743170 0.81189078
vt 0.91638333 0.81231844
vt 0.95574838 0.90046120
vt 0.93805528 0.90164828
vt 0.95419043 0.90509284
vt 0.93808192 0.90690702
vt 0.95349300 0.91346532
vt 0.93767506 0.92085332
vt 0.94841784 0.93682772
vt 0.93683779 0.93737853
vt 0.95315760 0.93767840
vt 0.96239632 0.92079908
vt 0.92211777 0.93621111
vt 0.96465427 0.90647835
vt 0.92155814 0.91892523
vt 0.92138976 0.90448785
vt 0.96760041 0.93656290
vt 0.97082996 0.92368340
vt 0.97386044 0.90618837
vt 0.97002494 0.90043920
vt 0.97665215 0.92109716
vt 0.96901983 0.93763626
vt 0.92125487 0.89947045
vt 0.98108667 0.93696052
vt 0.97721905 0.89986563
vt 0.98312795 0.90750712
vt 0.90833163 0.93460852
vt 0.90833127 0.91870153
vt 0.90903056 0.90355098
vt 0.98200929 0.90253586
vt 0.98542625 0.92112350
vt 0.90769386 0.89840227
vt 0.90913630 0.93620461
vt 0.99106008 0.93634826
vt 0.89847225 0.90456772
vt 0.93947852 0.81113225
vt 0.89482760 0.91303325
vt 0.89210564 0.93325514
vt 0.89830804 0.93510991
vt 0.89959633 0.89781231
vt 0.92209256 0.93763626
vt 0.99357820 0.92482269
vt 0.99200594 0.90709108
vt 0.98857647 0.90007520
vt 0.97455692 0.81167954
vt 0.99592996 0.90163088
vt 0.99949801 0.93574190
vt 0.98837376 0.81206018
vt 0.88303214 0.93288612
vt 0.89848906 0.89133787
vt 0.21560061 0.91381747
vt 0.22191243 0.90202940
vt 0.18896310 0.91253513
vt 0.19002019 0.92515141
vt 0.16720837 0.92192811
vt 0.13769044 0.92670637
vt 0.23747741 0.90133834
vt 0.12997389 0.92099285
vt 0.12886427 0.91292161
vt 0.11501978 0.91573954
vt 0.10823419 0.90410209
vt 0.10619419 0.91569966
vt 0.12215646 0.92395765
vt 0.09167445 0.90131897
vt 0.24124040 0.89108992
vt 0.25336486 0.88199276
vt 0.24303645 0.87299150
vt 0.23154216 0.88445157
vt 0.16204372 0.91260582
vt 0.13031748 0.90454382
vt 0.11023937 0.89484400
vt 0.25293958 0.86587173
vt 0.26511919 0.87288421
vt 0.26832104 0.85757577
vt 0.26285800 0.84942114
vt 0.26988289 0.84043890
vt 0.28020561 0.83764881
vt 0.27940357 0.82631689
vt 0.27784508 0.80453849
vt 0.26651436 0.81533092
vt 0.26704431 0.78866184
vt 0.27772194 0.78863806
vt 0.26661131 0.77756262
vt 0.21377870 0.89680344
vt 0.19497494 0.90572089
vt 0.09329127 0.88684452
vt 0.07917129 0.89141303
vt 0.08148786 0.87590480
vt 0.07250495 0.87826061
vt 0.07458766 0.86498386
vt 0.06098692 0.86065984
vt 0.06051665 0.85157496
vt 0.06398585 0.87709516
vt 0.04936453 0.84976649
vt 0.04794487 0.82831490
vt 0.07031523 0.88775182
vt 0.05969562 0.83811063
vt 0.05137637 0.80551815
vt 0.04779518 0.79366797
vt 0.25025770 0.89283442
vt 0.17735976 0.92939228
vt 0.26196033 0.83067417
vt 0.25518763 0.84852499
vt 0.08120681 0.89830118
vt 0.27357453 0.77273631
vt 0.20919810 0.92181730
vt 0.22253768 0.91541976
vt 0.23311491 0.90850985
vt 0.04846360 0.78549320
vt 0.05854543 0.78375661
vt 0.06052401 0.76494813
vt 0.06949628 0.77024472
vt 0.07487823 0.74657935
vt 0.06264251 0.75505638
vt 0.07947675 0.75496662
vt 0.09670024 0.74233234
vt 0.09139653 0.73379761
vt 0.10563461 0.73198676
vt 0.10323343 0.72195423
vt 0.12113251 0.71992880
vt 0.12208728 0.71346021
vt 0.15007053 0.71132141
vt 0.15937553 0.71912700
vt 0.19163895 0.71292007
vt 0.16368629 0.70618451
vt 0.20068352 0.72093326
vt 0.21860093 0.72052813
vt 0.21037076 0.73055679
vt 0.23094550 0.73035008
vt 0.12807032 0.70699441
vt 0.22032323 0.73809052
vt 0.23636901 0.74894935
vt 0.24919981 0.74556762
vt 0.25421476 0.76327640
vt 0.24970619 0.76817888
vt 0.26316121 0.75832075
vt 0.08117817 0.73418260
vt 0.08985264 0.72647476
vt 0.07241627 0.74164051
vt 0.12908459 0.72967070
vt 0.11156833 0.73670149
vt 0.05957483 0.81233341
vt 0.15575390 0.70378476
vt 0.18415189 0.70422035
vt 0.20899060 0.71155262
vt 0.25491101 0.78752226
vt 0.24008958 0.73125046
vt 0.22893767 0.72176546
vt 0.15219148 0.92994094
vt 0.27362674 0.86069870
vt 0.19622999 0.73202461
vt 0.17974780 0.72961903
vt 0.06584188 0.78828734
vt 0.07460006 0.77394491
vt 0.24681199 0.86017966
vt 0.25670844 0.81179941
vt 0.25693762 0.88731557
vt 0.08408864 0.75946450
vt 0.10702914 0.74759924
vt 0.28249937 0.80135506
vt 0.07193373 0.84351110
vt 0.17832853 0.90178180
vt 0.15782966 0.72474360
vt 0.25039741 0.73854506
vt 0.25837341 0.75051802
vt 0.10684714 0.71479702
vt 0.16017905 0.90438533
vt 0.22702169 0.87671268
vt 0.09218112 0.91303974
vt 0.21050234 0.73912716
vt 0.06893422 0.82359630
vt 0.19879694 0.92691648
vt 0.09940941 0.87626970
vt 0.08614722 0.86635184
vt 0.14506868 0.73409325
vt 0.13638265 0.90222621
vt 0.11896309 0.88654542
vt 0.22003509 0.74910307
vt 0.23183769 0.75872934
vt 0.07232203 0.79288095
vt 0.05047037 0.76718539
vt 0.07102121 0.80845255
vt 0.20634361 0.88929307
vt 0.16397437 0.73173648
vt 0.05106691 0.86746401
vt 0.24981126 0.84777695
vt 0.25375101 0.82682091
vt 0.24291551 0.78071767
vt 0.03919956 0.80400622
vt 0.03886930 0.82248318
vt 0.04081936 0.84113580
vt 0.19314192 0.89723110
vt 0.24916151 0.90132052
vt 0.08624178 0.77168715
vt 0.09724414 0.75771201
vt 0.21960351 0.71091413
vt 0.24445412 0.80333996
vt 0.12043103 0.74230725
vt 0.16194415 0.69833070
vt 0.27896437 0.77465576
vt 0.10840299 0.76267135
vt 0.14777765 0.69904184
vt 0.06887714 0.89444160
vt 0.09753326 0.85919499
vt 0.11489106 0.86459893
vt 0.11359973 0.84692544
vt 0.12959202 0.86029196
vt 0.13628365 0.84734243
vt 0.12848817 0.83648664
vt 0.14709595 0.83586842
vt 0.13008875 0.82152075
vt 0.14443026 0.81702477
vt 0.16165455 0.81594759
vt 0.16325064 0.83435249
vt 0.17094629 0.81602180
vt 0.17940550 0.83234090
vt 0.15991239 0.79178542
vt 0.17365733 0.80034000
vt 0.14702934 0.79989165
vt 0.19286613 0.82219410
vt 0.18926428 0.80987281
vt 0.17969212 0.79312879
vt 0.16663674 0.84620625
vt 0.15429421 0.84592843
vt 0.12880147 0.80744255
vt 0.13208549 0.79384720
vt 0.16118090 0.78008723
vt 0.18788473 0.84011751
vt 0.20665686 0.81652158
vt 0.20058723 0.80025089
vt 0.14761576 0.78016627
vt 0.20166634 0.83036393
vt 0.17692396 0.77773970
vt 0.18597434 0.78685981
vt 0.16368243 0.85790122
vt 0.11348519 0.81738538
vt 0.18804812 0.85019547
vt 0.17670178 0.85630393
vt 0.11707342 0.82839876
vt 0.11510654 0.80132258
vt 0.14961855 0.85976690
vt 0.13285741 0.77839935
vt 0.20339435 0.84466594
vt 0.16170025 0.76741010
vt 0.14883545 0.76744461
vt 0.21396019 0.83117908
vt 0.20696260 0.78895557
vt 0.19603327 0.77752846
vt 0.21542770 0.80161268
vt 0.17573594 0.76506442
vt 0.11161464 0.78031915
vt 0.22756295 0.81593484
vt 0.23156972 0.79824853
vt 0.23295946 0.82828999
vt 0.22657403 0.84404624
vt 0.08968393 0.80850196
vt 0.13069572 0.76606041
vt 0.13736396 0.75151974
vt 0.15154473 0.74896979
vt 0.16258003 0.74995357
vt 0.09601618 0.79373848
vt 0.09078446 0.81941748
vt 0.09303451 0.83467662
vt 0.19647007 0.76049680
vt 0.12961337 0.87281972
vt 0.17657168 0.88189816
vt 0.16339922 0.87999386
vt 0.15274833 0.88315970
vt 0.18878138 0.87681252
vt 0.20285687 0.86958593
vt 0.21668093 0.86028117
vt 0.13851383 0.89002138
vt 0.27920422 0.85740501
vt 0.21737957 0.78165865
vt 0.21741338 0.76462442
vt 0.17728172 0.75160134
vt 0.27471137 0.76368207
vt 0.16641283 0.93582875
vt 0.26262504 0.74516690
vt 0.24612112 0.72776127
vt 0.07898198 0.72866702
vt 0.23260963 0.71824414
vt 0.05903007 0.88167477
vt 0.08485687 0.90903097
vt 0.28822333 0.81575030
vt 0.10949329 0.92407185
vt 0.06595842 0.74206370
vt 0.18323888 0.69877762
vt 0.18203104 0.93416208
vt 0.20290315 0.70380467
vt 0.04337540 0.78339481
vt 0.12396161 0.92938292
vt 0.09271384 0.71893185
vt 0.27319771 0.87314892
vt 0.14562443 0.93470061
vt 0.26412648 0.88581151
vt 0.28810045 0.83375204
vt 0.05563775 0.75573558
vt 0.28735316 0.79781365
vt 0.22221319 0.92165899
vt 0.21052353 0.92647219
vt 0.13099493 0.70112890
vt 0.10773032 0.71019816
vt 0.23648055 0.91277617
vt 0.19541210 0.93702972
vt 0.04213627 0.86287415
vt 0.03684595 0.84620970
vt 0.28996056 0.84918070
vt 0.28808686 0.77749479
vt 0.29118690 0.79102433
vt 0.03524930 0.79359084
vt 0.28231931 0.86812347
vt 0.29467872 0.80972856
vt 0.05394863 0.88457119
vt 0.03366055 0.83330470
vt 0.06881572 0.90238553
vt 0.26296183 0.89712411
vt 0.27354118 0.74942553
vt 0.26328960 0.73677164
vt 0.03263052 0.81863976
vt 0.09862562 0.92492336
vt 0.14287919 0.93922454
vt 0.27516475 0.88148862
vt 0.28082666 0.76113367
vt 0.29467872 0.82893372
vt 0.24831802 0.91097337
vt 0.11885177 0.93389219
vt 0.19128296 0.69481409
vt 0.20966944 0.93340790
vt 0.08256993 0.91434360
vt 0.04534141 0.76267326
vt 0.03822856 0.77952766
vt 0.21872222 0.70383823
vt 0.23432674 0.92141658
vt 0.23074126 0.70932871
vt 0.16181287 0.69219792
vt 0.17594950 0.69229805
vt 0.24193501 0.71725541
vt 0.18126485 0.94005424
vt 0.22278330 0.92733634
vt 0.25121278 0.72446370
vt 0.03264934 0.80330116
vt 0.20417076 0.69678205
vt 0.16657662 0.94148427
vt 0.09024831 0.71346307
vt 0.07647993 0.72371459
vt 0.14692877 0.69250470
vt 0.13259180 0.69341022
vt 0.10550556 0.70475340
vt 0.12030087 0.69740623
vt 0.05532280 0.74598199
vt 0.06632630 0.73264569
vt 0.03623653 0.85653532
vt 0.04078199 0.87126410
vt 0.25544322 0.91111815
vt 0.28794789 0.86811441
vt 0.07580456 0.91482794
vt 0.04480746 0.88083482
vt 0.22766283 0.93030721
vt 0.06059665 0.90258402
vt 0.05247195 0.89186347
vt 0.27732396 0.88675380
vt 0.28462234 0.87663496
vt 0.23897357 0.92448395
vt 0.06766792 0.90900254
vt 0.26822713 0.89948338
vt 0.24986854 0.71703696
vt 0.24590030 0.92196399
vt 0.89060712 0.52882552
vt 0.88117397 0.51910704
vt 0.93356484 0.51961350
vt 0.86307842 0.52899611
vt 0.86275095 0.51865476
vt 0.86750150 0.53696698
vt 0.98532891 0.53033334
vt 0.92055452 0.53854710
vt 0.98573738 0.53714085
vt 0.97241700 0.51875371
vt 0.98685169 0.51752454
vt 0.88671428 0.51044589
vt 0.93237883 0.51101792
vt 0.97781926 0.51080602
vt 0.86311936 0.50870657
vt 0.98938364 0.50523478
vt 0.96905440 0.49920988
vt 0.90612799 0.50090951
vt 0.86750495 0.50036120
vt 0.98926145 0.51580960
vt 0.98990506 0.53572530
vt 0.86202502 0.53761953
vt 0.86094111 0.51082802
vt 0.98896122 0.49683750
vt 0.97094661 0.54174238
vt 0.98962647 0.54367232
vt 0.90106076 0.55065310
vt 0.96351767 0.54936951
vt 0.98875827 0.55361414
vt 0.86560732 0.55143142
vt 0.86149585 0.55239737
vt 0.96078640 0.55354011
vt 0.87377489 0.56355065
vt 0.91932815 0.56077915
vt 0.86264592 0.56666231
vt 0.96141887 0.56352597
vt 0.98669636 0.56807786
vt 0.91652161 0.56777072
vt 0.96651840 0.57108086
vt 0.96920764 0.57819980
vt 0.98897541 0.56547958
vt 0.90476424 0.57508653
vt 0.92517346 0.57938045
vt 0.86740184 0.57885259
vt 0.86262071 0.57489049
vt 0.98958677 0.57909471
vt 0.98658627 0.58035094
vt 0.85766119 0.53102601
vt 0.85784775 0.52046055
vt 0.85754251 0.54143393
vt 0.85733026 0.55066538
vt 0.86021566 0.58113074
vt 0.85727501 0.55887806
vt 0.93457353 0.59463227
vt 0.86627066 0.59438509
vt 0.98893064 0.59271234
vt 0.86182213 0.59419137
vt 0.85751933 0.56927311
vt 0.99029946 0.60395545
vt 0.98879027 0.59735924
vt 0.89219487 0.49511337
vt 0.86279893 0.48854393
vt 0.85976458 0.49297035
vt 0.88718742 0.48246527
vt 0.98646623 0.48229498
vt 0.98898995 0.48949957
vt 0.99046183 0.55587953
vt 0.99004614 0.47688317
vt 0.86263025 0.47934812
vt 0.99034518 0.49393809
vt 0.85730028 0.49941671
vt 0.94994026 0.48223293
vt 0.85692042 0.50920337
vt 0.97724968 0.47015226
vt 0.99029744 0.46764982
vt 0.87470269 0.46917313
vt 0.89636022 0.47346771
vt 0.86291009 0.46930218
vt 0.93136251 0.46800917
vt 0.85838097 0.47608763
vt 0.85725254 0.48578739
vt 0.85592371 0.57921153
vt 0.86230654 0.61042935
vt 0.88300931 0.61088669
vt 0.94012958 0.61111730
vt 0.98649770 0.61122113
vt 0.98892587 0.61227405
vt 0.85650653 0.59472287
vt 0.85674894 0.61227405
vt 0.52963990 0.90007913
vt 0.53118628 0.90557182
vt 0.51923639 0.91141135
vt 0.52404237 0.91305113
vt 0.51567364 0.91899556
vt 0.50874114 0.91853291
vt 0.50497067 0.92523628
vt 0.49250862 0.92700082
vt 0.49654940 0.93025702
vt 0.49778342 0.91793215
vt 0.50703269 0.91205573
vt 0.52080190 0.90096861
vt 0.48381865 0.92388731
vt 0.48263916 0.93054354
vt 0.47166252 0.92673343
vt 0.52539712 0.89424992
vt 0.47222030 0.93273920
vt 0.53288257 0.88566560
vt 0.53825724 0.88798130
vt 0.54392260 0.87317044
vt 0.54138970 0.86975467
vt 0.53642279 0.87030947
vt 0.54211748 0.86073428
vt 0.54935586 0.86000180
vt 0.54501724 0.84602720
vt 0.46121424 0.93292105
vt 0.44718176 0.92755610
vt 0.44718719 0.93273920
vt 0.43173888 0.93127966
vt 0.42779064 0.92352837
vt 0.42015603 0.92630786
vt 0.41204599 0.91664708
vt 0.40077084 0.91548955
vt 0.55070281 0.84754181
vt 0.55036616 0.83836424
vt 0.40600130 0.92251176
vt 0.44188693 0.90865439
vt 0.46197069 0.90723985
vt 0.43695730 0.92318022
vt 0.46733662 0.92298478
vt 0.48004708 0.90500361
vt 0.49827555 0.91337240
vt 0.40762678 0.88828439
vt 0.39390364 0.89955479
vt 0.37868464 0.87944674
vt 0.42170537 0.89948726
vt 0.40082759 0.87981528
vt 0.39103246 0.86535382
vt 0.38601333 0.84839123
vt 0.37043908 0.85249424
vt 0.38656342 0.82807630
vt 0.37150109 0.82732576
vt 0.39094880 0.81082177
vt 0.49242482 0.89883220
vt 0.50537586 0.88999283
vt 0.52009445 0.88284326
vt 0.51621133 0.87577248
vt 0.51733905 0.90086663
vt 0.52253443 0.86203474
vt 0.54051280 0.85164779
vt 0.52709359 0.84798020
vt 0.54041415 0.83862489
vt 0.52275372 0.82877892
vt 0.38717049 0.79029751
vt 0.39554495 0.78351110
vt 0.42270380 0.76939023
vt 0.41475117 0.78660566
vt 0.44783151 0.76416808
vt 0.44442379 0.78002608
vt 0.43419126 0.78213429
vt 0.42587984 0.78504050
vt 0.53208947 0.81110126
vt 0.47259012 0.76340783
vt 0.48603535 0.78423637
vt 0.46126890 0.77692997
vt 0.51918870 0.79191959
vt 0.50226682 0.79542196
vt 0.51071566 0.80560714
vt 0.51648611 0.81484181
vt 0.50794584 0.77903026
vt 0.37798998 0.80312556
vt 0.50027728 0.77276921
vt 0.39363414 0.81206810
vt 0.40524340 0.79755276
vt 0.41652247 0.78945243
vt 0.40581822 0.77449942
vt 0.39846331 0.90849465
vt 0.37259740 0.87597656
vt 0.44301644 0.76116288
vt 0.46000466 0.76053154
vt 0.52584577 0.79394227
vt 0.54257560 0.82818460
vt 0.45233455 0.90722662
vt 0.44491491 0.90632379
vt 0.43513006 0.90403080
vt 0.37979478 0.88932031
vt 0.45707729 0.77898473
vt 0.47344583 0.78156281
vt 0.36608472 0.84002495
vt 0.38870305 0.89993942
vt 0.52428293 0.84217644
vt 0.37031028 0.81706548
vt 0.48905754 0.76699328
vt 0.52474469 0.84829682
vt 0.36777192 0.82790178
vt 0.53601593 0.80995077
vt 0.52412736 0.85603410
vt 0.41750646 0.76856488
vt 0.36628997 0.85497260
vt 0.48905614 0.78787667
vt 0.48182851 0.90275246
vt 0.47061348 0.90596306
vt 0.42421535 0.76405549
vt 0.51184541 0.77874261
vt 0.39580739 0.78037447
vt 0.48177624 0.75797743
vt 0.41456202 0.76371312
vt 0.38908401 0.77880728
vt 0.36666632 0.81384343
vt 0.37293014 0.79966837
vt 0.49997106 0.76696283
vt 0.43373382 0.75661701
vt 0.46982080 0.75516963
vt 0.40407559 0.76846391
vt 0.39648637 0.77314317
vt 0.44568601 0.75499523
vt 0.36061651 0.83298409
vt 0.36395711 0.87061733
vt 0.36142275 0.86047691
vt 0.36211002 0.82278156
vt 0.38317552 0.78501379
vt 0.45840991 0.75501025
vt 0.38185078 0.90037018
vt 0.36011478 0.85025907
vt 0.35993975 0.84109724
vt 0.36891297 0.88069755
vt 0.37350908 0.88935113
vt 0.52786702 0.78647000
vt 0.51745290 0.77677798
vt 0.38778180 0.90833765
vt 0.42232588 0.76043993
vt 0.54635614 0.81798035
vt 0.54048675 0.80552065
vt 0.53260905 0.79398227
vt 0.54889363 0.82785267
vt 0.49989381 0.76332402
vt 0.34715530 0.88058990
vt 0.36094376 0.87963843
vt 0.34086347 0.87963843
f 1279/1279 1302/1302 1303/1303
f 1302/1302 1304/1304 1303/1303
f 1314/1314 1312/1312 1313/1313
f 1317/1317 1319/1319 1320/1320
f 1293/1293 1308/1308 1290/1290
f 1308/1308 1310/1310 1287/1287
f 1290/1290 1308/1308 1287/1287
f 1287/1287 1310/1310 1307/1307
f 1301/1301 1300/1300 1285/1285
f 1281/1281 1297/1297 1278/1278
f 1278/1278 1296/1296 1279/1279
f 1279/1279 1296/1296 1302/1302
f 1303/1303 1304/1304 1305/1305
f 1314/1314 1316/1316 1317/1317
f 1317/1317 1316/1316 1318/1318
f 1317/1317 1318/1318 1319/1319
f 1319/1319 1321/1321 1320/1320
f 1320/1320 1321/1321 1371/1371
f 1320/1320 1371/1371 1372/1372
f 1327/1327 1309/1309 1295/1295
f 1295/1295 1309/1309 1293/1293
f 1293/1293 1309/1309 1308/1308
f 1307/1307 1301/1301 1285/1285
f 1285/1285 1300/1300 1283/1283
f 1300/1300 1299/1299 1283/1283
f 1283/1283 1299/1299 1281/1281
f 1305/1305 1311/1311 1312/1312
f 1312/1312 1311/1311 1313/1313
f 1313/1313 1315/1315 1314/1314
f 1315/1315 1316/1316 1314/1314
f 1307/1307 1310/1310 1301/1301
f 1299/1299 1298/1298 1281/1281
f 1281/1281 1298/1298 1297/1297
f 1297/1297 1296/1296 1278/1278
f 1305/1305 1304/1304 1306/1306
f 1306/1306 1311/1311 1305/1305
f 1310/1310 1338/1338 1301/1301
f 1301/1301 1336/1336 1300/1300
f 1299/1299 1333/1333 1298/1298
f 1298/1298 1332/1332 1297/1297
f 1296/1296 1330/1330 1302/1302
f 1302/1302 1329/1329 1304/1304
f 1304/1304 1329/1329 1306/1306
f 1329/1329 1311/1311 1306/1306
f 1313/1313 1343/1343 1315/1315
f 1316/1316 1349/1349 1318/1318
f 1318/1318 1349/1349 1319/1319
f 1319/1319 1349/1349 1321/1321
f 1327/1327 1346/1346 1309/1309
f 1310/1310 1344/1344 1338/1338
f 1338/1338 1337/1337 1301/1301
f 1301/1301 1337/1337 1336/1336
f 1300/1300 1336/1336 1335/1335
f 1300/1300 1334/1334 1299/1299
f 1332/1332 1331/1331 1297/1297
f 1297/1297 1331/1331 1296/1296
f 1296/1296 1331/1331 1330/1330
f 1330/1330 1339/1339 1302/1302
f 1302/1302 1339/1339 1329/1329
f 1327/1327 1353/1353 1346/1346
f 1309/1309 1346/1346 1345/1345
f 1309/1309 1345/1345 1308/1308
f 1345/1345 1344/1344 1310/1310
f 1308/1308 1345/1345 1310/1310
f 1344/1344 1337/1337 1338/1338
f 1335/1335 1334/1334 1300/1300
f 1299/1299 1334/1334 1333/1333
f 1298/1298 1333/1333 1332/1332
f 1339/1339 1340/1340 1329/1329
f 1340/1340 1341/1341 1329/1329
f 1329/1329 1341/1341 1311/1311
f 1311/1311 1341/1341 1342/1342
f 1311/1311 1342/1342 1313/1313
f 1313/1313 1342/1342 1343/1343
f 1343/1343 1347/1347 1315/1315
f 1315/1315 1347/1347 1348/1348
f 1315/1315 1348/1348 1316/1316
f 1316/1316 1348/1348 1349/1349
f 1349/1349 1348/1348 1350/1350
f 1349/1349 1350/1350 1351/1351
f 1349/1349 1351/1351 1321/1321
f 1351/1351 1352/1352 1321/1321
f 1321/1321 1352/1352 1371/1371
f 1344/1344 1354/1354 1337/1337
f 1339/1339 1361/1361 1340/1340
f 1385/1385 1289/1289 1288/1288
f 1385/1385 1288/1288 1379/1379
f 1379/1379 1284/1284 1378/1378
f 1378/1378 1282/1282 1377/1377
f 1282/1282 1374/1374 1377/1377
f 1374/1374 1280/1280 1375/1375
f 1375/1375 1323/1323 1380/1380
f 1382/1382 1373/1373 1325/1325
f 1325/1325 1326/1326 1382/1382
f 1326/1326 1324/1324 1392/1392
f 1394/1394 1326/1326 1392/1392
f 1390/1390 1294/1294 1386/1386
f 1386/1386 1294/1294 1292/1292
f 1292/1292 1291/1291 1386/1386
f 1291/1291 1289/1289 1385/1385
f 1288/1288 1286/1286 1379/1379
f 1379/1379 1286/1286 1284/1284
f 1378/1378 1284/1284 1282/1282
f 1375/1375 1280/1280 1323/1323
f 1380/1380 1323/1323 1373/1373
f 1373/1373 1323/1323 1322/1322
f 1373/1373 1322/1322 1325/1325
f 1324/1324 1328/1328 1392/1392
f 1392/1392 1328/1328 1393/1393
f 1393/1393 1328/1328 1381/1381
f 846/846 845/845 752/752
f 1374/1374 1282/1282 1280/1280
f 1294/1294 1295/1295 1293/1293
f 1294/1294 1293/1293 1292/1292
f 1292/1292 1290/1290 1291/1291
f 1289/1289 1291/1291 1290/1290
f 1286/1286 1285/1285 1284/1284
f 1282/1282 1281/1281 1280/1280
f 1280/1280 1279/1279 1323/1323
f 1279/1279 1303/1303 1323/1323
f 1323/1323 1303/1303 1322/1322
f 1322/1322 1314/1314 1325/1325
f 1325/1325 1314/1314 1317/1317
f 1325/1325 1317/1317 1326/1326
f 1326/1326 1317/1317 1324/1324
f 1317/1317 1320/1320 1324/1324
f 1328/1328 1320/1320 1381/1381
f 846/846 752/752 870/870
f 1293/1293 1290/1290 1292/1292
f 1290/1290 1287/1287 1289/1289
f 1289/1289 1287/1287 1288/1288
f 1288/1288 1287/1287 1286/1286
f 1287/1287 1285/1285 1286/1286
f 1284/1284 1285/1285 1283/1283
f 1284/1284 1283/1283 1282/1282
f 1280/1280 1281/1281 1278/1278
f 1278/1278 1279/1279 1280/1280
f 1322/1322 1303/1303 1305/1305
f 1305/1305 1312/1312 1322/1322
f 1312/1312 1314/1314 1322/1322
f 1324/1324 1320/1320 1328/1328
f 1381/1381 1372/1372 1431/1431
f 1320/1320 1372/1372 1381/1381
f 752/752 812/812 870/870
f 1372/1372 1371/1371 1431/1431
f 1371/1371 1461/1461 1431/1431
f 1371/1371 1442/1442 1461/1461
f 1371/1371 1398/1398 1442/1442
f 821/821 875/875 812/812
f 812/812 752/752 755/755
f 812/812 755/755 821/821
f 1371/1371 1352/1352 1398/1398
f 1335/1335 1355/1355 1334/1334
f 1398/1398 1415/1415 1442/1442
f 1346/1346 1366/1366 1345/1345
f 1345/1345 1365/1365 1344/1344
f 1344/1344 1365/1365 1354/1354
f 1354/1354 1357/1357 1337/1337
f 1337/1337 1357/1357 1336/1336
f 1336/1336 1355/1355 1335/1335
f 1334/1334 1355/1355 1356/1356
f 1334/1334 1356/1356 1333/1333
f 1333/1333 1356/1356 1358/1358
f 1358/1358 1332/1332 1333/1333
f 1362/1362 1361/1361 1339/1339
f 1330/1330 1362/1362 1339/1339
f 1340/1340 1360/1360 1341/1341
f 1347/1347 1368/1368 1348/1348
f 1350/1350 1369/1369 1351/1351
f 1351/1351 1364/1364 1352/1352
f 1352/1352 1415/1415 1398/1398
f 1353/1353 1370/1370 1366/1366
f 1353/1353 1366/1366 1346/1346
f 1345/1345 1366/1366 1365/1365
f 1336/1336 1357/1357 1355/1355
f 1358/1358 1363/1363 1332/1332
f 1332/1332 1363/1363 1331/1331
f 1363/1363 1362/1362 1331/1331
f 1331/1331 1362/1362 1330/1330
f 1340/1340 1361/1361 1360/1360
f 1360/1360 1359/1359 1341/1341
f 1341/1341 1359/1359 1342/1342
f 1359/1359 1367/1367 1342/1342
f 1342/1342 1367/1367 1343/1343
f 1343/1343 1367/1367 1347/1347
f 1367/1367 1368/1368 1347/1347
f 1368/1368 1369/1369 1348/1348
f 1348/1348 1369/1369 1350/1350
f 1351/1351 1369/1369 1364/1364
f 1352/1352 1364/1364 1415/1415
f 1370/1370 1414/1414 1366/1366
f 1366/1366 1412/1412 1365/1365
f 1365/1365 1409/1409 1354/1354
f 1357/1357 1408/1408 1355/1355
f 1358/1358 1400/1400 1363/1363
f 1363/1363 1400/1400 1406/1406
f 1361/1361 1402/1402 1360/1360
f 1368/1368 1418/1418 1369/1369
f 1364/1364 1428/1428 1415/1415
f 1366/1366 1414/1414 1413/1413
f 1366/1366 1413/1413 1412/1412
f 1354/1354 1409/1409 1410/1410
f 1410/1410 1411/1411 1357/1357
f 1354/1354 1410/1410 1357/1357
f 1355/1355 1408/1408 1401/1401
f 1355/1355 1401/1401 1356/1356
f 1356/1356 1401/1401 1400/1400
f 1356/1356 1400/1400 1358/1358
f 1363/1363 1406/1406 1405/1405
f 1363/1363 1405/1405 1362/1362
f 1362/1362 1405/1405 1404/1404
f 1362/1362 1404/1404 1361/1361
f 1361/1361 1404/1404 1402/1402
f 1360/1360 1402/1402 1403/1403
f 1360/1360 1403/1403 1359/1359
f 1359/1359 1403/1403 1407/1407
f 1359/1359 1407/1407 1367/1367
f 1407/1407 1417/1417 1367/1367
f 1367/1367 1416/1416 1368/1368
f 1368/1368 1416/1416 1418/1418
f 1369/1369 1418/1418 1419/1419
f 1369/1369 1419/1419 1364/1364
f 1399/1399 1386/1386 1385/1385
f 1385/1385 1379/1379 1389/1389
f 1389/1389 1379/1379 1378/1378
f 1389/1389 1378/1378 1388/1388
f 1388/1388 1378/1378 1387/1387
f 1387/1387 1378/1378 1377/1377
f 1387/1387 1377/1377 1376/1376
f 1384/1384 1375/1375 1380/1380
f 1384/1384 1380/1380 1383/1383
f 1396/1396 1383/1383 1382/1382
f 1396/1396 1382/1382 1395/1395
f 1395/1395 1382/1382 1394/1394
f 860/860 751/751 845/845
f 1391/1391 1390/1390 1386/1386
f 1386/1386 1291/1291 1385/1385
f 1377/1377 1374/1374 1376/1376
f 1374/1374 1375/1375 1376/1376
f 1380/1380 1373/1373 1383/1383
f 1383/1383 1373/1373 1382/1382
f 1393/1393 1381/1381 1397/1397
f 1381/1381 1502/1502 1397/1397
f 1502/1502 1381/1381 1501/1501
f 845/845 751/751 752/752
f 1381/1381 1431/1431 1501/1501
f 1431/1431 1548/1548 1501/1501
f 1431/1431 1461/1461 1548/1548
f 1461/1461 1547/1547 1548/1548
f 1461/1461 1442/1442 1547/1547
f 1442/1442 1523/1523 1547/1547
f 752/752 754/754 755/755
f 1442/1442 1495/1495 1523/1523
f 1415/1415 1495/1495 1442/1442
f 1415/1415 1460/1460 1495/1495
f 1498/1498 1414/1414 1370/1370
f 1415/1415 1428/1428 1460/1460
f 1498/1498 1462/1462 1414/1414
f 1365/1365 1412/1412 1409/1409
f 1411/1411 1408/1408 1357/1357
f 1400/1400 1423/1423 1406/1406
f 1417/1417 1416/1416 1367/1367
f 1419/1419 1426/1426 1364/1364
f 1364/1364 1426/1426 1428/1428
f 1413/1413 1427/1427 1412/1412
f 1412/1412 1427/1427 1409/1409
f 1427/1427 1410/1410 1409/1409
f 1411/1411 1425/1425 1408/1408
f 1408/1408 1425/1425 1424/1424
f 1408/1408 1424/1424 1401/1401
f 1401/1401 1424/1424 1400/1400
f 1400/1400 1424/1424 1422/1422
f 1422/1422 1423/1423 1400/1400
f 1405/1405 1406/1406 1420/1420
f 1405/1405 1420/1420 1404/1404
f 1420/1420 1421/1421 1404/1404
f 1404/1404 1421/1421 1402/1402
f 1406/1406 1423/1423 1420/1420
f 1430/1430 1391/1391 1429/1429
f 1429/1429 1399/1399 1441/1441
f 1441/1441 1399/1399 1385/1385
f 1441/1441 1385/1385 1440/1440
f 1440/1440 1385/1385 1389/1389
f 1440/1440 1389/1389 1439/1439
f 1439/1439 1389/1389 1388/1388
f 1439/1439 1388/1388 1433/1433
f 1388/1388 1387/1387 1433/1433
f 1433/1433 1375/1375 1438/1438
f 1438/1438 1375/1375 1434/1434
f 1375/1375 1384/1384 1434/1434
f 1384/1384 1383/1383 1434/1434
f 1434/1434 1383/1383 1435/1435
f 1435/1435 1396/1396 1395/1395
f 1435/1435 1395/1395 1436/1436
f 1436/1436 1395/1395 1437/1437
f 1395/1395 1394/1394 1437/1437
f 1437/1437 1394/1394 1432/1432
f 833/833 751/751 860/860
f 1391/1391 1386/1386 1429/1429
f 1387/1387 1376/1376 1433/1433
f 1433/1433 1376/1376 1375/1375
f 1383/1383 1396/1396 1435/1435
f 1394/1394 1392/1392 1432/1432
f 1432/1432 1392/1392 1393/1393
f 1393/1393 1397/1397 1432/1432
f 1432/1432 1397/1397 1503/1503
f 1397/1397 1502/1502 1503/1503
f 1501/1501 1608/1608 1603/1603
f 1502/1502 1501/1501 1603/1603
f 1501/1501 1548/1548 1608/1608
f 751/751 750/750 752/752
f 752/752 750/750 754/754
f 755/755 754/754 766/766
f 1411/1411 1410/1410 1454/1454
f 1411/1411 1454/1454 1452/1452
f 1411/1411 1452/1452 1425/1425
f 1451/1451 1424/1424 1425/1425
f 1420/1420 1446/1446 1421/1421
f 1402/1402 1453/1453 1403/1403
f 1453/1453 1455/1455 1403/1403
f 1444/1444 1417/1417 1407/1407
f 1416/1416 1443/1443 1418/1418
f 1418/1418 1443/1443 1419/1419
f 1428/1428 1459/1459 1460/1460
f 1462/1462 1456/1456 1414/1414
f 1414/1414 1456/1456 1413/1413
f 1456/1456 1457/1457 1413/1413
f 1413/1413 1457/1457 1458/1458
f 1413/1413 1458/1458 1427/1427
f 1427/1427 1458/1458 1410/1410
f 1458/1458 1454/1454 1410/1410
f 1425/1425 1452/1452 1451/1451
f 1451/1451 1450/1450 1424/1424
f 1450/1450 1449/1449 1422/1422
f 1424/1424 1450/1450 1422/1422
f 1449/1449 1448/1448 1422/1422
f 1422/1422 1448/1448 1423/1423
f 1423/1423 1448/1448 1420/1420
f 1448/1448 1447/1447 1420/1420
f 1447/1447 1446/1446 1420/1420
f 1421/1421 1446/1446 1402/1402
f 1402/1402 1446/1446 1453/1453
f 1455/1455 1444/1444 1403/1403
f 1403/1403 1444/1444 1407/1407
f 1417/1417 1444/1444 1416/1416
f 1444/1444 1443/1443 1416/1416
f 1443/1443 1445/1445 1419/1419
f 1419/1419 1445/1445 1426/1426
f 1426/1426 1445/1445 1459/1459
f 1426/1426 1459/1459 1428/1428
f 1441/1441 1440/1440 1585/1585
f 1440/1440 1439/1439 1585/1585
f 1439/1439 1433/1433 1587/1587
f 1587/1587 1433/1433 1438/1438
f 1587/1587 1438/1438 1595/1595
f 1438/1438 1434/1434 1595/1595
f 1434/1434 1435/1435 1595/1595
f 1437/1437 1432/1432 1596/1596
f 1503/1503 1606/1606 1607/1607
f 1503/1503 1502/1502 1606/1606
f 1524/1524 1460/1460 1494/1494
f 754/754 762/762 766/766
f 1459/1459 1494/1494 1460/1460
f 766/766 762/762 830/830
f 1457/1457 1463/1463 1458/1458
f 1458/1458 1463/1463 1475/1475
f 1458/1458 1475/1475 1474/1474
f 1458/1458 1474/1474 1454/1454
f 1454/1454 1474/1474 1452/1452
f 1452/1452 1471/1471 1451/1451
f 1471/1471 1472/1472 1451/1451
f 1451/1451 1472/1472 1450/1450
f 1450/1450 1472/1472 1449/1449
f 1472/1472 1473/1473 1449/1449
f 1449/1449 1473/1473 1448/1448
f 1473/1473 1467/1467 1448/1448
f 1448/1448 1467/1467 1447/1447
f 1447/1447 1467/1467 1470/1470
f 1447/1447 1470/1470 1468/1468
f 1447/1447 1468/1468 1446/1446
f 1446/1446 1468/1468 1453/1453
f 1453/1453 1469/1469 1455/1455
f 1469/1469 1464/1464 1455/1455
f 1455/1455 1464/1464 1444/1444
f 1464/1464 1466/1466 1444/1444
f 1444/1444 1466/1466 1465/1465
f 1444/1444 1465/1465 1443/1443
f 1465/1465 1477/1477 1443/1443
f 1443/1443 1476/1476 1445/1445
f 1476/1476 1485/1485 1445/1445
f 1445/1445 1485/1485 1459/1459
f 1453/1453 1468/1468 1469/1469
f 1609/1609 1430/1430 1601/1601
f 1430/1430 1429/1429 1601/1601
f 1601/1601 1429/1429 1586/1586
f 1601/1601 1586/1586 1592/1592
f 1592/1592 1586/1586 1591/1591
f 1586/1586 1441/1441 1591/1591
f 1591/1591 1585/1585 1590/1590
f 1585/1585 1439/1439 1590/1590
f 1590/1590 1439/1439 1589/1589
f 1589/1589 1439/1439 1588/1588
f 1588/1588 1587/1587 1593/1593
f 1593/1593 1587/1587 1594/1594
f 1594/1594 1595/1595 1598/1598
f 1598/1598 1595/1595 1597/1597
f 1599/1599 1437/1437 1600/1600
f 1600/1600 1437/1437 1596/1596
f 1432/1432 1604/1604 1602/1602
f 1595/1595 1435/1435 1597/1597
f 1435/1435 1436/1436 1599/1599
f 1596/1596 1432/1432 1602/1602
f 1432/1432 1503/1503 1604/1604
f 1604/1604 1503/1503 1607/1607
f 753/753 751/751 833/833
f 751/751 735/735 750/750
f 750/750 756/756 754/754
f 830/830 762/762 831/831
f 1459/1459 1496/1496 1494/1494
f 1499/1499 1488/1488 1456/1456
f 1456/1456 1488/1488 1457/1457
f 1457/1457 1488/1488 1489/1489
f 1457/1457 1489/1489 1463/1463
f 1463/1463 1489/1489 1492/1492
f 1463/1463 1492/1492 1475/1475
f 1475/1475 1492/1492 1493/1493
f 1475/1475 1493/1493 1490/1490
f 1475/1475 1490/1490 1474/1474
f 1474/1474 1490/1490 1452/1452
f 1490/1490 1478/1478 1452/1452
f 1452/1452 1478/1478 1471/1471
f 1478/1478 1484/1484 1471/1471
f 1471/1471 1484/1484 1472/1472
f 1484/1484 1479/1479 1472/1472
f 1472/1472 1479/1479 1473/1473
f 1479/1479 1480/1480 1473/1473
f 1473/1473 1480/1480 1481/1481
f 1473/1473 1481/1481 1467/1467
f 1467/1467 1481/1481 1470/1470
f 1470/1470 1481/1481 1482/1482
f 1470/1470 1482/1482 1483/1483
f 1470/1470 1483/1483 1468/1468
f 1468/1468 1491/1491 1469/1469
f 1491/1491 1487/1487 1469/1469
f 1469/1469 1487/1487 1464/1464
f 1464/1464 1487/1487 1466/1466
f 1466/1466 1487/1487 1486/1486
f 1466/1466 1486/1486 1465/1465
f 1443/1443 1477/1477 1476/1476
f 1485/1485 1496/1496 1459/1459
f 1601/1601 1592/1592 1616/1616
f 1616/1616 1592/1592 1591/1591
f 1591/1591 1590/1590 1611/1611
f 1611/1611 1590/1590 1589/1589
f 1613/1613 1599/1599 1614/1614
f 1614/1614 1599/1599 1615/1615
f 1596/1596 1602/1602 1612/1612
f 1593/1593 1594/1594 1610/1610
f 1610/1610 1594/1594 1598/1598
f 1613/1613 1597/1597 1599/1599
f 1612/1612 1602/1602 1604/1604
f 1607/1607 1636/1636 1604/1604
f 753/753 735/735 751/751
f 1606/1606 1639/1639 1636/1636
f 1607/1607 1606/1606 1636/1636
f 2586/2586 2587/2587 2414/2414
f 1496/1496 1539/1539 1494/1494
f 1490/1490 1497/1497 1478/1478
f 1478/1478 1497/1497 1484/1484
f 1484/1484 1500/1500 1479/1479
f 1480/1480 1504/1504 1481/1481
f 1488/1488 1520/1520 1489/1489
f 1500/1500 1505/1505 1479/1479
f 1468/1468 1483/1483 1491/1491
f 1513/1513 1514/1514 1486/1486
f 1487/1487 1513/1513 1486/1486
f 1465/1465 1508/1508 1477/1477
f 1477/1477 1517/1517 1476/1476
f 1517/1517 1485/1485 1476/1476
f 1643/1643 1609/1609 1634/1634
f 1634/1634 1609/1609 1601/1601
f 1630/1630 1601/1601 1616/1616
f 1632/1632 1591/1591 1631/1631
f 1591/1591 1611/1611 1631/1631
f 1611/1611 1589/1589 1625/1625
f 1625/1625 1589/1589 1588/1588
f 1628/1628 1588/1588 1593/1593
f 1628/1628 1593/1593 1627/1627
f 1593/1593 1610/1610 1626/1626
f 1598/1598 1597/1597 1618/1618
f 1624/1624 1598/1598 1618/1618
f 1597/1597 1613/1613 1618/1618
f 1599/1599 1600/1600 1615/1615
f 1615/1615 1600/1600 1621/1621
f 1612/1612 1604/1604 1635/1635
f 748/748 735/735 753/753
f 2574/2574 2429/2429 2480/2480
f 750/750 764/764 756/756
f 754/754 756/756 762/762
f 1584/1584 1539/1539 1605/1605
f 831/831 762/762 832/832
f 1485/1485 1519/1519 1496/1496
f 1496/1496 1519/1519 1525/1525
f 1488/1488 1499/1499 1520/1520
f 1489/1489 1520/1520 1492/1492
f 1492/1492 1521/1521 1506/1506
f 1492/1492 1506/1506 1493/1493
f 1493/1493 1506/1506 1490/1490
f 1490/1490 1506/1506 1507/1507
f 1490/1490 1507/1507 1497/1497
f 1497/1497 1516/1516 1484/1484
f 1484/1484 1516/1516 1515/1515
f 1515/1515 1505/1505 1500/1500
f 1479/1479 1505/1505 1480/1480
f 1480/1480 1505/1505 1504/1504
f 1504/1504 1512/1512 1481/1481
f 1512/1512 1511/1511 1481/1481
f 1481/1481 1511/1511 1482/1482
f 1483/1483 1509/1509 1491/1491
f 1509/1509 1510/1510 1491/1491
f 1491/1491 1510/1510 1513/1513
f 1491/1491 1513/1513 1487/1487
f 1514/1514 1508/1508 1465/1465
f 1486/1486 1514/1514 1465/1465
f 1508/1508 1518/1518 1477/1477
f 1485/1485 1517/1517 1519/1519
f 333/333 376/376 332/332
f 340/340 332/332 376/376
f 1633/1633 1611/1611 1625/1625
f 1621/1621 1596/1596 1622/1622
f 1634/1634 1601/1601 1630/1630
f 1631/1631 1611/1611 1633/1633
f 1629/1629 1626/1626 1610/1610
f 1618/1618 1613/1613 1619/1619
f 1614/1614 1615/1615 1619/1619
f 1619/1619 1615/1615 1620/1620
f 1620/1620 1615/1615 1621/1621
f 1596/1596 1612/1612 1623/1623
f 1604/1604 1641/1641 1635/1635
f 1604/1604 1639/1639 1641/1641
f 1604/1604 1636/1636 1639/1639
f 2587/2587 2629/2629 2577/2577
f 1539/1539 1540/1540 1605/1605
f 1496/1496 1540/1540 1539/1539
f 1496/1496 1525/1525 1540/1540
f 1499/1499 1522/1522 1520/1520
f 1492/1492 1520/1520 1521/1521
f 1507/1507 1516/1516 1497/1497
f 1484/1484 1515/1515 1500/1500
f 1505/1505 1512/1512 1504/1504
f 1511/1511 1509/1509 1482/1482
f 1482/1482 1509/1509 1483/1483
f 1477/1477 1518/1518 1517/1517
f 1509/1509 1527/1527 1510/1510
f 316/316 334/334 333/333
f 325/325 326/326 315/315
f 315/315 326/326 322/322
f 321/321 336/336 329/329
f 1644/1644 1643/1643 1634/1634
f 321/321 320/320 336/336
f 1623/1623 1635/1635 1637/1637
f 2651/2651 2619/2619 2622/2622
f 735/735 749/749 750/750
f 750/750 749/749 764/764
f 832/832 762/762 761/761
f 1525/1525 1563/1563 1540/1540
f 1520/1520 1532/1532 1521/1521
f 1521/1521 1532/1532 1506/1506
f 1506/1506 1531/1531 1507/1507
f 1519/1519 1541/1541 1525/1525
f 1525/1525 1541/1541 1563/1563
f 1506/1506 1532/1532 1531/1531
f 1533/1533 1538/1538 1516/1516
f 1516/1516 1526/1526 1515/1515
f 1505/1505 1526/1526 1512/1512
f 1512/1512 1526/1526 1529/1529
f 1512/1512 1529/1529 1528/1528
f 1512/1512 1528/1528 1511/1511
f 1511/1511 1528/1528 1509/1509
f 1528/1528 1527/1527 1509/1509
f 1527/1527 1530/1530 1510/1510
f 1510/1510 1530/1530 1513/1513
f 1514/1514 1513/1513 1534/1534
f 1508/1508 1534/1534 1544/1544
f 1544/1544 1543/1543 1508/1508
f 1508/1508 1543/1543 1518/1518
f 1518/1518 1535/1535 1517/1517
f 304/304 333/333 311/311
f 332/332 340/340 293/293
f 340/340 339/339 293/293
f 309/309 338/338 310/310
f 310/310 327/327 306/306
f 327/327 328/328 306/306
f 306/306 328/328 307/307
f 328/328 323/323 307/307
f 307/307 323/323 308/308
f 323/323 324/324 308/308
f 303/303 321/321 329/329
f 329/329 330/330 305/305
f 302/302 329/329 305/305
f 825/825 748/748 826/826
f 324/324 325/325 314/314
f 736/736 737/737 735/735
f 735/735 737/737 749/749
f 762/762 756/756 760/760
f 762/762 760/760 761/761
f 1605/1605 1540/1540 1617/1617
f 761/761 794/794 832/832
f 1520/1520 1545/1545 1532/1532
f 1507/1507 1533/1533 1516/1516
f 1519/1519 1537/1537 1541/1541
f 1522/1522 1546/1546 1545/1545
f 1522/1522 1545/1545 1520/1520
f 1532/1532 1551/1551 1531/1531
f 1531/1531 1533/1533 1507/1507
f 1531/1531 1551/1551 1533/1533
f 1533/1533 1549/1549 1538/1538
f 1516/1516 1538/1538 1526/1526
f 1538/1538 1549/1549 1526/1526
f 1527/1527 1557/1557 1556/1556
f 1527/1527 1556/1556 1530/1530
f 1530/1530 1534/1534 1513/1513
f 1530/1530 1554/1554 1534/1534
f 1514/1514 1534/1534 1508/1508
f 1518/1518 1543/1543 1535/1535
f 1535/1535 1536/1536 1517/1517
f 1517/1517 1536/1536 1519/1519
f 1519/1519 1536/1536 1537/1537
f 311/311 332/332 293/293
f 315/315 322/322 297/297
f 297/297 322/322 319/319
f 825/825 733/733 748/748
f 749/749 865/865 764/764
f 764/764 763/763 756/756
f 763/763 760/760 756/756
f 1582/1582 1640/1640 1617/1617
f 1563/1563 1582/1582 1617/1617
f 1563/1563 1541/1541 1582/1582
f 1553/1553 1552/1552 1545/1545
f 1545/1545 1552/1552 1532/1532
f 1551/1551 1550/1550 1533/1533
f 1522/1522 1642/1642 1546/1546
f 1545/1545 1546/1546 1553/1553
f 1533/1533 1550/1550 1549/1549
f 1549/1549 1562/1562 1526/1526
f 1526/1526 1562/1562 1561/1561
f 1561/1561 1560/1560 1526/1526
f 1560/1560 1529/1529 1526/1526
f 1529/1529 1559/1559 1528/1528
f 1528/1528 1559/1559 1558/1558
f 1528/1528 1558/1558 1557/1557
f 1528/1528 1557/1557 1527/1527
f 1530/1530 1556/1556 1554/1554
f 1534/1534 1554/1554 1555/1555
f 1534/1534 1555/1555 1544/1544
f 1536/1536 1577/1577 1537/1537
f 279/279 311/311 293/293
f 289/289 293/293 292/292
f 310/310 306/306 284/284
f 283/283 306/306 307/307
f 283/283 307/307 294/294
f 295/295 308/308 299/299
f 299/299 314/314 296/296
f 748/748 733/733 735/735
f 735/735 734/734 736/736
f 2735/2735 2741/2741 2709/2709
f 2737/2737 2712/2712 2738/2738
f 2711/2711 2739/2739 2712/2712
f 2709/2709 2741/2741 2740/2740
f 2709/2709 2707/2707 2735/2735
f 2735/2735 2707/2707 2736/2736
f 2707/2707 2706/2706 2736/2736
f 2736/2736 2706/2706 2737/2737
f 2737/2737 2706/2706 2712/2712
f 2712/2712 2708/2708 2711/2711
f 2706/2706 2708/2708 2712/2712
f 2740/2740 2704/2704 2709/2709
f 2709/2709 2696/2696 2707/2707
f 2708/2708 2698/2698 2711/2711
f 2706/2706 2692/2692 2708/2708
f 2692/2692 2699/2699 2708/2708
f 2709/2709 2704/2704 2696/2696
f 2707/2707 2696/2696 2695/2695
f 2707/2707 2695/2695 2706/2706
f 2706/2706 2695/2695 2692/2692
f 2704/2704 2697/2697 2696/2696
f 2697/2697 2694/2694 2696/2696
f 2696/2696 2694/2694 2695/2695
f 2694/2694 2692/2692 2695/2695
f 2692/2692 2694/2694 2691/2691
f 764/764 828/828 763/763
f 1541/1541 1580/1580 1582/1582
f 1537/1537 1577/1577 1542/1542
f 1537/1537 1542/1542 1541/1541
f 1542/1542 1580/1580 1541/1541
f 1532/1532 1552/1552 1551/1551
f 1549/1549 1566/1566 1562/1562
f 1562/1562 1565/1565 1561/1561
f 1560/1560 1559/1559 1529/1529
f 1559/1559 1570/1570 1558/1558
f 1558/1558 1570/1570 1557/1557
f 1557/1557 1575/1575 1556/1556
f 1554/1554 1573/1573 1555/1555
f 1544/1544 1568/1568 1543/1543
f 1535/1535 1578/1578 1536/1536
f 278/278 293/293 289/289
f 294/294 308/308 295/295
f 287/287 298/298 286/286
f 288/288 302/302 274/274
f 274/274 302/302 275/275
f 827/827 733/733 825/825
f 275/275 305/305 313/313
f 318/318 435/435 436/436
f 1722/1722 1723/1723 1715/1715
f 1715/1715 1716/1716 1717/1717
f 1767/1767 1793/1793 1723/1723
f 1715/1715 1721/1721 1716/1716
f 1716/1716 1721/1721 1720/1720
f 1779/1779 1719/1719 1720/1720
f 1732/1732 1730/1730 1723/1723
f 1723/1723 1730/1730 1715/1715
f 1721/1721 1715/1715 1731/1731
f 1721/1721 1729/1729 1720/1720
f 1720/1720 1729/1729 1740/1740
f 1720/1720 1740/1740 1779/1779
f 2859/2859 2805/2805 2872/2872
f 1793/1793 1732/1732 1723/1723
f 1730/1730 1731/1731 1715/1715
f 1731/1731 1729/1729 1721/1721
f 1740/1740 1794/1794 1779/1779
f 2738/2738 2712/2712 2739/2739
f 2805/2805 2822/2822 2861/2861
f 2872/2872 2805/2805 2861/2861
f 2740/2740 2734/2734 2704/2704
f 2822/2822 2843/2843 2860/2860
f 2861/2861 2822/2822 2860/2860
f 2699/2699 2698/2698 2708/2708
f 2734/2734 2710/2710 2704/2704
f 2710/2710 2697/2697 2704/2704
f 2860/2860 2843/2843 2871/2871
f 2710/2710 2687/2687 2697/2697
f 2692/2692 2691/2691 2689/2689
f 2692/2692 2689/2689 2699/2699
f 2699/2699 2689/2689 2698/2698
f 2697/2697 2687/2687 2694/2694
f 2687/2687 2690/2690 2694/2694
f 2694/2694 2690/2690 2691/2691
f 2689/2689 2693/2693 2698/2698
f 865/865 866/866 764/764
f 2687/2687 2685/2685 2690/2690
f 2690/2690 2688/2688 2691/2691
f 2691/2691 2688/2688 2689/2689
f 866/866 828/828 764/764
f 2690/2690 2685/2685 2686/2686
f 2690/2690 2686/2686 2688/2688
f 1642/1642 1581/1581 1546/1546
f 1553/1553 1576/1576 1552/1552
f 1536/1536 1578/1578 1577/1577
f 693/693 696/696 700/700
f 1542/1542 1583/1583 1580/1580
f 1546/1546 1576/1576 1553/1553
f 1552/1552 1579/1579 1551/1551
f 1551/1551 1564/1564 1550/1550
f 1564/1564 1549/1549 1550/1550
f 1564/1564 1566/1566 1549/1549
f 1566/1566 1565/1565 1562/1562
f 1565/1565 1567/1567 1561/1561
f 1561/1561 1567/1567 1560/1560
f 1567/1567 1571/1571 1560/1560
f 1560/1560 1571/1571 1559/1559
f 1570/1570 1575/1575 1557/1557
f 1575/1575 1572/1572 1556/1556
f 1556/1556 1572/1572 1554/1554
f 1554/1554 1572/1572 1573/1573
f 1573/1573 1574/1574 1555/1555
f 1574/1574 1568/1568 1555/1555
f 1555/1555 1568/1568 1544/1544
f 1568/1568 1569/1569 1543/1543
f 1543/1543 1569/1569 1535/1535
f 1535/1535 1569/1569 1578/1578
f 255/255 291/291 290/290
f 318/318 436/436 430/430
f 735/735 733/733 734/734
f 734/734 795/795 736/736
f 795/795 737/737 736/736
f 1722/1722 1761/1761 1766/1766
f 1722/1722 1717/1717 1724/1724
f 1717/1717 1718/1718 1724/1724
f 1766/1766 1723/1723 1722/1722
f 1717/1717 1716/1716 1718/1718
f 1718/1718 1716/1716 1719/1719
f 2866/2866 2856/2856 2859/2859
f 1766/1766 1767/1767 1723/1723
f 1716/1716 1720/1720 1719/1719
f 2859/2859 2856/2856 2806/2806
f 2859/2859 2806/2806 2805/2805
f 2843/2843 2846/2846 2871/2871
f 2871/2871 2846/2846 2868/2868
f 2710/2710 2705/2705 2687/2687
f 2689/2689 2688/2688 2681/2681
f 2689/2689 2681/2681 2693/2693
f 2705/2705 2683/2683 2687/2687
f 2687/2687 2682/2682 2685/2685
f 2688/2688 2684/2684 2681/2681
f 2693/2693 2681/2681 2719/2719
f 2705/2705 2703/2703 2683/2683
f 2683/2683 2682/2682 2687/2687
f 2682/2682 2679/2679 2685/2685
f 2685/2685 2679/2679 2686/2686
f 2679/2679 2684/2684 2686/2686
f 2686/2686 2684/2684 2688/2688
f 761/761 757/757 794/794
f 705/705 699/699 711/711
f 1546/1546 1581/1581 1576/1576
f 1576/1576 1579/1579 1552/1552
f 1551/1551 1579/1579 1564/1564
f 691/691 678/678 682/682
f 682/682 666/666 683/683
f 1559/1559 1571/1571 1570/1570
f 680/680 672/672 679/679
f 286/286 288/288 254/254
f 254/254 288/288 253/253
f 253/253 288/288 274/274
f 1761/1761 1722/1722 1728/1728
f 1728/1728 1722/1722 1727/1727
f 1722/1722 1724/1724 1727/1727
f 1727/1727 1724/1724 1726/1726
f 1726/1726 1724/1724 1718/1718
f 1726/1726 1718/1718 1725/1725
f 1725/1725 1779/1779 1780/1780
f 2865/2865 2827/2827 2866/2866
f 1718/1718 1719/1719 1725/1725
f 1725/1725 1719/1719 1779/1779
f 2866/2866 2827/2827 2856/2856
f 2822/2822 2793/2793 2843/2843
f 2843/2843 2793/2793 2846/2846
f 2846/2846 2840/2840 2868/2868
f 2868/2868 2840/2840 2876/2876
f 2679/2679 2680/2680 2684/2684
f 2684/2684 2680/2680 2681/2681
f 2680/2680 2677/2677 2681/2681
f 828/828 800/800 763/763
f 761/761 760/760 757/757
f 701/701 713/713 711/711
f 699/699 701/701 711/711
f 794/794 757/757 814/814
f 794/794 814/814 861/861
f 695/695 663/663 694/694
f 663/663 671/671 694/694
f 694/694 671/671 689/689
f 689/689 675/675 690/690
f 690/690 675/675 678/678
f 690/690 678/678 691/691
f 678/678 665/665 682/682
f 682/682 665/665 666/666
f 666/666 667/667 683/683
f 683/683 667/667 680/680
f 680/680 667/667 672/672
f 649/649 681/681 679/679
f 684/684 657/657 674/674
f 684/684 674/674 685/685
f 685/685 674/674 670/670
f 685/685 670/670 686/686
f 686/686 670/670 673/673
f 686/686 658/658 687/687
f 687/687 658/658 688/688
f 688/688 661/661 692/692
f 664/664 696/696 693/693
f 281/281 280/280 249/249
f 249/249 280/280 260/260
f 827/827 808/808 733/733
f 1738/1738 1761/1761 1728/1728
f 1738/1738 1771/1771 1761/1761
f 1728/1728 1727/1727 1736/1736
f 1736/1736 1727/1727 1735/1735
f 1727/1727 1726/1726 1735/1735
f 1735/1735 1726/1726 1733/1733
f 2858/2858 2827/2827 2865/2865
f 1726/1726 1725/1725 1733/1733
f 1733/1733 1725/1725 1734/1734
f 1734/1734 1725/1725 1780/1780
f 2807/2807 2806/2806 2827/2827
f 2827/2827 2806/2806 2856/2856
f 2806/2806 2794/2794 2805/2805
f 2805/2805 2794/2794 2793/2793
f 2846/2846 2793/2793 2840/2840
f 2876/2876 2840/2840 2875/2875
f 2677/2677 2678/2678 2681/2681
f 2681/2681 2678/2678 2719/2719
f 2702/2702 2674/2674 2683/2683
f 2703/2703 2702/2702 2683/2683
f 2674/2674 2658/2658 2682/2682
f 2683/2683 2674/2674 2682/2682
f 2682/2682 2658/2658 2679/2679
f 2658/2658 2660/2660 2679/2679
f 2679/2679 2660/2660 2680/2680
f 2660/2660 2677/2677 2680/2680
f 800/800 799/799 763/763
f 696/696 676/676 699/699
f 676/676 701/701 699/699
f 671/671 651/651 689/689
f 651/651 675/675 689/689
f 675/675 653/653 678/678
f 678/678 653/653 665/665
f 672/672 649/649 679/679
f 672/672 648/648 649/649
f 649/649 654/654 681/681
f 681/681 657/657 684/684
f 681/681 654/654 657/657
f 673/673 658/658 686/686
f 688/688 658/658 662/662
f 688/688 662/662 661/661
f 661/661 660/660 692/692
f 660/660 664/664 692/692
f 692/692 664/664 693/693
f 233/233 267/267 251/251
f 1736/1736 1735/1735 1737/1737
f 1738/1738 1728/1728 1736/1736
f 1737/1737 1733/1733 1739/1739
f 1739/1739 1733/1733 1734/1734
f 2858/2858 2849/2849 2827/2827
f 2806/2806 2807/2807 2794/2794
f 2840/2840 2850/2850 2875/2875
f 2850/2850 2870/2870 2875/2875
f 2677/2677 2661/2661 2678/2678
f 2661/2661 2673/2673 2678/2678
f 2702/2702 2700/2700 2674/2674
f 2674/2674 2700/2700 2656/2656
f 2674/2674 2656/2656 2658/2658
f 2660/2660 2658/2658 2653/2653
f 2677/2677 2660/2660 2661/2661
f 2660/2660 2659/2659 2661/2661
f 799/799 765/765 763/763
f 696/696 664/664 676/676
f 695/695 677/677 663/663
f 677/677 669/669 663/663
f 665/665 646/646 645/645
f 665/665 645/645 666/666
f 666/666 645/645 650/650
f 666/666 650/650 667/667
f 667/667 650/650 648/648
f 667/667 648/648 672/672
f 657/657 655/655 674/674
f 674/674 655/655 670/670
f 670/670 656/656 673/673
f 250/250 282/282 317/317
f 734/734 796/796 795/795
f 1741/1741 1762/1762 1738/1738
f 1741/1741 1738/1738 1736/1736
f 1736/1736 1742/1742 1741/1741
f 1744/1744 1737/1737 1743/1743
f 1737/1737 1739/1739 1743/1743
f 1762/1762 1771/1771 1738/1738
f 2882/2882 2854/2854 2858/2858
f 1743/1743 1739/1739 1734/1734
f 1743/1743 1734/1734 1745/1745
f 1745/1745 1734/1734 1780/1780
f 2858/2858 2854/2854 2849/2849
f 2849/2849 2807/2807 2827/2827
f 2807/2807 2808/2808 2794/2794
f 2794/2794 2808/2808 2825/2825
f 2794/2794 2825/2825 2824/2824
f 2824/2824 2792/2792 2794/2794
f 2794/2794 2792/2792 2793/2793
f 2792/2792 2791/2791 2793/2793
f 2791/2791 2850/2850 2840/2840
f 2661/2661 2659/2659 2673/2673
f 2658/2658 2656/2656 2653/2653
f 2653/2653 2659/2659 2660/2660
f 676/676 697/697 701/701
f 677/677 642/642 669/669
f 663/663 652/652 671/671
f 671/671 652/652 651/651
f 651/651 647/647 675/675
f 675/675 647/647 653/653
f 653/653 646/646 665/665
f 655/655 656/656 670/670
f 656/656 658/658 673/673
f 664/664 589/589 676/676
f 236/236 335/335 249/249
f 241/241 240/240 229/229
f 808/808 732/732 733/733
f 734/734 797/797 796/796
f 2882/2882 2863/2863 2854/2854
f 2850/2850 2791/2791 2829/2829
f 2850/2850 2869/2869 2870/2870
f 2659/2659 2663/2663 2672/2672
f 2659/2659 2672/2672 2673/2673
f 799/799 868/868 765/765
f 2701/2701 2657/2657 2656/2656
f 2700/2700 2701/2701 2656/2656
f 2656/2656 2657/2657 2654/2654
f 2656/2656 2654/2654 2653/2653
f 2653/2653 2654/2654 2655/2655
f 2653/2653 2655/2655 2659/2659
f 765/765 758/758 760/760
f 763/763 765/765 760/760
f 760/760 758/758 757/757
f 701/701 709/709 713/713
f 697/697 709/709 701/701
f 757/757 815/815 814/814
f 589/589 659/659 676/676
f 676/676 659/659 697/697
f 642/642 586/586 663/663
f 669/669 642/642 663/663
f 651/651 652/652 585/585
f 651/651 585/585 647/647
f 653/653 647/647 646/646
f 645/645 643/643 650/650
f 643/643 644/644 650/650
f 650/650 644/644 648/648
f 648/648 644/644 649/649
f 644/644 580/580 649/649
f 649/649 580/580 654/654
f 578/578 574/574 658/658
f 656/656 578/578 658/658
f 658/658 574/574 662/662
f 662/662 575/575 661/661
f 661/661 575/575 660/660
f 660/660 576/576 664/664
f 206/206 226/226 231/231
f 206/206 231/231 218/218
f 209/209 235/235 210/210
f 227/227 237/237 216/216
f 823/823 732/732 808/808
f 733/733 730/730 734/734
f 1741/1741 1742/1742 1746/1746
f 1746/1746 1742/1742 1747/1747
f 1747/1747 1742/1742 1744/1744
f 1744/1744 1743/1743 1748/1748
f 1748/1748 1745/1745 1750/1750
f 2830/2830 2807/2807 2849/2849
f 2854/2854 2830/2830 2849/2849
f 2807/2807 2812/2812 2808/2808
f 2808/2808 2826/2826 2825/2825
f 2119/2119 2118/2118 2122/2122
f 2120/2120 2115/2115 2119/2119
f 2113/2113 2115/2115 2120/2120
f 2119/2119 2115/2115 2118/2118
f 2115/2115 2117/2117 2118/2118
f 2117/2117 2115/2115 2116/2116
f 2115/2115 2113/2113 2114/2114
f 2114/2114 2116/2116 2115/2115
f 2116/2116 2121/2121 2117/2117
f 2121/2121 2126/2126 2131/2131
f 2792/2792 2790/2790 2791/2791
f 2850/2850 2829/2829 2869/2869
f 2659/2659 2655/2655 2662/2662
f 2659/2659 2662/2662 2663/2663
f 765/765 767/767 758/758
f 757/757 758/758 759/759
f 757/757 759/759 815/815
f 663/663 586/586 652/652
f 647/647 585/585 584/584
f 584/584 583/583 647/647
f 647/647 583/583 646/646
f 583/583 645/645 646/646
f 657/657 577/577 655/655
f 655/655 588/588 656/656
f 588/588 578/578 656/656
f 662/662 574/574 575/575
f 660/660 575/575 576/576
f 576/576 579/579 664/664
f 664/664 579/579 589/589
f 216/216 237/237 230/230
f 733/733 732/732 730/730
f 2863/2863 2830/2830 2854/2854
f 2807/2807 2811/2811 2812/2812
f 2808/2808 2812/2812 2826/2826
f 2127/2127 2122/2122 2130/2130
f 2128/2128 2120/2120 2119/2119
f 2128/2128 2119/2119 2127/2127
f 2127/2127 2119/2119 2122/2122
f 2128/2128 2123/2123 2120/2120
f 2123/2123 2077/2077 2124/2124
f 2123/2123 2124/2124 2113/2113
f 2123/2123 2113/2113 2120/2120
f 2124/2124 2077/2077 2081/2081
f 2124/2124 2081/2081 2108/2108
f 2108/2108 2111/2111 2113/2113
f 2124/2124 2108/2108 2113/2113
f 2113/2113 2111/2111 2114/2114
f 2108/2108 2110/2110 2111/2111
f 2111/2111 2125/2125 2114/2114
f 2125/2125 2116/2116 2114/2114
f 2116/2116 2126/2126 2121/2121
f 2116/2116 2125/2125 2126/2126
f 2701/2701 2675/2675 2657/2657
f 2667/2667 2664/2664 2654/2654
f 2657/2657 2667/2667 2654/2654
f 2654/2654 2664/2664 2655/2655
f 2664/2664 2665/2665 2655/2655
f 2655/2655 2665/2665 2666/2666
f 2655/2655 2666/2666 2662/2662
f 2662/2662 2666/2666 2663/2663
f 765/765 868/868 767/767
f 815/815 759/759 842/842
f 642/642 587/587 586/586
f 586/586 585/585 652/652
f 583/583 582/582 645/645
f 645/645 582/582 643/643
f 643/643 582/582 581/581
f 643/643 581/581 644/644
f 581/581 580/580 644/644
f 654/654 580/580 657/657
f 580/580 577/577 657/657
f 577/577 588/588 655/655
f 578/578 573/573 574/574
f 823/823 822/822 732/732
f 1752/1752 1759/1759 1746/1746
f 1752/1752 1768/1768 1759/1759
f 2867/2867 2830/2830 2863/2863
f 2830/2830 2809/2809 2807/2807
f 2136/2136 2129/2129 2127/2127
f 2129/2129 2133/2133 2128/2128
f 2129/2129 2128/2128 2127/2127
f 2133/2133 2123/2123 2128/2128
f 2133/2133 2074/2074 2123/2123
f 2123/2123 2074/2074 2077/2077
f 2081/2081 2087/2087 2108/2108
f 2108/2108 2087/2087 2110/2110
f 2110/2110 2112/2112 2111/2111
f 2111/2111 2112/2112 2125/2125
f 2110/2110 2135/2135 2112/2112
f 2112/2112 2132/2132 2125/2125
f 2125/2125 2132/2132 2126/2126
f 2132/2132 2134/2134 2126/2126
f 2134/2134 2131/2131 2126/2126
f 2791/2791 2790/2790 2786/2786
f 2791/2791 2786/2786 2829/2829
f 2869/2869 2829/2829 2877/2877
f 2725/2725 2675/2675 2701/2701
f 2666/2666 2668/2668 2663/2663
f 2663/2663 2668/2668 2672/2672
f 2675/2675 2667/2667 2657/2657
f 659/659 668/668 697/697
f 577/577 578/578 588/588
f 589/589 572/572 659/659
f 2807/2807 2810/2810 2811/2811
f 2136/2136 2130/2130 2143/2143
f 2141/2141 2129/2129 2136/2136
f 2140/2140 2129/2129 2141/2141
f 2140/2140 2133/2133 2129/2129
f 2140/2140 2066/2066 2133/2133
f 2133/2133 2066/2066 2074/2074
f 2078/2078 2077/2077 2076/2076
f 2078/2078 2079/2079 2080/2080
f 2080/2080 2081/2081 2078/2078
f 2078/2078 2081/2081 2077/2077
f 2079/2079 2082/2082 2080/2080
f 2083/2083 2085/2085 2082/2082
f 2082/2082 2085/2085 2080/2080
f 2080/2080 2084/2084 2081/2081
f 2085/2085 2089/2089 2080/2080
f 2080/2080 2086/2086 2084/2084
f 2089/2089 2086/2086 2080/2080
f 2084/2084 2087/2087 2081/2081
f 2086/2086 2087/2087 2084/2084
f 2089/2089 2087/2087 2086/2086
f 2087/2087 2095/2095 2110/2110
f 2110/2110 2095/2095 2135/2135
f 2132/2132 2137/2137 2134/2134
f 868/868 871/871 767/767
f 2667/2667 2671/2671 2664/2664
f 2664/2664 2671/2671 2670/2670
f 2664/2664 2670/2670 2665/2665
f 767/767 785/785 758/758
f 668/668 709/709 697/697
f 587/587 524/524 586/586
f 524/524 525/525 586/586
f 586/586 525/525 585/585
f 577/577 520/520 578/578
f 578/578 516/516 573/573
f 1752/1752 1758/1758 1768/1768
f 2809/2809 2810/2810 2807/2807
f 2326/2326 2331/2331 2318/2318
f 2141/2141 2136/2136 2142/2142
f 2140/2140 2067/2067 2066/2066
f 2065/2065 2072/2072 2074/2074
f 2065/2065 2074/2074 2066/2066
f 2091/2091 2075/2075 2073/2073
f 2073/2073 2075/2075 2072/2072
f 2072/2072 2075/2075 2076/2076
f 2072/2072 2076/2076 2074/2074
f 2076/2076 2075/2075 2078/2078
f 2075/2075 2082/2082 2079/2079
f 2079/2079 2078/2078 2075/2075
f 2091/2091 2100/2100 2083/2083
f 2091/2091 2083/2083 2075/2075
f 2075/2075 2083/2083 2082/2082
f 2100/2100 2092/2092 2083/2083
f 2092/2092 2090/2090 2083/2083
f 2083/2083 2090/2090 2088/2088
f 2083/2083 2088/2088 2085/2085
f 2088/2088 2089/2089 2085/2085
f 2088/2088 2090/2090 2093/2093
f 2088/2088 2093/2093 2089/2089
f 2089/2089 2093/2093 2087/2087
f 2093/2093 2094/2094 2087/2087
f 2087/2087 2094/2094 2095/2095
f 2093/2093 2097/2097 2094/2094
f 2094/2094 2098/2098 2095/2095
f 2095/2095 2098/2098 2135/2135
f 2135/2135 2138/2138 2112/2112
f 2138/2138 2137/2137 2112/2112
f 2112/2112 2137/2137 2132/2132
f 2137/2137 2139/2139 2134/2134
f 2134/2134 2139/2139 2131/2131
f 2790/2790 2789/2789 2786/2786
f 2837/2837 2878/2878 2877/2877
f 2829/2829 2837/2837 2877/2877
f 2725/2725 2723/2723 2675/2675
f 2723/2723 2715/2715 2675/2675
f 2675/2675 2715/2715 2667/2667
f 2665/2665 2670/2670 2666/2666
f 2670/2670 2669/2669 2666/2666
f 2669/2669 2668/2668 2666/2666
f 871/871 785/785 767/767
f 659/659 572/572 668/668
f 759/759 837/837 842/842
f 525/525 526/526 585/585
f 585/585 526/526 584/584
f 584/584 526/526 583/583
f 583/583 529/529 582/582
f 582/582 529/529 528/528
f 582/582 528/528 581/581
f 581/581 528/528 527/527
f 581/581 527/527 580/580
f 580/580 527/527 577/577
f 527/527 520/520 577/577
f 578/578 520/520 516/516
f 516/516 519/519 573/573
f 519/519 518/518 574/574
f 573/573 519/519 574/574
f 518/518 517/517 574/574
f 574/574 517/517 575/575
f 575/575 517/517 522/522
f 575/575 522/522 576/576
f 576/576 522/522 579/579
f 579/579 522/522 521/521
f 579/579 521/521 589/589
f 589/589 521/521 572/572
f 199/199 186/186 220/220
f 175/175 189/189 174/174
f 223/223 301/301 264/264
f 730/730 798/798 734/734
f 734/734 798/798 797/797
f 2867/2867 2873/2873 2831/2831
f 2867/2867 2831/2831 2830/2830
f 2315/2315 2326/2326 2318/2318
f 2328/2328 2327/2327 2310/2310
f 2147/2147 2140/2140 2141/2141
f 2147/2147 2069/2069 2140/2140
f 2140/2140 2069/2069 2067/2067
f 2065/2065 2066/2066 2067/2067
f 2099/2099 2073/2073 2071/2071
f 2071/2071 2073/2073 2070/2070
f 2073/2073 2072/2072 2070/2070
f 2070/2070 2072/2072 2065/2065
f 2099/2099 2091/2091 2073/2073
f 1700/1700 1675/1675 1682/1682
f 1682/1682 1675/1675 1655/1655
f 1655/1655 1654/1654 1678/1678
f 1682/1682 1655/1655 1678/1678
f 1678/1678 1654/1654 1672/1672
f 1678/1678 1672/1672 1687/1687
f 2092/2092 2102/2102 2090/2090
f 1687/1687 1672/1672 1702/1702
f 2102/2102 2096/2096 2090/2090
f 2090/2090 2096/2096 2093/2093
f 2093/2093 2096/2096 2097/2097
f 2094/2094 2103/2103 2098/2098
f 2098/2098 2103/2103 2135/2135
f 2135/2135 2145/2145 2138/2138
f 2135/2135 2103/2103 2145/2145
f 2059/2059 2049/2049 2058/2058
f 2058/2058 2049/2049 2048/2048
f 2048/2048 2045/2045 2062/2062
f 2058/2058 2048/2048 2062/2062
f 2786/2786 2837/2837 2829/2829
f 2669/2669 2676/2676 2668/2668
f 2668/2668 2676/2676 2722/2722
f 2715/2715 2714/2714 2667/2667
f 2667/2667 2714/2714 2671/2671
f 2670/2670 2671/2671 2713/2713
f 2670/2670 2713/2713 2669/2669
f 583/583 526/526 523/523
f 583/583 523/523 529/529
f 1770/1770 1760/1760 1751/1751
f 2831/2831 2809/2809 2830/2830
f 2309/2309 2328/2328 2314/2314
f 2309/2309 2276/2276 2328/2328
f 2068/2068 2067/2067 2069/2069
f 2106/2106 2071/2071 2068/2068
f 2106/2106 2099/2099 2071/2071
f 2068/2068 2071/2071 2070/2070
f 1700/1700 1699/1699 1675/1675
f 1654/1654 1658/1658 1672/1672
f 2102/2102 2104/2104 2096/2096
f 2104/2104 2101/2101 2096/2096
f 2096/2096 2101/2101 2097/2097
f 2097/2097 2101/2101 2094/2094
f 2101/2101 2103/2103 2094/2094
f 2060/2060 2050/2050 2061/2061
f 2061/2061 2050/2050 2056/2056
f 2145/2145 2146/2146 2138/2138
f 2138/2138 2146/2146 2137/2137
f 2059/2059 2053/2053 2049/2049
f 2714/2714 2713/2713 2671/2671
f 2713/2713 2676/2676 2669/2669
f 759/759 770/770 837/837
f 524/524 510/510 525/525
f 525/525 510/510 526/526
f 523/523 515/515 529/529
f 529/529 515/515 528/528
f 528/528 515/515 513/513
f 528/528 513/513 527/527
f 527/527 513/513 514/514
f 527/527 514/514 520/520
f 514/514 509/509 520/520
f 520/520 509/509 516/516
f 824/824 731/731 822/822
f 822/822 731/731 732/732
f 1765/1765 1782/1782 1758/1758
f 2873/2873 2864/2864 2831/2831
f 2809/2809 2816/2816 2810/2810
f 2309/2309 2268/2268 2276/2276
f 2275/2275 2277/2277 2273/2273
f 2273/2273 2276/2276 2268/2268
f 2106/2106 2068/2068 2107/2107
f 1679/1679 1656/1656 1675/1675
f 1699/1699 1679/1679 1675/1675
f 1656/1656 1655/1655 1675/1675
f 1672/1672 1658/1658 1680/1680
f 1672/1672 1680/1680 1702/1702
f 1680/1680 1706/1706 1702/1702
f 2102/2102 2105/2105 2104/2104
f 2104/2104 2109/2109 2101/2101
f 2052/2052 2051/2051 2060/2060
f 2060/2060 2051/2051 2050/2050
f 2056/2056 2046/2046 2053/2053
f 2053/2053 2046/2046 2036/2036
f 2053/2053 2036/2036 2049/2049
f 2040/2040 2044/2044 2048/2048
f 2049/2049 2040/2040 2048/2048
f 2048/2048 2044/2044 2045/2045
f 2837/2837 2874/2874 2878/2878
f 2723/2723 2733/2733 2715/2715
f 2676/2676 2718/2718 2722/2722
f 2714/2714 2716/2716 2713/2713
f 2713/2713 2716/2716 2676/2676
f 770/770 811/811 837/837
f 510/510 511/511 526/526
f 526/526 511/511 523/523
f 511/511 508/508 523/523
f 513/513 500/500 514/514
f 516/516 509/509 497/497
f 516/516 497/497 519/519
f 497/497 518/518 519/519
f 517/517 518/518 495/495
f 146/146 176/176 162/162
f 732/732 731/731 730/730
f 2816/2816 2838/2838 2810/2810
f 2302/2302 2305/2305 2308/2308
f 2270/2270 2273/2273 2272/2272
f 2275/2275 2271/2271 2329/2329
f 1699/1699 1686/1686 1679/1679
f 2105/2105 2109/2109 2104/2104
f 2057/2057 2000/2000 2052/2052
f 2050/2050 2002/2002 2056/2056
f 2002/2002 2046/2046 2056/2056
f 2036/2036 2040/2040 2049/2049
f 2789/2789 2788/2788 2786/2786
f 2786/2786 2785/2785 2837/2837
f 2837/2837 2785/2785 2841/2841
f 2837/2837 2841/2841 2874/2874
f 2716/2716 2717/2717 2676/2676
f 2676/2676 2717/2717 2718/2718
f 785/785 786/786 758/758
f 521/521 499/499 572/572
f 524/524 494/494 510/510
f 508/508 504/504 523/523
f 523/523 504/504 515/515
f 500/500 509/509 514/514
f 497/497 496/496 518/518
f 518/518 496/496 495/495
f 517/517 495/495 522/522
f 495/495 498/498 522/522
f 522/522 498/498 521/521
f 498/498 499/499 521/521
f 2864/2864 2814/2814 2831/2831
f 2831/2831 2814/2814 2809/2809
f 2309/2309 2304/2304 2268/2268
f 2271/2271 2269/2269 2329/2329
f 1686/1686 1670/1670 1679/1679
f 1679/1679 1670/1670 1656/1656
f 1656/1656 1653/1653 1655/1655
f 1655/1655 1653/1653 1654/1654
f 1654/1654 1647/1647 1658/1658
f 1680/1680 1701/1701 1706/1706
f 2057/2057 2054/2054 2000/2000
f 2052/2052 2000/2000 2051/2051
f 2000/2000 2003/2003 2051/2051
f 2051/2051 2003/2003 2001/2001
f 2051/2051 2001/2001 2050/2050
f 2050/2050 2001/2001 2002/2002
f 2046/2046 2039/2039 2036/2036
f 2040/2040 2036/2036 2037/2037
f 2040/2040 2037/2037 2044/2044
f 2044/2044 2037/2037 2045/2045
f 2733/2733 2732/2732 2715/2715
f 2718/2718 2717/2717 2720/2720
f 2718/2718 2720/2720 2722/2722
f 2715/2715 2721/2721 2714/2714
f 2715/2715 2732/2732 2721/2721
f 2714/2714 2721/2721 2716/2716
f 2716/2716 2724/2724 2717/2717
f 510/510 507/507 511/511
f 507/507 508/508 511/511
f 504/504 503/503 513/513
f 515/515 504/504 513/513
f 513/513 503/503 500/500
f 500/500 501/501 509/509
f 509/509 501/501 502/502
f 502/502 497/497 509/509
f 252/252 342/342 371/371
f 731/731 727/727 730/730
f 2304/2304 2261/2261 2268/2268
f 1658/1658 1659/1659 1666/1666
f 1658/1658 1666/1666 1680/1680
f 1680/1680 1666/1666 1701/1701
f 1987/1987 2039/2039 2046/2046
f 2002/2002 1987/1987 2046/2046
f 2039/2039 2033/2033 2036/2036
f 2788/2788 2784/2784 2786/2786
f 2721/2721 2732/2732 2730/2730
f 2724/2724 2726/2726 2717/2717
f 786/786 769/769 758/758
f 707/707 640/640 702/702
f 494/494 493/493 510/510
f 510/510 493/493 507/507
f 507/507 506/506 508/508
f 508/508 506/506 504/504
f 2864/2864 2857/2857 2814/2814
f 2814/2814 2816/2816 2809/2809
f 2816/2816 2839/2839 2838/2838
f 2298/2298 2287/2287 2304/2304
f 2304/2304 2287/2287 2261/2261
f 1686/1686 1689/1689 1657/1657
f 1686/1686 1657/1657 1670/1670
f 1658/1658 1647/1647 1659/1659
f 2000/2000 2054/2054 1988/1988
f 2000/2000 1988/1988 1979/1979
f 2000/2000 1979/1979 2003/2003
f 2003/2003 1979/1979 2001/2001
f 2001/2001 1978/1978 2002/2002
f 1978/1978 1987/1987 2002/2002
f 1987/1987 2032/2032 2039/2039
f 2036/2036 2022/2022 2037/2037
f 2037/2037 2022/2022 2034/2034
f 2037/2037 2034/2034 2024/2024
f 2874/2874 2841/2841 2881/2881
f 2730/2730 2729/2729 2721/2721
f 2721/2721 2729/2729 2716/2716
f 2716/2716 2729/2729 2724/2724
f 2724/2724 2729/2729 2726/2726
f 758/758 769/769 768/768
f 758/758 768/768 759/759
f 759/759 768/768 770/770
f 770/770 768/768 811/811
f 531/531 590/590 640/640
f 590/590 698/698 640/640
f 493/493 482/482 507/507
f 507/507 481/481 506/506
f 506/506 505/505 504/504
f 505/505 479/479 504/504
f 504/504 479/479 503/503
f 503/503 479/479 500/500
f 500/500 479/479 476/476
f 500/500 476/476 501/501
f 476/476 491/491 501/501
f 501/501 491/491 502/502
f 502/502 486/486 497/497
f 497/497 487/487 496/496
f 496/496 488/488 495/495
f 499/499 490/490 531/531
f 2857/2857 2844/2844 2814/2814
f 2814/2814 2817/2817 2815/2815
f 2814/2814 2815/2815 2816/2816
f 2816/2816 2815/2815 2839/2839
f 2291/2291 2298/2298 2296/2296
f 1689/1689 1671/1671 1657/1657
f 1670/1670 1657/1657 1656/1656
f 1656/1656 1657/1657 1653/1653
f 1653/1653 1647/1647 1654/1654
f 1666/1666 1676/1676 1701/1701
f 1979/1979 1978/1978 2001/2001
f 2039/2039 2032/2032 2033/2033
f 2033/2033 2022/2022 2036/2036
f 2786/2786 2784/2784 2785/2785
f 2785/2785 2828/2828 2841/2841
f 2828/2828 2774/2774 2881/2881
f 2841/2841 2828/2828 2881/2881
f 2726/2726 2727/2727 2717/2717
f 2717/2717 2727/2727 2720/2720
f 2730/2730 2728/2728 2729/2729
f 2728/2728 2726/2726 2729/2729
f 786/786 787/787 769/769
f 482/482 481/481 507/507
f 506/506 481/481 480/480
f 506/506 480/480 505/505
f 480/480 477/477 505/505
f 491/491 486/486 502/502
f 497/497 486/486 487/487
f 496/496 487/487 488/488
f 488/488 489/489 495/495
f 495/495 489/489 498/498
f 489/489 490/490 498/498
f 498/498 490/490 499/499
f 490/490 530/530 531/531
f 494/494 484/484 493/493
f 493/493 484/484 483/483
f 493/493 483/483 482/482
f 133/133 154/154 138/138
f 730/730 727/727 729/729
f 1781/1781 1777/1777 1778/1778
f 2287/2287 2258/2258 2261/2261
f 2263/2263 2274/2274 2269/2269
f 1689/1689 1690/1690 1671/1671
f 1666/1666 1659/1659 1676/1676
f 1676/1676 1697/1697 1701/1701
f 2054/2054 2005/2005 1988/1988
f 1988/1988 1976/1976 1979/1979
f 1987/1987 1978/1978 1970/1970
f 1987/1987 1970/1970 2032/2032
f 2032/2032 2027/2027 2033/2033
f 2033/2033 2027/2027 2022/2022
f 2022/2022 2023/2023 2034/2034
f 2728/2728 2731/2731 2726/2726
f 505/505 477/477 479/479
f 491/491 476/476 485/485
f 491/491 485/485 486/486
f 824/824 810/810 731/731
f 1783/1783 1792/1792 1787/1787
f 2293/2293 2291/2291 2295/2295
f 1647/1647 1646/1646 1659/1659
f 2005/2005 1999/1999 1988/1988
f 1988/1988 1999/1999 1976/1976
f 1976/1976 1973/1973 1979/1979
f 1979/1979 1973/1973 1978/1978
f 1973/1973 1970/1970 1978/1978
f 2023/2023 2024/2024 2034/2034
f 1968/1968 1948/1948 1967/1967
f 1960/1960 1961/1961 1962/1962
f 1967/1967 1948/1948 1957/1957
f 768/768 816/816 811/811
f 477/477 478/478 479/479
f 479/479 465/465 476/476
f 465/465 438/438 476/476
f 485/485 445/445 486/486
f 486/486 445/445 487/487
f 811/811 816/816 859/859
f 484/484 466/466 483/483
f 482/482 458/458 481/481
f 810/810 738/738 731/731
f 731/731 738/738 727/727
f 2857/2857 2862/2862 2844/2844
f 2844/2844 2823/2823 2814/2814
f 2537/2537 2536/2536 2481/2481
f 2289/2289 2288/2288 2287/2287
f 1690/1690 1681/1681 1671/1671
f 1657/1657 1652/1652 1653/1653
f 1999/1999 1975/1975 1976/1976
f 1975/1975 1973/1973 1976/1976
f 2022/2022 2015/2015 2023/2023
f 2784/2784 2780/2780 2785/2785
f 1957/1957 1948/1948 1927/1927
f 1958/1958 1957/1957 1928/1928
f 1958/1958 1928/1928 1959/1959
f 787/787 862/862 769/769
f 769/769 771/771 768/768
f 590/590 591/591 698/698
f 479/479 478/478 465/465
f 441/441 442/442 476/476
f 476/476 442/442 485/485
f 530/530 591/591 590/590
f 466/466 459/459 483/483
f 459/459 482/482 483/483
f 481/481 458/458 469/469
f 469/469 468/468 481/481
f 481/481 468/468 480/480
f 480/480 467/467 477/477
f 476/476 438/438 441/441
f 487/487 447/447 488/488
f 488/488 470/470 489/489
f 489/489 472/472 490/490
f 1671/1671 1652/1652 1657/1657
f 1653/1653 1645/1645 1647/1647
f 1659/1659 1665/1665 1676/1676
f 1676/1676 1685/1685 1697/1697
f 2005/2005 2004/2004 1999/1999
f 1975/1975 1974/1974 1973/1973
f 1970/1970 1971/1971 1972/1972
f 1970/1970 2011/2011 2032/2032
f 2032/2032 2011/2011 2027/2027
f 2027/2027 2013/2013 2022/2022
f 2013/2013 2015/2015 2022/2022
f 2015/2015 2017/2017 2023/2023
f 2023/2023 2017/2017 2024/2024
f 2024/2024 2017/2017 2055/2055
f 2828/2828 2773/2773 2774/2774
f 1927/1927 1923/1923 1957/1957
f 1957/1957 1923/1923 1928/1928
f 1928/1928 1925/1925 1959/1959
f 1959/1959 1925/1925 1924/1924
f 1959/1959 1924/1924 1960/1960
f 1960/1960 1924/1924 1961/1961
f 490/490 512/512 530/530
f 530/530 512/512 591/591
f 461/461 466/466 484/484
f 459/459 458/458 482/482
f 480/480 468/468 467/467
f 477/477 467/467 478/478
f 487/487 445/445 447/447
f 447/447 449/449 488/488
f 489/489 470/470 472/472
f 490/490 472/472 473/473
f 2862/2862 2823/2823 2844/2844
f 2823/2823 2821/2821 2814/2814
f 2815/2815 2851/2851 2839/2839
f 2287/2287 2254/2254 2258/2258
f 1681/1681 1668/1668 1671/1671
f 1671/1671 1668/1668 1652/1652
f 1652/1652 1645/1645 1653/1653
f 1659/1659 1660/1660 1665/1665
f 1665/1665 1685/1685 1676/1676
f 1973/1973 1974/1974 1971/1971
f 1973/1973 1971/1971 1970/1970
f 1970/1970 1972/1972 2011/2011
f 2027/2027 2011/2011 2013/2013
f 2784/2784 2787/2787 2780/2780
f 862/862 873/873 769/769
f 774/774 771/771 769/769
f 478/478 467/467 465/465
f 485/485 442/442 445/445
f 449/449 470/470 488/488
f 490/490 473/473 512/512
f 1646/1646 1660/1660 1659/1659
f 1975/1975 1980/1980 1974/1974
f 2004/2004 1980/1980 1975/1975
f 1999/1999 2004/2004 1975/1975
f 1974/1974 1977/1977 1971/1971
f 1971/1971 1977/1977 1972/1972
f 1923/1923 1926/1926 1928/1928
f 1928/1928 1926/1926 1925/1925
f 873/873 774/774 769/769
f 768/768 817/817 816/816
f 466/466 461/461 459/459
f 469/469 458/458 468/468
f 458/458 454/454 468/468
f 454/454 453/453 468/468
f 468/468 453/453 467/467
f 467/467 453/453 452/452
f 467/467 452/452 465/465
f 727/727 728/728 729/729
f 2814/2814 2821/2821 2817/2817
f 2815/2815 2818/2818 2851/2851
f 1652/1652 1651/1651 1645/1645
f 1645/1645 1646/1646 1647/1647
f 1977/1977 1982/1982 1972/1972
f 2014/2014 2017/2017 2015/2015
f 2013/2013 2014/2014 2015/2015
f 2773/2773 2772/2772 2774/2774
f 2774/2774 2772/2772 2777/2777
f 768/768 784/784 817/817
f 817/817 857/857 816/816
f 447/447 448/448 449/449
f 449/449 448/448 470/470
f 725/725 739/739 728/728
f 727/727 725/725 728/728
f 1863/1863 1866/1866 1870/1870
f 2880/2880 2855/2855 2823/2823
f 2862/2862 2880/2880 2823/2823
f 2288/2288 2253/2253 2254/2254
f 1681/1681 1691/1691 1668/1668
f 1668/1668 1651/1651 1652/1652
f 1665/1665 1660/1660 1685/1685
f 2004/2004 1998/1998 1980/1980
f 1980/1980 1981/1981 1974/1974
f 1974/1974 1981/1981 1977/1977
f 1982/1982 1983/1983 1972/1972
f 1972/1972 1983/1983 2010/2010
f 1972/1972 2010/2010 2011/2011
f 2010/2010 2012/2012 2011/2011
f 2011/2011 2012/2012 2013/2013
f 2014/2014 2016/2016 2017/2017
f 2017/2017 2016/2016 2055/2055
f 2780/2780 2771/2771 2773/2773
f 2773/2773 2771/2771 2772/2772
f 1926/1926 1884/1884 1925/1925
f 1925/1925 1884/1884 1924/1924
f 1924/1924 1884/1884 1889/1889
f 873/873 874/874 774/774
f 445/445 442/442 444/444
f 512/512 592/592 591/591
f 459/459 457/457 458/458
f 458/458 457/457 454/454
f 454/454 457/457 456/456
f 454/454 455/455 450/450
f 454/454 450/450 453/453
f 452/452 463/463 464/464
f 452/452 464/464 465/465
f 445/445 446/446 447/447
f 470/470 471/471 472/472
f 472/472 471/471 473/473
f 855/855 836/836 810/810
f 810/810 836/836 738/738
f 2817/2817 2818/2818 2815/2815
f 2288/2288 2307/2307 2253/2253
f 2262/2262 2252/2252 2285/2285
f 1660/1660 1692/1692 1685/1685
f 1980/1980 1998/1998 1981/1981
f 1981/1981 1982/1982 1977/1977
f 2012/2012 2014/2014 2013/2013
f 1955/1955 1891/1891 1948/1948
f 1948/1948 1891/1891 1927/1927
f 1927/1927 1891/1891 1923/1923
f 1923/1923 1891/1891 1886/1886
f 1886/1886 1885/1885 1923/1923
f 1923/1923 1885/1885 1926/1926
f 1926/1926 1885/1885 1884/1884
f 773/773 784/784 768/768
f 465/465 464/464 439/439
f 438/438 439/439 440/440
f 438/438 440/440 441/441
f 440/440 443/443 442/442
f 441/441 440/440 442/442
f 442/442 443/443 444/444
f 445/445 444/444 446/446
f 512/512 474/474 532/532
f 512/512 532/532 592/592
f 461/461 460/460 459/459
f 459/459 460/460 457/457
f 456/456 455/455 454/454
f 453/453 450/450 452/452
f 450/450 451/451 452/452
f 452/452 451/451 463/463
f 465/465 439/439 438/438
f 446/446 448/448 447/447
f 471/471 474/474 473/473
f 473/473 474/474 512/512
f 2252/2252 2286/2286 2285/2285
f 1691/1691 1688/1688 1668/1668
f 1646/1646 1661/1661 1660/1660
f 1981/1981 1984/1984 1982/1982
f 1982/1982 1984/1984 1985/1985
f 1982/1982 1985/1985 1983/1983
f 2836/2836 2835/2835 2778/2778
f 2836/2836 2778/2778 2787/2787
f 1955/1955 1930/1930 1891/1891
f 1884/1884 1887/1887 1889/1889
f 771/771 773/773 768/768
f 461/461 462/462 460/460
f 470/470 448/448 471/471
f 2307/2307 2282/2282 2253/2253
f 1651/1651 1650/1650 1645/1645
f 1646/1646 1663/1663 1661/1661
f 1660/1660 1698/1698 1692/1692
f 1998/1998 2047/2047 1986/1986
f 1998/1998 1986/1986 1981/1981
f 1981/1981 1986/1986 1984/1984
f 1983/1983 1991/1991 2010/2010
f 2010/2010 2020/2020 2012/2012
f 2012/2012 2020/2020 2014/2014
f 2020/2020 2018/2018 2014/2014
f 2014/2014 2018/2018 2016/2016
f 2771/2771 2770/2770 2772/2772
f 874/874 789/789 774/774
f 774/774 789/789 771/771
f 456/456 475/475 455/455
f 455/455 475/475 450/450
f 450/450 475/475 451/451
f 738/738 726/726 727/727
f 727/727 726/726 725/725
f 2880/2880 2879/2879 2855/2855
f 2817/2817 2819/2819 2818/2818
f 2300/2300 2313/2313 2307/2307
f 1668/1668 1688/1688 1669/1669
f 1668/1668 1669/1669 1651/1651
f 1661/1661 1698/1698 1660/1660
f 1986/1986 1989/1989 1984/1984
f 1984/1984 1989/1989 1985/1985
f 1989/1989 1990/1990 1985/1985
f 1990/1990 1991/1991 1983/1983
f 1985/1985 1990/1990 1983/1983
f 1991/1991 2029/2029 2010/2010
f 2018/2018 2019/2019 2016/2016
f 2778/2778 2780/2780 2787/2787
f 1930/1930 1890/1890 1891/1891
f 1887/1887 1883/1883 1888/1888
f 1887/1887 1888/1888 1889/1889
f 1889/1889 1888/1888 1921/1921
f 456/456 541/541 475/475
f 463/463 542/542 464/464
f 464/464 538/538 439/439
f 440/440 537/537 536/536
f 536/536 443/443 440/440
f 443/443 535/535 444/444
f 444/444 535/535 446/446
f 446/446 534/534 448/448
f 448/448 533/533 471/471
f 492/492 548/548 474/474
f 474/474 548/548 532/532
f 460/460 544/544 457/457
f 836/836 829/829 738/738
f 2879/2879 2832/2832 2855/2855
f 2821/2821 2832/2832 2817/2817
f 2307/2307 2316/2316 2282/2282
f 1688/1688 1693/1693 1669/1669
f 1669/1669 1650/1650 1651/1651
f 1645/1645 1648/1648 1646/1646
f 2047/2047 1992/1992 1986/1986
f 2020/2020 2021/2021 2018/2018
f 2018/2018 2021/2021 2019/2019
f 2768/2768 2770/2770 2771/2771
f 1890/1890 1882/1882 1886/1886
f 1882/1882 1879/1879 1886/1886
f 1879/1879 1883/1883 1884/1884
f 706/706 627/627 710/710
f 548/548 627/627 592/592
f 559/559 543/543 462/462
f 544/544 545/545 457/457
f 545/545 541/541 457/457
f 475/475 541/541 539/539
f 451/451 539/539 540/540
f 451/451 540/540 542/542
f 451/451 542/542 463/463
f 542/542 538/538 464/464
f 439/439 538/538 537/537
f 439/439 537/537 440/440
f 536/536 535/535 443/443
f 535/535 534/534 446/446
f 448/448 534/534 533/533
f 471/471 533/533 492/492
f 471/471 492/492 474/474
f 462/462 543/543 460/460
f 460/460 543/543 544/544
f 1693/1693 1677/1677 1669/1669
f 1669/1669 1677/1677 1650/1650
f 1663/1663 1683/1683 1661/1661
f 1661/1661 1683/1683 1698/1698
f 1986/1986 1992/1992 1989/1989
f 1989/1989 1992/1992 1993/1993
f 1993/1993 1994/1994 1990/1990
f 1989/1989 1993/1993 1990/1990
f 1990/1990 1994/1994 1991/1991
f 1991/1991 2035/2035 2029/2029
f 2029/2029 2028/2028 2020/2020
f 2020/2020 2028/2028 2021/2021
f 2019/2019 2021/2021 2025/2025
f 2019/2019 2025/2025 2026/2026
f 2835/2835 2834/2834 2778/2778
f 2780/2780 2768/2768 2771/2771
f 1888/1888 1909/1909 1921/1921
f 541/541 545/545 547/547
f 541/541 547/547 539/539
f 547/547 546/546 539/539
f 539/539 546/546 540/540
f 829/829 726/726 738/738
f 2879/2879 2885/2885 2832/2832
f 2312/2312 2319/2319 2313/2313
f 2313/2313 2324/2324 2316/2316
f 2282/2282 2316/2316 2334/2334
f 1645/1645 1650/1650 1649/1649
f 1646/1646 1662/1662 1663/1663
f 1683/1683 1709/1709 1708/1708
f 1992/1992 1996/1996 1993/1993
f 1994/1994 1995/1995 1991/1991
f 1995/1995 2035/2035 1991/1991
f 2029/2029 2035/2035 2028/2028
f 2021/2021 2028/2028 2025/2025
f 2768/2768 2769/2769 2770/2770
f 1935/1935 1890/1890 1930/1930
f 1883/1883 1893/1893 1888/1888
f 1888/1888 1893/1893 1909/1909
f 1890/1890 1892/1892 1882/1882
f 1882/1882 1892/1892 1880/1880
f 1882/1882 1880/1880 1879/1879
f 1879/1879 1880/1880 1881/1881
f 1879/1879 1881/1881 1883/1883
f 627/627 628/628 710/710
f 773/773 772/772 784/784
f 548/548 605/605 627/627
f 547/547 556/556 546/546
f 542/542 552/552 538/538
f 537/537 551/551 536/536
f 534/534 549/549 533/533
f 492/492 569/569 548/548
f 2817/2817 2832/2832 2813/2813
f 2817/2817 2813/2813 2819/2819
f 2316/2316 2324/2324 2334/2334
f 1677/1677 1667/1667 1650/1650
f 1650/1650 1667/1667 1649/1649
f 1649/1649 1648/1648 1645/1645
f 1646/1646 1648/1648 1662/1662
f 1662/1662 1683/1683 1663/1663
f 1992/1992 1997/1997 1996/1996
f 1993/1993 1996/1996 1995/1995
f 1993/1993 1995/1995 1994/1994
f 2028/2028 2031/2031 2025/2025
f 2025/2025 2031/2031 2030/2030
f 2025/2025 2030/2030 2026/2026
f 2779/2779 2778/2778 2834/2834
f 1881/1881 1893/1893 1883/1883
f 788/788 771/771 789/789
f 548/548 569/569 605/605
f 543/543 559/559 558/558
f 543/543 558/558 544/544
f 545/545 557/557 547/547
f 546/546 555/555 540/540
f 540/540 555/555 554/554
f 540/540 554/554 542/542
f 554/554 552/552 542/542
f 552/552 553/553 538/538
f 538/538 551/551 537/537
f 536/536 550/550 535/535
f 550/550 549/549 535/535
f 535/535 549/549 534/534
f 549/549 561/561 533/533
f 533/533 562/562 492/492
f 492/492 562/562 563/563
f 492/492 563/563 569/569
f 829/829 840/840 726/726
f 739/739 725/725 740/740
f 2169/2169 2222/2222 2165/2165
f 1693/1693 1694/1694 1677/1677
f 1677/1677 1694/1694 1667/1667
f 1662/1662 1696/1696 1683/1683
f 1696/1696 1710/1710 1709/1709
f 1997/1997 2007/2007 2006/2006
f 1997/1997 2006/2006 1996/1996
f 2006/2006 2008/2008 1995/1995
f 1995/1995 2008/2008 2009/2009
f 1995/1995 2009/2009 2035/2035
f 2035/2035 2041/2041 2028/2028
f 2031/2031 2038/2038 2030/2030
f 2778/2778 2779/2779 2780/2780
f 1935/1935 1912/1912 1890/1890
f 1890/1890 1912/1912 1892/1892
f 1892/1892 1894/1894 1880/1880
f 1880/1880 1894/1894 1881/1881
f 1881/1881 1894/1894 1893/1893
f 771/771 772/772 773/773
f 605/605 626/626 627/627
f 627/627 626/626 628/628
f 772/772 819/819 784/784
f 638/638 560/560 559/559
f 784/784 819/819 817/817
f 556/556 555/555 546/546
f 538/538 553/553 551/551
f 561/561 562/562 533/533
f 559/559 560/560 558/558
f 2819/2819 2813/2813 2820/2820
f 2222/2222 2211/2211 2165/2165
f 1667/1667 1674/1674 1649/1649
f 1696/1696 1714/1714 1710/1710
f 2009/2009 2064/2064 2035/2035
f 2041/2041 2042/2042 2028/2028
f 2028/2028 2042/2042 2031/2031
f 2031/2031 2043/2043 2038/2038
f 2779/2779 2781/2781 2780/2780
f 2781/2781 2768/2768 2780/2780
f 1895/1895 1896/1896 1893/1893
f 547/547 557/557 556/556
f 556/556 570/570 555/555
f 555/555 570/570 554/554
f 554/554 564/564 552/552
f 564/564 553/553 552/552
f 551/551 566/566 550/550
f 550/550 566/566 565/565
f 550/550 565/565 549/549
f 50/50 25/25 266/266
f 2885/2885 2884/2884 2832/2832
f 2832/2832 2884/2884 2847/2847
f 2832/2832 2847/2847 2813/2813
f 2211/2211 2206/2206 2165/2165
f 2165/2165 2206/2206 2159/2159
f 1694/1694 1695/1695 1667/1667
f 1667/1667 1695/1695 1674/1674
f 1674/1674 1664/1664 1649/1649
f 1649/1649 1664/1664 1648/1648
f 1664/1664 1673/1673 1648/1648
f 1648/1648 1673/1673 1662/1662
f 1662/1662 1673/1673 1704/1704
f 1662/1662 1704/1704 1696/1696
f 2236/2236 2226/2226 2239/2239
f 2239/2239 2226/2226 2235/2235
f 2043/2043 2063/2063 2038/2038
f 2781/2781 2756/2756 2768/2768
f 2756/2756 2767/2767 2768/2768
f 2768/2768 2767/2767 2769/2769
f 1935/1935 1936/1936 1912/1912
f 1896/1896 1900/1900 1909/1909
f 1912/1912 1898/1898 1892/1892
f 1898/1898 1897/1897 1892/1892
f 1892/1892 1897/1897 1894/1894
f 1894/1894 1897/1897 1895/1895
f 771/771 775/775 772/772
f 626/626 708/708 628/628
f 638/638 571/571 560/560
f 560/560 571/571 558/558
f 564/564 568/568 553/553
f 553/553 568/568 551/551
f 568/568 567/567 551/551
f 551/551 567/567 566/566
f 563/563 600/600 569/569
f 840/840 841/841 726/726
f 2813/2813 2804/2804 2820/2820
f 2206/2206 2149/2149 2159/2159
f 1674/1674 1684/1684 1664/1664
f 1664/1664 1684/1684 1673/1673
f 1684/1684 1703/1703 1673/1673
f 1673/1673 1703/1703 1704/1704
f 2228/2228 2189/2189 2226/2226
f 2227/2227 2229/2229 2234/2234
f 2231/2231 2232/2232 2238/2238
f 2238/2238 2232/2232 2240/2240
f 2852/2852 2782/2782 2853/2853
f 2853/2853 2782/2782 2779/2779
f 1936/1936 1898/1898 1912/1912
f 1897/1897 1899/1899 1895/1895
f 1895/1895 1899/1899 1896/1896
f 1896/1896 1899/1899 1900/1900
f 557/557 607/607 556/556
f 610/610 609/609 570/570
f 570/570 609/609 554/554
f 603/603 602/602 554/554
f 554/554 602/602 564/564
f 564/564 602/602 601/601
f 564/564 601/601 568/568
f 567/567 595/595 566/566
f 565/565 593/593 549/549
f 549/549 593/593 561/561
f 561/561 593/593 598/598
f 561/561 598/598 562/562
f 562/562 598/598 599/599
f 599/599 600/600 563/563
f 562/562 599/599 563/563
f 600/600 604/604 569/569
f 569/569 604/604 605/605
f 726/726 724/724 725/725
f 740/740 725/725 747/747
f 2206/2206 2190/2190 2149/2149
f 2149/2149 2190/2190 2156/2156
f 1674/1674 1705/1705 1684/1684
f 1684/1684 1705/1705 1703/1703
f 2185/2185 2189/2189 2233/2233
f 2188/2188 2220/2220 2229/2229
f 2188/2188 2229/2229 2227/2227
f 2234/2234 2229/2229 2231/2231
f 2795/2795 2782/2782 2852/2852
f 2779/2779 2782/2782 2781/2781
f 2756/2756 2758/2758 2767/2767
f 1900/1900 1908/1908 1909/1909
f 1898/1898 1902/1902 1901/1901
f 1898/1898 1901/1901 1897/1897
f 1897/1897 1901/1901 1899/1899
f 571/571 606/606 558/558
f 606/606 608/608 557/557
f 558/558 606/606 557/557
f 557/557 608/608 607/607
f 570/570 607/607 610/610
f 609/609 603/603 554/554
f 601/601 597/597 568/568
f 568/568 597/597 567/567
f 567/567 597/597 596/596
f 596/596 595/595 567/567
f 566/566 595/595 594/594
f 566/566 594/594 565/565
f 565/565 594/594 593/593
f 841/841 853/853 791/791
f 841/841 791/791 726/726
f 726/726 791/791 724/724
f 747/747 725/725 790/790
f 2884/2884 2883/2883 2847/2847
f 2847/2847 2883/2883 2833/2833
f 2847/2847 2833/2833 2813/2813
f 2190/2190 2191/2191 2156/2156
f 2191/2191 2177/2177 2156/2156
f 2174/2174 2180/2180 2184/2184
f 2181/2181 2220/2220 2188/2188
f 2229/2229 2220/2220 2224/2224
f 2231/2231 2223/2223 2232/2232
f 2232/2232 2223/2223 2225/2225
f 1900/1900 1904/1904 1908/1908
f 1922/1922 1902/1902 1898/1898
f 1901/1901 1903/1903 1899/1899
f 1899/1899 1903/1903 1900/1900
f 788/788 804/804 778/778
f 788/788 778/778 771/771
f 2590/2590 2638/2638 2598/2598
f 626/626 629/629 703/703
f 626/626 703/703 708/708
f 772/772 818/818 819/819
f 638/638 616/616 571/571
f 596/596 612/612 595/595
f 594/594 611/611 593/593
f 604/604 629/629 626/626
f 724/724 722/722 725/725
f 725/725 722/722 790/790
f 2813/2813 2833/2833 2803/2803
f 2813/2813 2803/2803 2804/2804
f 2804/2804 2802/2802 2842/2842
f 2842/2842 2802/2802 2845/2845
f 2191/2191 2216/2216 2177/2177
f 2181/2181 2216/2216 2220/2220
f 2220/2220 2218/2218 2224/2224
f 2782/2782 2783/2783 2781/2781
f 2783/2783 2754/2754 2781/2781
f 2781/2781 2754/2754 2756/2756
f 2756/2756 2755/2755 2758/2758
f 1922/1922 1906/1906 1902/1902
f 1902/1902 1906/1906 1901/1901
f 1901/1901 1906/1906 1905/1905
f 1901/1901 1905/1905 1903/1903
f 1905/1905 1907/1907 1903/1903
f 1903/1903 1904/1904 1900/1900
f 771/771 783/783 775/775
f 775/775 818/818 772/772
f 616/616 615/615 606/606
f 571/571 616/616 606/606
f 615/615 617/617 608/608
f 606/606 615/615 608/608
f 617/617 618/618 608/608
f 608/608 618/618 607/607
f 607/607 618/618 632/632
f 603/603 621/621 602/602
f 602/602 621/621 601/601
f 601/601 621/621 620/620
f 601/601 620/620 597/597
f 597/597 612/612 596/596
f 595/595 612/612 594/594
f 600/600 599/599 619/619
f 600/600 619/619 604/604
f 604/604 619/619 629/629
f 722/722 792/792 790/790
f 2803/2803 2802/2802 2804/2804
f 2845/2845 2802/2802 2848/2848
f 2193/2193 2202/2202 2207/2207
f 2795/2795 2783/2783 2782/2782
f 2754/2754 2755/2755 2756/2756
f 1922/1922 1929/1929 1906/1906
f 1907/1907 1910/1910 1904/1904
f 1910/1910 1915/1915 1908/1908
f 778/778 783/783 771/771
f 610/610 625/625 609/609
f 609/609 625/625 603/603
f 597/597 630/630 612/612
f 594/594 612/612 614/614
f 594/594 613/613 611/611
f 617/617 637/637 618/618
f 593/593 611/611 598/598
f 2883/2883 2886/2886 2833/2833
f 2802/2802 2800/2800 2848/2848
f 2783/2783 2751/2751 2754/2754
f 2754/2754 2749/2749 2755/2755
f 1914/1914 1915/1915 1910/1910
f 1911/1911 1913/1913 1907/1907
f 1907/1907 1913/1913 1910/1910
f 1910/1910 1913/1913 1914/1914
f 805/805 778/778 804/804
f 629/629 641/641 703/703
f 616/616 639/639 615/615
f 615/615 635/635 617/617
f 635/635 636/636 617/617
f 617/617 636/636 637/637
f 618/618 637/637 632/632
f 632/632 633/633 607/607
f 633/633 634/634 607/607
f 610/610 634/634 625/625
f 603/603 625/625 621/621
f 597/597 620/620 631/631
f 631/631 630/630 597/597
f 612/612 630/630 614/614
f 613/613 624/624 611/611
f 611/611 624/624 622/622
f 611/611 622/622 598/598
f 598/598 622/622 599/599
f 599/599 622/622 623/623
f 599/599 623/623 619/619
f 853/853 854/854 791/791
f 724/724 723/723 722/722
f 2803/2803 2801/2801 2802/2802
f 2802/2802 2801/2801 2800/2800
f 2800/2800 2797/2797 2798/2798
f 2796/2796 2783/2783 2795/2795
f 2751/2751 2749/2749 2754/2754
f 1913/1913 1918/1918 1914/1914
f 783/783 807/807 775/775
f 775/775 807/807 818/818
f 641/641 712/712 703/703
f 1093/1093 1081/1081 1094/1094
f 1091/1091 1079/1079 1092/1092
f 1092/1092 1075/1075 1097/1097
f 1097/1097 1077/1077 1101/1101
f 1101/1101 1077/1077 1100/1100
f 1087/1087 1088/1088 1103/1103
f 1088/1088 1104/1104 1103/1103
f 1089/1089 1082/1082 1090/1090
f 1108/1108 1086/1086 1102/1102
f 619/619 641/641 629/629
f 1803/1803 1846/1846 1840/1840
f 792/792 722/722 793/793
f 2886/2886 2776/2776 2833/2833
f 2833/2833 2776/2776 2766/2766
f 2801/2801 2797/2797 2800/2800
f 2798/2798 2797/2797 2796/2796
f 2797/2797 2783/2783 2796/2796
f 2752/2752 2751/2751 2783/2783
f 805/805 806/806 778/778
f 1098/1098 1072/1072 1071/1071
f 1093/1093 1071/1071 1081/1081
f 1094/1094 1081/1081 1095/1095
f 1081/1081 1080/1080 1095/1095
f 1095/1095 1080/1080 1096/1096
f 1080/1080 1078/1078 1096/1096
f 1096/1096 1078/1078 1091/1091
f 1097/1097 1075/1075 1074/1074
f 1097/1097 1074/1074 1077/1077
f 1100/1100 1077/1077 1076/1076
f 1104/1104 1088/1088 1089/1089
f 1090/1090 1082/1082 1083/1083
f 1090/1090 1083/1083 1086/1086
f 724/724 791/791 723/723
f 722/722 741/741 793/793
f 2776/2776 2775/2775 2766/2766
f 2803/2803 2766/2766 2801/2801
f 2801/2801 2766/2766 2764/2764
f 2801/2801 2763/2763 2797/2797
f 2763/2763 2757/2757 2797/2797
f 2797/2797 2757/2757 2799/2799
f 2797/2797 2799/2799 2783/2783
f 2799/2799 2752/2752 2783/2783
f 2751/2751 2752/2752 2747/2747
f 2751/2751 2747/2747 2749/2749
f 2749/2749 2748/2748 2750/2750
f 778/778 777/777 783/783
f 2645/2645 2644/2644 2598/2598
f 1102/1102 1085/1085 1113/1113
f 1058/1058 1059/1059 1081/1081
f 1059/1059 1080/1080 1081/1081
f 1077/1077 1055/1055 1076/1076
f 1076/1076 1055/1055 1052/1052
f 1076/1076 1067/1067 1087/1087
f 1067/1067 1068/1068 1088/1088
f 1088/1088 1068/1068 1066/1066
f 1088/1088 1066/1066 1089/1089
f 1089/1089 1066/1066 1082/1082
f 1070/1070 1083/1083 1082/1082
f 1083/1083 1061/1061 1086/1086
f 1061/1061 1069/1069 1086/1086
f 1086/1086 1069/1069 1102/1102
f 854/854 847/847 791/791
f 791/791 847/847 723/723
f 1808/1808 1852/1852 1846/1846
f 2775/2775 2765/2765 2766/2766
f 2766/2766 2765/2765 2764/2764
f 2801/2801 2764/2764 2763/2763
f 783/783 813/813 807/807
f 1085/1085 1105/1105 1113/1113
f 1063/1063 1050/1050 1071/1071
f 1071/1071 1058/1058 1081/1081
f 1059/1059 1056/1056 1080/1080
f 1056/1056 1057/1057 1080/1080
f 1080/1080 1057/1057 1078/1078
f 1078/1078 1054/1054 1079/1079
f 1079/1079 1060/1060 1075/1075
f 1060/1060 1046/1046 1075/1075
f 1075/1075 1046/1046 1074/1074
f 1052/1052 1067/1067 1076/1076
f 1067/1067 1053/1053 1068/1068
f 1066/1066 1064/1064 1082/1082
f 1082/1082 1064/1064 1047/1047
f 1082/1082 1047/1047 1070/1070
f 1083/1083 1070/1070 1048/1048
f 1083/1083 1048/1048 1061/1061
f 1069/1069 1085/1085 1102/1102
f 722/722 721/721 741/741
f 741/741 721/721 743/743
f 2764/2764 2765/2765 2762/2762
f 2764/2764 2762/2762 2763/2763
f 2763/2763 2762/2762 2759/2759
f 2763/2763 2759/2759 2757/2757
f 2757/2757 2753/2753 2799/2799
f 2753/2753 2744/2744 2752/2752
f 2752/2752 2744/2744 2747/2747
f 1937/1937 1939/1939 1931/1931
f 1059/1059 1026/1026 1056/1056
f 1039/1039 1054/1054 1057/1057
f 1055/1055 1051/1051 1052/1052
f 1068/1068 1065/1065 1066/1066
f 1066/1066 1065/1065 1064/1064
f 1062/1062 1063/1063 1072/1072
f 723/723 720/720 722/722
f 2765/2765 2761/2761 2762/2762
f 2762/2762 2761/2761 2759/2759
f 2759/2759 2761/2761 2760/2760
f 2760/2760 2742/2742 2759/2759
f 2759/2759 2742/2742 2757/2757
f 2757/2757 2742/2742 2753/2753
f 2753/2753 2742/2742 2744/2744
f 806/806 776/776 778/778
f 776/776 777/777 778/778
f 783/783 777/777 813/813
f 1069/1069 1044/1044 1085/1085
f 1085/1085 1044/1044 1105/1105
f 1058/1058 1050/1050 1049/1049
f 1058/1058 1049/1049 1059/1059
f 1059/1059 1049/1049 1026/1026
f 1067/1067 1052/1052 1053/1053
f 1053/1053 1045/1045 1068/1068
f 1068/1068 1045/1045 1065/1065
f 1065/1065 1036/1036 1064/1064
f 1070/1070 1047/1047 1048/1048
f 847/847 844/844 723/723
f 720/720 717/717 721/721
f 722/722 720/720 721/721
f 721/721 742/742 743/743
f 863/863 744/744 746/746
f 2742/2742 2743/2743 2744/2744
f 1944/1944 1949/1949 1951/1951
f 858/858 746/746 776/776
f 777/777 834/834 813/813
f 1105/1105 1044/1044 1099/1099
f 1062/1062 1040/1040 1029/1029
f 1062/1062 1029/1029 1063/1063
f 1063/1063 1029/1029 1050/1050
f 1039/1039 1038/1038 1054/1054
f 1042/1042 1046/1046 1060/1060
f 1025/1025 1033/1033 1052/1052
f 1053/1053 1034/1034 1045/1045
f 1036/1036 1047/1047 1064/1064
f 1032/1032 1037/1037 1061/1061
f 1061/1061 1037/1037 1069/1069
f 1069/1069 1037/1037 1044/1044
f 399/399 400/400 426/426
f 721/721 717/717 742/742
f 745/745 717/717 744/744
f 744/744 716/716 746/746
f 746/746 716/716 776/776
f 776/776 779/779 777/777
f 1049/1049 1027/1027 1026/1026
f 1026/1026 1028/1028 1056/1056
f 1056/1056 1028/1028 1057/1057
f 1028/1028 1039/1039 1057/1057
f 1023/1023 1024/1024 1043/1043
f 1033/1033 1021/1021 1034/1034
f 1021/1021 1020/1020 1034/1034
f 1045/1045 1035/1035 1036/1036
f 1036/1036 1031/1031 1047/1047
f 742/742 717/717 745/745
f 744/744 717/717 716/716
f 777/777 835/835 834/834
f 1024/1024 1025/1025 1043/1043
f 1035/1035 1008/1008 1036/1036
f 1036/1036 1008/1008 1031/1031
f 1030/1030 1002/1002 1032/1032
f 1032/1032 1002/1002 1037/1037
f 723/723 844/844 720/720
f 720/720 719/719 717/717
f 779/779 802/802 777/777
f 777/777 802/802 835/835
f 1029/1029 1015/1015 1016/1016
f 1026/1026 1018/1018 1028/1028
f 1028/1028 1018/1018 1000/1000
f 1002/1002 1003/1003 1037/1037
f 844/844 852/852 720/720
f 716/716 779/779 776/776
f 803/803 802/802 779/779
f 1195/1195 1084/1084 1174/1174
f 1012/1012 991/991 1005/1005
f 720/720 852/852 851/851
f 720/720 851/851 719/719
f 719/719 718/718 717/717
f 718/718 715/715 717/717
f 1001/1001 967/967 1002/1002
f 715/715 716/716 717/717
f 716/716 780/780 779/779
f 1131/1131 985/985 1010/1010
f 997/997 982/982 975/975
f 1008/1008 968/968 989/989
f 1004/1004 989/989 988/988
f 719/719 851/851 838/838
f 1073/1073 1106/1106 1174/1174
f 779/779 809/809 803/803
f 959/959 974/974 983/983
f 1202/1202 1189/1189 1183/1183
f 719/719 838/838 718/718
f 716/716 781/781 780/780
f 780/780 809/809 779/779
f 981/981 962/962 982/982
f 718/718 838/838 820/820
f 718/718 820/820 715/715
f 715/715 782/782 716/716
f 716/716 782/782 781/781
f 1109/1109 1173/1173 1168/1168
f 780/780 850/850 809/809
f 965/965 955/955 956/956
f 962/962 941/941 960/960
f 820/820 856/856 715/715
f 781/781 839/839 780/780
f 780/780 839/839 850/850
f 942/942 941/941 962/962
f 957/957 940/940 927/927
f 934/934 935/935 952/952
f 715/715 856/856 848/848
f 715/715 848/848 782/782
f 781/781 782/782 801/801
f 781/781 801/801 843/843
f 781/781 843/843 839/839
f 945/945 890/890 995/995
f 925/925 882/882 937/937
f 882/882 884/884 937/937
f 934/934 886/886 935/935
f 782/782 848/848 849/849
f 782/782 849/849 801/801
f 917/917 909/909 918/918
f 918/918 909/909 902/902
f 896/896 918/918 902/902
f 896/896 895/895 894/894
f 895/895 893/893 894/894
f 876/876 877/877 878/878
f 1282/1282 1283/1283 1281/1281
f 1287/1287 1307/1307 1285/1285
f 1382/1382 1326/1326 1394/1394
f 1429/1429 1386/1386 1399/1399
f 1524/1524 1495/1495 1460/1460
f 1586/1586 1429/1429 1441/1441
f 1606/1606 1502/1502 1603/1603
f 2612/2612 2621/2621 2572/2572
f 2572/2572 2621/2621 2620/2620
f 2572/2572 2620/2620 2483/2483
f 2483/2483 2620/2620 2486/2486
f 2486/2486 2620/2620 2631/2631
f 2486/2486 2631/2631 2632/2632
f 2486/2486 2632/2632 2586/2586
f 2586/2586 2632/2632 2634/2634
f 1441/1441 1585/1585 1591/1591
f 1439/1439 1587/1587 1588/1588
f 1587/1587 1595/1595 1594/1594
f 1436/1436 1437/1437 1599/1599
f 2627/2627 2612/2612 2574/2574
f 2574/2574 2612/2612 2572/2572
f 2428/2428 2572/2572 2483/2483
f 2586/2586 2634/2634 2633/2633
f 1524/1524 1494/1494 1584/1584
f 1597/1597 1435/1435 1599/1599
f 1639/1639 1606/1606 1638/1638
f 1638/1638 1606/1606 1603/1603
f 2617/2617 2627/2627 2574/2574
f 2574/2574 2572/2572 2428/2428
f 2427/2427 2428/2428 2483/2483
f 2427/2427 2483/2483 2486/2486
f 2427/2427 2486/2486 2414/2414
f 2486/2486 2586/2586 2414/2414
f 2586/2586 2633/2633 2587/2587
f 1616/1616 1591/1591 1632/1632
f 1610/1610 1598/1598 1624/1624
f 2480/2480 2617/2617 2574/2574
f 2429/2429 2574/2574 2428/2428
f 2409/2409 2428/2428 2427/2427
f 2427/2427 2414/2414 2409/2409
f 1584/1584 1494/1494 1539/1539
f 1625/1625 1588/1588 1628/1628
f 1627/1627 1593/1593 1626/1626
f 1629/1629 1610/1610 1624/1624
f 1613/1613 1614/1614 1619/1619
f 1621/1621 1600/1600 1596/1596
f 2619/2619 2617/2617 2480/2480
f 2429/2429 2428/2428 2408/2408
f 2408/2408 2428/2428 2409/2409
f 2408/2408 2409/2409 2406/2406
f 2409/2409 2414/2414 2406/2406
f 2406/2406 2414/2414 2405/2405
f 2414/2414 2587/2587 2450/2450
f 2405/2405 2414/2414 2450/2450
f 2587/2587 2633/2633 2629/2629
f 292/292 339/339 337/337
f 319/319 322/322 320/320
f 1622/1622 1596/1596 1623/1623
f 1623/1623 1612/1612 1635/1635
f 1637/1637 1635/1635 1641/1641
f 2622/2622 2619/2619 2566/2566
f 2566/2566 2619/2619 2480/2480
f 2450/2450 2587/2587 2577/2577
f 1505/1505 1515/1515 1526/1526
f 316/316 333/333 304/304
f 311/311 333/333 332/332
f 293/293 339/339 292/292
f 309/309 292/292 337/337
f 309/309 337/337 338/338
f 338/338 327/327 310/310
f 319/319 320/320 298/298
f 298/298 320/320 321/321
f 2566/2566 2480/2480 2432/2432
f 2480/2480 2429/2429 2411/2411
f 2432/2432 2480/2480 2411/2411
f 2411/2411 2429/2429 2408/2408
f 2411/2411 2408/2408 2410/2410
f 2410/2410 2408/2408 2407/2407
f 2408/2408 2406/2406 2407/2407
f 2407/2407 2406/2406 2404/2404
f 2406/2406 2405/2405 2404/2404
f 2404/2404 2405/2405 2403/2403
f 2405/2405 2450/2450 2403/2403
f 314/314 325/325 315/315
f 297/297 319/319 298/298
f 298/298 321/321 303/303
f 303/303 329/329 302/302
f 308/308 324/324 314/314
f 330/330 331/331 305/305
f 305/305 331/331 313/313
f 2625/2625 2651/2651 2622/2622
f 2625/2625 2622/2622 2564/2564
f 2622/2622 2566/2566 2564/2564
f 2410/2410 2407/2407 2447/2447
f 2407/2407 2404/2404 2424/2424
f 2450/2450 2577/2577 2422/2422
f 2403/2403 2450/2450 2422/2422
f 2577/2577 2629/2629 2565/2565
f 2565/2565 2629/2629 2630/2630
f 1617/1617 1540/1540 1563/1563
f 300/300 316/316 304/304
f 279/279 304/304 311/311
f 308/308 314/314 299/299
f 296/296 314/314 315/315
f 296/296 315/315 297/297
f 313/313 331/331 435/435
f 2564/2564 2566/2566 2431/2431
f 2431/2431 2566/2566 2432/2432
f 2435/2435 2410/2410 2436/2436
f 2436/2436 2410/2410 2447/2447
f 2447/2447 2407/2407 2424/2424
f 2424/2424 2404/2404 2402/2402
f 2404/2404 2403/2403 2402/2402
f 2422/2422 2577/2577 2565/2565
f 300/300 304/304 280/280
f 280/280 304/304 279/279
f 279/279 293/293 278/278
f 289/289 292/292 273/273
f 273/273 292/292 291/291
f 291/291 292/292 309/309
f 291/291 309/309 290/290
f 309/309 310/310 290/290
f 290/290 310/310 284/284
f 284/284 306/306 285/285
f 285/285 306/306 283/283
f 294/294 307/307 308/308
f 287/287 297/297 298/298
f 286/286 298/298 288/288
f 288/288 298/298 303/303
f 288/288 303/303 302/302
f 302/302 305/305 275/275
f 313/313 435/435 318/318
f 2413/2413 2432/2432 2411/2411
f 2411/2411 2410/2410 2412/2412
f 2413/2413 2411/2411 2412/2412
f 2412/2412 2410/2410 2435/2435
f 2468/2468 2436/2436 2447/2447
f 2401/2401 2403/2403 2422/2422
f 2422/2422 2565/2565 2421/2421
f 2565/2565 2630/2630 2636/2636
f 281/281 300/300 280/280
f 278/278 289/289 268/268
f 283/283 294/294 259/259
f 259/259 294/294 270/270
f 299/299 296/296 272/272
f 272/272 296/296 297/297
f 271/271 287/287 286/286
f 275/275 313/313 282/282
f 282/282 313/313 318/318
f 2603/2603 2625/2625 2564/2564
f 2431/2431 2432/2432 2413/2413
f 1717/1717 1722/1722 1715/1715
f 2468/2468 2447/2447 2459/2459
f 2459/2459 2447/2447 2424/2424
f 2424/2424 2402/2402 2425/2425
f 2402/2402 2403/2403 2401/2401
f 2401/2401 2422/2422 2421/2421
f 255/255 290/290 257/257
f 257/257 290/290 258/258
f 290/290 284/284 258/258
f 271/271 286/286 254/254
f 270/270 294/294 295/295
f 269/269 295/295 267/267
f 295/295 299/299 267/267
f 267/267 299/299 272/272
f 272/272 297/297 287/287
f 2448/2448 2564/2564 2431/2431
f 2413/2413 2412/2412 2415/2415
f 2415/2415 2412/2412 2454/2454
f 2454/2454 2412/2412 2435/2435
f 2459/2459 2424/2424 2425/2425
f 2421/2421 2565/2565 2423/2423
f 2423/2423 2565/2565 2571/2571
f 2565/2565 2636/2636 2571/2571
f 699/699 705/705 696/696
f 280/280 279/279 260/260
f 260/260 279/279 261/261
f 279/279 278/278 261/261
f 268/268 289/289 273/273
f 273/273 291/291 255/255
f 258/258 284/284 262/262
f 284/284 285/285 262/262
f 262/262 285/285 283/283
f 263/263 283/283 259/259
f 270/270 295/295 269/269
f 271/271 272/272 287/287
f 282/282 318/318 317/317
f 317/317 318/318 430/430
f 2603/2603 2564/2564 2563/2563
f 2563/2563 2564/2564 2448/2448
f 2417/2417 2431/2431 2413/2413
f 2822/2822 2805/2805 2793/2793
f 2482/2482 2459/2459 2425/2425
f 2400/2400 2425/2425 2402/2402
f 2400/2400 2402/2402 2401/2401
f 2401/2401 2421/2421 2397/2397
f 2397/2397 2421/2421 2423/2423
f 2571/2571 2636/2636 2635/2635
f 713/713 714/714 711/711
f 261/261 278/278 239/239
f 278/278 268/268 239/239
f 239/239 268/268 241/241
f 268/268 273/273 256/256
f 241/241 268/268 256/256
f 256/256 273/273 255/255
f 262/262 283/283 263/263
f 259/259 270/270 244/244
f 270/270 269/269 244/244
f 244/244 269/269 233/233
f 233/233 269/269 267/267
f 267/267 272/272 251/251
f 251/251 272/272 238/238
f 238/238 272/272 271/271
f 238/238 271/271 254/254
f 253/253 274/274 243/243
f 274/274 275/275 247/247
f 243/243 274/274 247/247
f 275/275 282/282 247/247
f 2417/2417 2448/2448 2431/2431
f 2413/2413 2415/2415 2416/2416
f 1737/1737 1735/1735 1733/1733
f 2436/2436 2468/2468 2544/2544
f 2560/2560 2436/2436 2544/2544
f 2544/2544 2468/2468 2543/2543
f 2543/2543 2468/2468 2459/2459
f 2543/2543 2459/2459 2542/2542
f 2542/2542 2459/2459 2482/2482
f 2443/2443 2425/2425 2400/2400
f 2400/2400 2401/2401 2397/2397
f 249/249 260/260 248/248
f 248/248 260/260 261/261
f 241/241 256/256 240/240
f 256/256 255/255 240/240
f 240/240 255/255 231/231
f 231/231 255/255 257/257
f 231/231 257/257 245/245
f 257/257 258/258 245/245
f 258/258 262/262 245/245
f 245/245 262/262 246/246
f 246/246 262/262 263/263
f 246/246 263/263 259/259
f 246/246 259/259 235/235
f 235/235 259/259 244/244
f 233/233 251/251 232/232
f 251/251 238/238 232/232
f 238/238 254/254 237/237
f 237/237 254/254 230/230
f 230/230 254/254 253/253
f 230/230 253/253 243/243
f 281/281 249/249 335/335
f 250/250 247/247 282/282
f 317/317 430/430 367/367
f 2449/2449 2563/2563 2448/2448
f 2417/2417 2413/2413 2416/2416
f 1742/1742 1736/1736 1737/1737
f 2416/2416 2415/2415 2462/2462
f 2462/2462 2415/2415 2454/2454
f 2548/2548 2454/2454 2435/2435
f 2435/2435 2436/2436 2560/2560
f 2482/2482 2425/2425 2443/2443
f 2423/2423 2571/2571 2398/2398
f 226/226 240/240 231/231
f 248/248 261/261 239/239
f 2602/2602 2603/2603 2563/2563
f 2449/2449 2448/2448 2417/2417
f 1742/1742 1737/1737 1744/1744
f 2462/2462 2454/2454 2548/2548
f 2548/2548 2435/2435 2560/2560
f 2542/2542 2482/2482 2541/2541
f 2840/2840 2793/2793 2791/2791
f 2443/2443 2400/2400 2399/2399
f 2399/2399 2400/2400 2397/2397
f 2397/2397 2423/2423 2398/2398
f 2398/2398 2571/2571 2582/2582
f 2582/2582 2571/2571 2635/2635
f 249/249 248/248 236/236
f 236/236 248/248 234/234
f 248/248 239/239 234/234
f 234/234 239/239 212/212
f 212/212 239/239 228/228
f 239/239 241/241 228/228
f 228/228 241/241 229/229
f 229/229 240/240 226/226
f 218/218 231/231 224/224
f 224/224 231/231 245/245
f 245/245 246/246 225/225
f 225/225 246/246 235/235
f 235/235 244/244 210/210
f 210/210 244/244 233/233
f 210/210 233/233 221/221
f 221/221 233/233 222/222
f 233/233 232/232 222/222
f 222/222 232/232 214/214
f 232/232 238/238 227/227
f 227/227 238/238 237/237
f 243/243 247/247 217/217
f 217/217 247/247 250/250
f 217/217 250/250 242/242
f 242/242 250/250 301/301
f 250/250 317/317 301/301
f 301/301 317/317 367/367
f 2420/2420 2563/2563 2449/2449
f 1759/1759 1741/1741 1746/1746
f 1762/1762 1741/1741 1759/1759
f 1748/1748 1743/1743 1745/1745
f 2416/2416 2462/2462 2463/2463
f 2888/2888 2889/2889 2890/2890
f 2541/2541 2482/2482 2443/2443
f 2485/2485 2443/2443 2479/2479
f 2479/2479 2443/2443 2442/2442
f 2442/2442 2443/2443 2399/2399
f 2582/2582 2635/2635 2615/2615
f 224/224 245/245 225/225
f 225/225 235/235 209/209
f 214/214 232/232 215/215
f 215/215 232/232 227/227
f 230/230 243/243 217/217
f 301/301 367/367 373/373
f 2420/2420 2449/2449 2417/2417
f 2420/2420 2417/2417 2418/2418
f 2418/2418 2417/2417 2416/2416
f 1747/1747 1744/1744 1749/1749
f 1749/1749 1744/1744 1748/1748
f 1750/1750 1745/1745 1751/1751
f 2534/2534 2560/2560 2544/2544
f 2528/2528 2544/2544 2543/2543
f 2397/2397 2398/2398 2395/2395
f 199/199 236/236 211/211
f 211/211 236/236 234/234
f 211/211 234/234 212/212
f 212/212 228/228 204/204
f 204/204 228/228 207/207
f 207/207 228/228 229/229
f 207/207 229/229 226/226
f 207/207 226/226 208/208
f 208/208 226/226 206/206
f 218/218 224/224 201/201
f 201/201 224/224 202/202
f 202/202 224/224 225/225
f 225/225 209/209 202/202
f 222/222 214/214 213/213
f 215/215 227/227 203/203
f 203/203 227/227 216/216
f 216/216 230/230 217/217
f 223/223 242/242 301/301
f 2608/2608 2602/2602 2561/2561
f 2561/2561 2602/2602 2563/2563
f 2561/2561 2563/2563 2420/2420
f 2419/2419 2418/2418 2416/2416
f 1749/1749 1748/1748 1753/1753
f 2559/2559 2463/2463 2462/2462
f 2136/2136 2127/2127 2130/2130
f 2534/2534 2548/2548 2560/2560
f 2534/2534 2544/2544 2528/2528
f 2541/2541 2443/2443 2485/2485
f 2399/2399 2397/2397 2396/2396
f 2398/2398 2582/2582 2465/2465
f 236/236 199/199 220/220
f 210/210 221/221 194/194
f 194/194 221/221 193/193
f 221/221 222/222 193/193
f 193/193 222/222 213/213
f 217/217 242/242 223/223
f 1752/1752 1746/1746 1747/1747
f 1752/1752 1747/1747 1755/1755
f 1755/1755 1747/1747 1749/1749
f 1755/1755 1749/1749 1753/1753
f 1753/1753 1748/1748 1754/1754
f 1748/1748 1750/1750 1754/1754
f 1754/1754 1750/1750 1751/1751
f 2419/2419 2416/2416 2463/2463
f 2559/2559 2462/2462 2548/2548
f 2528/2528 2543/2543 2529/2529
f 2529/2529 2543/2543 2542/2542
f 2442/2442 2399/2399 2438/2438
f 2438/2438 2399/2399 2396/2396
f 2396/2396 2397/2397 2395/2395
f 2395/2395 2398/2398 2465/2465
f 2465/2465 2582/2582 2615/2615
f 190/190 199/199 211/211
f 190/190 211/211 196/196
f 196/196 211/211 212/212
f 196/196 212/212 204/204
f 204/204 207/207 179/179
f 179/179 207/207 182/182
f 207/207 208/208 182/182
f 182/182 208/208 175/175
f 175/175 208/208 206/206
f 175/175 206/206 189/189
f 206/206 218/218 189/189
f 218/218 201/201 189/189
f 189/189 201/201 188/188
f 188/188 201/201 176/176
f 176/176 201/201 202/202
f 176/176 202/202 187/187
f 187/187 202/202 209/209
f 209/209 210/210 187/187
f 187/187 210/210 194/194
f 213/213 214/214 191/191
f 214/214 215/215 192/192
f 191/191 214/214 192/192
f 192/192 215/215 203/203
f 203/203 216/216 185/185
f 185/185 216/216 181/181
f 216/216 217/217 181/181
f 181/181 217/217 200/200
f 200/200 217/217 223/223
f 2136/2136 2143/2143 2142/2142
f 2143/2143 2130/2130 2144/2144
f 2548/2548 2534/2534 2517/2517
f 2074/2074 2076/2076 2077/2077
f 2529/2529 2542/2542 2541/2541
f 2485/2485 2479/2479 2478/2478
f 2478/2478 2479/2479 2442/2442
f 2478/2478 2442/2442 2438/2438
f 196/196 204/204 177/177
f 204/204 179/179 177/177
f 189/189 188/188 174/174
f 183/183 194/194 193/193
f 193/193 213/213 191/191
f 192/192 203/203 171/171
f 203/203 185/185 171/171
f 195/195 200/200 223/223
f 2608/2608 2561/2561 2484/2484
f 2484/2484 2561/2561 2389/2389
f 2389/2389 2561/2561 2420/2420
f 2389/2389 2420/2420 2367/2367
f 1752/1752 1755/1755 1757/1757
f 1758/1758 1752/1752 1757/1757
f 1757/1757 1755/1755 1756/1756
f 1756/1756 1755/1755 1753/1753
f 1760/1760 1754/1754 1751/1751
f 2315/2315 2327/2327 2326/2326
f 2328/2328 2330/2330 2327/2327
f 2559/2559 2548/2548 2532/2532
f 2532/2532 2548/2548 2517/2517
f 2515/2515 2529/2529 2541/2541
f 2526/2526 2541/2541 2485/2485
f 2535/2535 2485/2485 2478/2478
f 2395/2395 2465/2465 2393/2393
f 707/707 709/709 668/668
f 186/186 199/199 184/184
f 184/184 199/199 190/190
f 178/178 190/190 196/196
f 178/178 196/196 177/177
f 179/179 182/182 165/165
f 165/165 182/182 175/175
f 174/174 188/188 176/176
f 187/187 194/194 166/166
f 166/166 194/194 183/183
f 183/183 193/193 169/169
f 169/169 193/193 191/191
f 172/172 191/191 192/192
f 170/170 192/192 171/171
f 173/173 185/185 181/181
f 180/180 181/181 200/200
f 180/180 200/200 195/195
f 195/195 223/223 264/264
f 264/264 301/301 342/342
f 301/301 373/373 342/342
f 2593/2593 2608/2608 2484/2484
f 2367/2367 2420/2420 2418/2418
f 2367/2367 2418/2418 2419/2419
f 1786/1786 1768/1768 1758/1758
f 1756/1756 1753/1753 1754/1754
f 1756/1756 1754/1754 1760/1760
f 2472/2472 2419/2419 2463/2463
f 2558/2558 2463/2463 2559/2559
f 2308/2308 2315/2315 2318/2318
f 2314/2314 2328/2328 2310/2310
f 2310/2310 2327/2327 2315/2315
f 2558/2558 2559/2559 2532/2532
f 2070/2070 2065/2065 2068/2068
f 2068/2068 2065/2065 2067/2067
f 2517/2517 2534/2534 2528/2528
f 2528/2528 2529/2529 2515/2515
f 2511/2511 2528/2528 2515/2515
f 2515/2515 2541/2541 2526/2526
f 2526/2526 2485/2485 2535/2535
f 2396/2396 2395/2395 2394/2394
f 2394/2394 2395/2395 2393/2393
f 2465/2465 2615/2615 2575/2575
f 2575/2575 2615/2615 2616/2616
f 184/184 190/190 178/178
f 177/177 179/179 164/164
f 164/164 179/179 165/165
f 176/176 187/187 167/167
f 167/167 187/187 166/166
f 172/172 169/169 191/191
f 172/172 192/192 170/170
f 171/171 185/185 173/173
f 195/195 264/264 219/219
f 1758/1758 1757/1757 1765/1765
f 1765/1765 1757/1757 1763/1763
f 1757/1757 1756/1756 1763/1763
f 1763/1763 1756/1756 1764/1764
f 1764/1764 1756/1756 1760/1760
f 2430/2430 2419/2419 2472/2472
f 2305/2305 2310/2310 2315/2315
f 2305/2305 2315/2315 2308/2308
f 2273/2273 2277/2277 2276/2276
f 2517/2517 2528/2528 2511/2511
f 2478/2478 2438/2438 2464/2464
f 2393/2393 2465/2465 2575/2575
f 668/668 572/572 640/640
f 165/165 175/175 159/159
f 159/159 175/175 174/174
f 174/174 176/176 146/146
f 162/162 176/176 167/167
f 166/166 183/183 150/150
f 150/150 183/183 169/169
f 172/172 170/170 161/161
f 156/156 170/170 171/171
f 154/154 171/171 173/173
f 173/173 181/181 153/153
f 153/153 181/181 180/180
f 152/152 180/180 195/195
f 1786/1786 1758/1758 1782/1782
f 1764/1764 1760/1760 1769/1769
f 1769/1769 1760/1760 1770/1770
f 2472/2472 2463/2463 2558/2558
f 2309/2309 2314/2314 2303/2303
f 2303/2303 2314/2314 2310/2310
f 2303/2303 2310/2310 2305/2305
f 2275/2275 2273/2273 2270/2270
f 2272/2272 2273/2273 2268/2268
f 2532/2532 2517/2517 2518/2518
f 2515/2515 2526/2526 2510/2510
f 2535/2535 2478/2478 2545/2545
f 2438/2438 2396/2396 2437/2437
f 640/640 572/572 531/531
f 186/186 184/184 149/149
f 149/149 184/184 163/163
f 163/163 184/184 178/178
f 163/163 178/178 158/158
f 178/178 177/177 158/158
f 158/158 177/177 157/157
f 157/157 177/177 164/164
f 164/164 165/165 148/148
f 144/144 165/165 159/159
f 159/159 174/174 146/146
f 162/162 167/167 142/142
f 142/142 167/167 166/166
f 161/161 170/170 156/156
f 156/156 171/171 155/155
f 155/155 171/171 154/154
f 154/154 173/173 153/153
f 153/153 180/180 152/152
f 152/152 195/195 168/168
f 168/168 195/195 219/219
f 2484/2484 2389/2389 2366/2366
f 2366/2366 2389/2389 2367/2367
f 2367/2367 2419/2419 2430/2430
f 1782/1782 1765/1765 1773/1773
f 1773/1773 1765/1765 1763/1763
f 1773/1773 1763/1763 1772/1772
f 1772/1772 1763/1763 1764/1764
f 1772/1772 1764/1764 1769/1769
f 2303/2303 2305/2305 2302/2302
f 2302/2302 2308/2308 2301/2301
f 2301/2301 2308/2308 2306/2306
f 2304/2304 2309/2309 2303/2303
f 2271/2271 2275/2275 2270/2270
f 2531/2531 2558/2558 2532/2532
f 2332/2332 2275/2275 2329/2329
f 2501/2501 2511/2511 2515/2515
f 2464/2464 2438/2438 2437/2437
f 148/148 165/165 144/144
f 146/146 162/162 147/147
f 147/147 162/162 142/142
f 143/143 142/142 166/166
f 143/143 166/166 150/150
f 150/150 169/169 151/151
f 169/169 172/172 151/151
f 151/151 172/172 161/161
f 219/219 264/264 252/252
f 252/252 264/264 342/342
f 2583/2583 2593/2593 2484/2484
f 2366/2366 2367/2367 2365/2365
f 1776/1776 1773/1773 1772/1772
f 1774/1774 1772/1772 1769/1769
f 2304/2304 2303/2303 2298/2298
f 2298/2298 2303/2303 2302/2302
f 2269/2269 2271/2271 2266/2266
f 2266/2266 2271/2271 2270/2270
f 2266/2266 2270/2270 2267/2267
f 2270/2270 2272/2272 2267/2267
f 2267/2267 2272/2272 2268/2268
f 2531/2531 2532/2532 2518/2518
f 2518/2518 2517/2517 2506/2506
f 2506/2506 2517/2517 2511/2511
f 2510/2510 2526/2526 2535/2535
f 2524/2524 2535/2535 2545/2545
f 2545/2545 2478/2478 2464/2464
f 2437/2437 2396/2396 2394/2394
f 2394/2394 2393/2393 2382/2382
f 2393/2393 2575/2575 2383/2383
f 707/707 668/668 640/640
f 531/531 572/572 499/499
f 149/149 163/163 158/158
f 140/140 157/157 164/164
f 140/140 164/164 148/148
f 144/144 159/159 145/145
f 145/145 159/159 146/146
f 151/151 161/161 141/141
f 141/141 161/161 156/156
f 2594/2594 2593/2593 2583/2583
f 2583/2583 2484/2484 2444/2444
f 2444/2444 2484/2484 2366/2366
f 2365/2365 2367/2367 2430/2430
f 1782/1782 1773/1773 1776/1776
f 1787/1787 1782/1782 1776/1776
f 1776/1776 1772/1772 1777/1777
f 1777/1777 1772/1772 1778/1778
f 1772/1772 1774/1774 1778/1778
f 1774/1774 1769/1769 1775/1775
f 1775/1775 1769/1769 1770/1770
f 2472/2472 2558/2558 2537/2537
f 2298/2298 2302/2302 2296/2296
f 2296/2296 2302/2302 2301/2301
f 2537/2537 2558/2558 2533/2533
f 2533/2533 2558/2558 2531/2531
f 2266/2266 2267/2267 2264/2264
f 2264/2264 2267/2267 2265/2265
f 2265/2265 2267/2267 2268/2268
f 2514/2514 2531/2531 2518/2518
f 2506/2506 2511/2511 2501/2501
f 2501/2501 2515/2515 2510/2510
f 2510/2510 2535/2535 2524/2524
f 2575/2575 2616/2616 2595/2595
f 149/149 158/158 136/136
f 136/136 158/158 137/137
f 137/137 158/158 157/157
f 137/137 157/157 140/140
f 119/119 148/148 144/144
f 145/145 146/146 126/126
f 147/147 142/142 125/125
f 142/142 143/143 124/124
f 124/124 143/143 122/122
f 122/122 143/143 150/150
f 150/150 151/151 130/130
f 130/130 151/151 141/141
f 131/131 155/155 154/154
f 2366/2366 2365/2365 2363/2363
f 2365/2365 2430/2430 2440/2440
f 1778/1778 1774/1774 1775/1775
f 864/864 798/798 730/730
f 2481/2481 2430/2430 2472/2472
f 2296/2296 2301/2301 2295/2295
f 2301/2301 2306/2306 2295/2295
f 2269/2269 2266/2266 2263/2263
f 2263/2263 2266/2266 2264/2264
f 2265/2265 2268/2268 2261/2261
f 2502/2502 2506/2506 2501/2501
f 2501/2501 2510/2510 2503/2503
f 2383/2383 2575/2575 2473/2473
f 2473/2473 2575/2575 2595/2595
f 702/702 640/640 698/698
f 135/135 149/149 134/134
f 134/134 149/149 136/136
f 186/186 149/149 135/135
f 119/119 140/140 148/148
f 119/119 144/144 120/120
f 144/144 145/145 118/118
f 145/145 126/126 118/118
f 126/126 146/146 121/121
f 121/121 146/146 147/147
f 121/121 147/147 125/125
f 125/125 142/142 124/124
f 122/122 150/150 123/123
f 123/123 150/150 130/130
f 141/141 156/156 127/127
f 127/127 156/156 128/128
f 156/156 155/155 128/128
f 128/128 155/155 131/131
f 131/131 154/154 133/133
f 138/138 154/154 153/153
f 153/153 152/152 138/138
f 138/138 152/152 139/139
f 152/152 168/168 139/139
f 139/139 168/168 160/160
f 160/160 168/168 198/198
f 198/198 168/168 219/219
f 219/219 252/252 198/198
f 2444/2444 2366/2366 2363/2363
f 1787/1787 1776/1776 1783/1783
f 1783/1783 1776/1776 1781/1781
f 1776/1776 1777/1777 1781/1781
f 1778/1778 1775/1775 1784/1784
f 2481/2481 2472/2472 2537/2537
f 2291/2291 2296/2296 2295/2295
f 2287/2287 2298/2298 2289/2289
f 2289/2289 2298/2298 2291/2291
f 2259/2259 2263/2263 2264/2264
f 2259/2259 2264/2264 2260/2260
f 2260/2260 2264/2264 2265/2265
f 2260/2260 2265/2265 2261/2261
f 2533/2533 2531/2531 2514/2514
f 2514/2514 2518/2518 2506/2506
f 2464/2464 2437/2437 2426/2426
f 2426/2426 2437/2437 2394/2394
f 2382/2382 2393/2393 2383/2383
f 2473/2473 2595/2595 2626/2626
f 590/590 531/531 530/530
f 137/137 140/140 132/132
f 132/132 140/140 119/119
f 120/120 144/144 118/118
f 130/130 141/141 129/129
f 129/129 141/141 127/127
f 198/198 252/252 312/312
f 312/312 252/252 371/371
f 2597/2597 2594/2594 2583/2583
f 1784/1784 1775/1775 1785/1785
f 729/729 864/864 730/730
f 2255/2255 2263/2263 2259/2259
f 2260/2260 2261/2261 2258/2258
f 2505/2505 2506/2506 2502/2502
f 2497/2497 2501/2501 2503/2503
f 2524/2524 2545/2545 2540/2540
f 2540/2540 2545/2545 2464/2464
f 2540/2540 2464/2464 2466/2466
f 2466/2466 2464/2464 2426/2426
f 93/93 136/136 137/137
f 2363/2363 2365/2365 2364/2364
f 1781/1781 1778/1778 1784/1784
f 2440/2440 2430/2430 2481/2481
f 2255/2255 2259/2259 2257/2257
f 2259/2259 2260/2260 2257/2257
f 2257/2257 2260/2260 2258/2258
f 2505/2505 2514/2514 2506/2506
f 2496/2496 2503/2503 2509/2509
f 2509/2509 2503/2503 2510/2510
f 2510/2510 2524/2524 2509/2509
f 91/91 135/135 134/134
f 92/92 134/134 136/136
f 92/92 136/136 93/93
f 93/93 137/137 94/94
f 119/119 120/120 98/98
f 100/100 118/118 126/126
f 100/100 126/126 101/101
f 101/101 126/126 121/121
f 124/124 122/122 104/104
f 104/104 122/122 105/105
f 105/105 122/122 123/123
f 105/105 123/123 106/106
f 106/106 123/123 130/130
f 130/130 129/129 107/107
f 110/110 138/138 109/109
f 109/109 138/138 111/111
f 111/111 138/138 139/139
f 139/139 160/160 114/114
f 114/114 160/160 198/198
f 2444/2444 2363/2363 2362/2362
f 1790/1790 1783/1783 1781/1781
f 1789/1789 1781/1781 1788/1788
f 1788/1788 1781/1781 1784/1784
f 2862/2862 2857/2857 2887/2887
f 1791/1791 1784/1784 1785/1785
f 2289/2289 2291/2291 2290/2290
f 2290/2290 2291/2291 2292/2292
f 2292/2292 2291/2291 2293/2293
f 2536/2536 2537/2537 2533/2533
f 2274/2274 2263/2263 2262/2262
f 2262/2262 2263/2263 2255/2255
f 2256/2256 2255/2255 2257/2257
f 2502/2502 2501/2501 2499/2499
f 2499/2499 2501/2501 2497/2497
f 2773/2773 2828/2828 2785/2785
f 2426/2426 2394/2394 2382/2382
f 91/91 134/134 92/92
f 94/94 137/137 132/132
f 132/132 119/119 95/95
f 95/95 119/119 97/97
f 98/98 120/120 118/118
f 98/98 118/118 99/99
f 99/99 118/118 100/100
f 101/101 121/121 102/102
f 121/121 125/125 102/102
f 102/102 125/125 103/103
f 125/125 124/124 104/104
f 103/103 125/125 104/104
f 106/106 130/130 107/107
f 107/107 129/129 127/127
f 127/127 128/128 96/96
f 128/128 131/131 112/112
f 96/96 128/128 112/112
f 133/133 138/138 110/110
f 114/114 198/198 197/197
f 197/197 198/198 312/312
f 1788/1788 1784/1784 1791/1791
f 2364/2364 2365/2365 2440/2440
f 2288/2288 2289/2289 2290/2290
f 2256/2256 2257/2257 2246/2246
f 2246/2246 2257/2257 2258/2258
f 2246/2246 2258/2258 2254/2254
f 2320/2320 2274/2274 2262/2262
f 2536/2536 2533/2533 2513/2513
f 2513/2513 2533/2533 2514/2514
f 2505/2505 2502/2502 2499/2499
f 2497/2497 2503/2503 2496/2496
f 2509/2509 2524/2524 2520/2520
f 2524/2524 2540/2540 2520/2520
f 2379/2379 2383/2383 2473/2473
f 2473/2473 2626/2626 2604/2604
f 704/704 698/698 591/591
f 94/94 132/132 95/95
f 97/97 119/119 98/98
f 107/107 127/127 108/108
f 108/108 127/127 96/96
f 112/112 131/131 110/110
f 131/131 133/133 110/110
f 111/111 139/139 114/114
f 2597/2597 2583/2583 2569/2569
f 2569/2569 2583/2583 2444/2444
f 1792/1792 1783/1783 1790/1790
f 1790/1790 1781/1781 1789/1789
f 2440/2440 2481/2481 2536/2536
f 2292/2292 2293/2293 2294/2294
f 2294/2294 2293/2293 2295/2295
f 2254/2254 2287/2287 2288/2288
f 2248/2248 2256/2256 2246/2246
f 2262/2262 2255/2255 2251/2251
f 2251/2251 2255/2255 2248/2248
f 2255/2255 2256/2256 2248/2248
f 2513/2513 2514/2514 2505/2505
f 2496/2496 2509/2509 2495/2495
f 2495/2495 2509/2509 2520/2520
f 2520/2520 2540/2540 2546/2546
f 2773/2773 2785/2785 2780/2780
f 2546/2546 2540/2540 2466/2466
f 2546/2546 2466/2466 2455/2455
f 2455/2455 2466/2466 2426/2426
f 2379/2379 2473/2473 2474/2474
f 2474/2474 2473/2473 2604/2604
f 1862/1862 1863/1863 1861/1861
f 2248/2248 2246/2246 2245/2245
f 2513/2513 2505/2505 2504/2504
f 2504/2504 2505/2505 2499/2499
f 85/85 98/98 99/99
f 99/99 100/100 86/86
f 81/81 101/101 102/102
f 108/108 96/96 76/76
f 112/112 110/110 73/73
f 73/73 110/110 109/109
f 197/197 312/312 341/341
f 2597/2597 2569/2569 2581/2581
f 2609/2609 2597/2597 2581/2581
f 1860/1860 1864/1864 1837/1837
f 1837/1837 1864/1864 1867/1867
f 1867/1867 1864/1864 1868/1868
f 2386/2386 2364/2364 2440/2440
f 2471/2471 2440/2440 2536/2536
f 2471/2471 2536/2536 2538/2538
f 2290/2290 2292/2292 2299/2299
f 2382/2382 2383/2383 2379/2379
f 2474/2474 2604/2604 2599/2599
f 706/706 704/704 591/591
f 90/90 91/91 71/71
f 72/72 92/92 93/93
f 93/93 94/94 70/70
f 94/94 95/95 69/69
f 69/69 95/95 68/68
f 95/95 97/97 88/88
f 88/88 97/97 98/98
f 89/89 98/98 85/85
f 85/85 99/99 86/86
f 86/86 100/100 101/101
f 86/86 101/101 81/81
f 102/102 103/103 80/80
f 84/84 103/103 104/104
f 84/84 104/104 83/83
f 104/104 105/105 82/82
f 105/105 106/106 82/82
f 76/76 96/96 77/77
f 96/96 112/112 77/77
f 74/74 109/109 111/111
f 111/111 114/114 113/113
f 113/113 114/114 197/197
f 205/205 197/197 341/341
f 2569/2569 2444/2444 2361/2361
f 2361/2361 2444/2444 2362/2362
f 2362/2362 2363/2363 2360/2360
f 2363/2363 2364/2364 2360/2360
f 1833/1833 1862/1862 1861/1861
f 2880/2880 2862/2862 2887/2887
f 1865/1865 1870/1870 1866/1866
f 2386/2386 2440/2440 2471/2471
f 2821/2821 2823/2823 2855/2855
f 2292/2292 2294/2294 2297/2297
f 2300/2300 2288/2288 2290/2290
f 2300/2300 2290/2290 2299/2299
f 2538/2538 2536/2536 2530/2530
f 2245/2245 2246/2246 2247/2247
f 2246/2246 2254/2254 2253/2253
f 2285/2285 2320/2320 2262/2262
f 2262/2262 2251/2251 2252/2252
f 2251/2251 2248/2248 2249/2249
f 2249/2249 2248/2248 2245/2245
f 2530/2530 2536/2536 2513/2513
f 2530/2530 2513/2513 2516/2516
f 2516/2516 2513/2513 2504/2504
f 2504/2504 2499/2499 2500/2500
f 2499/2499 2497/2497 2498/2498
f 2495/2495 2520/2520 2523/2523
f 2520/2520 2546/2546 2547/2547
f 2523/2523 2520/2520 2547/2547
f 2547/2547 2546/2546 2455/2455
f 2426/2426 2382/2382 2381/2381
f 706/706 591/591 592/592
f 71/71 91/91 92/92
f 71/71 92/92 72/72
f 70/70 94/94 69/69
f 68/68 95/95 88/88
f 88/88 98/98 89/89
f 81/81 102/102 80/80
f 80/80 103/103 84/84
f 83/83 104/104 82/82
f 79/79 106/106 107/107
f 79/79 107/107 78/78
f 78/78 107/107 108/108
f 78/78 108/108 76/76
f 77/77 112/112 73/73
f 73/73 109/109 74/74
f 74/74 111/111 75/75
f 113/113 197/197 205/205
f 2581/2581 2569/2569 2361/2361
f 2360/2360 2364/2364 2386/2386
f 1863/1863 1862/1862 1836/1836
f 1866/1866 1863/1863 1836/1836
f 1836/1836 1862/1862 1833/1833
f 1861/1861 1860/1860 1833/1833
f 1833/1833 1860/1860 1835/1835
f 1860/1860 1837/1837 1835/1835
f 1837/1837 1867/1867 1869/1869
f 2299/2299 2292/2292 2297/2297
f 2297/2297 2294/2294 2325/2325
f 2307/2307 2288/2288 2300/2300
f 2247/2247 2246/2246 2253/2253
f 2252/2252 2251/2251 2249/2249
f 2249/2249 2245/2245 2250/2250
f 2250/2250 2245/2245 2247/2247
f 2500/2500 2499/2499 2498/2498
f 2494/2494 2497/2497 2496/2496
f 2494/2494 2496/2496 2495/2495
f 2547/2547 2455/2455 2445/2445
f 2455/2455 2426/2426 2381/2381
f 2381/2381 2382/2382 2379/2379
f 2379/2379 2474/2474 2475/2475
f 72/72 93/93 70/70
f 82/82 106/106 79/79
f 75/75 111/111 113/113
f 2498/2498 2497/2497 2494/2494
f 2494/2494 2495/2495 2493/2493
f 2493/2493 2495/2495 2523/2523
f 2475/2475 2474/2474 2599/2599
f 88/88 89/89 87/87
f 86/86 81/81 60/60
f 1865/1865 1866/1866 1836/1836
f 1834/1834 1835/1835 1837/1837
f 2832/2832 2821/2821 2855/2855
f 2470/2470 2471/2471 2538/2538
f 2539/2539 2538/2538 2530/2530
f 2278/2278 2252/2252 2249/2249
f 2281/2281 2247/2247 2253/2253
f 2516/2516 2504/2504 2512/2512
f 2512/2512 2504/2504 2500/2500
f 2493/2493 2523/2523 2490/2490
f 2490/2490 2523/2523 2547/2547
f 2378/2378 2379/2379 2475/2475
f 90/90 71/71 51/51
f 71/71 72/72 55/55
f 72/72 70/70 55/55
f 70/70 69/69 52/52
f 68/68 88/88 58/58
f 57/57 68/68 58/58
f 58/58 88/88 87/87
f 87/87 89/89 85/85
f 60/60 85/85 86/86
f 60/60 81/81 61/61
f 61/61 81/81 80/80
f 80/80 84/84 63/63
f 63/63 84/84 64/64
f 84/84 83/83 64/64
f 62/62 83/83 82/82
f 67/67 82/82 79/79
f 65/65 78/78 76/76
f 76/76 77/77 49/49
f 65/65 76/76 49/49
f 77/77 73/73 49/49
f 49/49 73/73 47/47
f 47/47 73/73 74/74
f 117/117 113/113 205/205
f 205/205 341/341 265/265
f 2361/2361 2362/2362 2360/2360
f 2360/2360 2386/2386 2359/2359
f 1834/1834 1833/1833 1835/1835
f 2386/2386 2471/2471 2387/2387
f 2387/2387 2471/2471 2470/2470
f 2300/2300 2299/2299 2311/2311
f 2299/2299 2297/2297 2311/2311
f 2249/2249 2250/2250 2278/2278
f 2278/2278 2250/2250 2279/2279
f 2250/2250 2247/2247 2279/2279
f 2279/2279 2247/2247 2281/2281
f 2281/2281 2253/2253 2282/2282
f 2286/2286 2252/2252 2278/2278
f 2527/2527 2530/2530 2516/2516
f 2527/2527 2516/2516 2512/2512
f 2512/2512 2500/2500 2507/2507
f 2507/2507 2500/2500 2498/2498
f 2010/2010 2029/2029 2020/2020
f 2445/2445 2455/2455 2381/2381
f 2376/2376 2381/2381 2379/2379
f 2475/2475 2599/2599 2591/2591
f 706/706 592/592 627/627
f 532/532 548/548 592/592
f 457/457 541/541 456/456
f 475/475 539/539 451/451
f 51/51 71/71 55/55
f 50/50 90/90 51/51
f 55/55 70/70 54/54
f 54/54 70/70 52/52
f 52/52 69/69 56/56
f 69/69 68/68 56/56
f 56/56 68/68 57/57
f 87/87 85/85 59/59
f 59/59 85/85 60/60
f 80/80 63/63 61/61
f 64/64 83/83 62/62
f 62/62 82/82 67/67
f 67/67 79/79 66/66
f 79/79 78/78 66/66
f 66/66 78/78 65/65
f 47/47 74/74 48/48
f 48/48 74/74 53/53
f 53/53 74/74 75/75
f 75/75 113/113 53/53
f 53/53 113/113 117/117
f 117/117 205/205 265/265
f 265/265 341/341 398/398
f 2592/2592 2609/2609 2581/2581
f 1831/1831 1865/1865 1836/1836
f 1831/1831 1836/1836 1827/1827
f 1827/1827 1836/1836 1833/1833
f 1827/1827 1833/1833 1830/1830
f 1830/1830 1833/1833 1828/1828
f 1833/1833 1834/1834 1828/1828
f 1828/1828 1834/1834 1829/1829
f 1829/1829 1834/1834 1837/1837
f 1829/1829 1837/1837 1869/1869
f 2359/2359 2386/2386 2387/2387
f 1839/1839 1865/1865 1831/1831
f 2470/2470 2538/2538 2539/2539
f 2300/2300 2311/2311 2312/2312
f 2311/2311 2297/2297 2317/2317
f 2317/2317 2297/2297 2325/2325
f 2313/2313 2300/2300 2312/2312
f 2316/2316 2307/2307 2313/2313
f 2283/2283 2286/2286 2278/2278
f 2283/2283 2278/2278 2280/2280
f 2278/2278 2279/2279 2280/2280
f 1693/1693 1688/1688 1711/1711
f 2507/2507 2498/2498 2508/2508
f 2508/2508 2498/2498 2494/2494
f 2492/2492 2494/2494 2493/2493
f 1891/1891 1890/1890 1886/1886
f 1886/1886 1879/1879 1885/1885
f 1879/1879 1884/1884 1885/1885
f 1884/1884 1883/1883 1887/1887
f 2376/2376 2379/2379 2378/2378
f 51/51 55/55 41/41
f 58/58 87/87 59/59
f 2581/2581 2361/2361 2557/2557
f 2358/2358 2360/2360 2359/2359
f 2280/2280 2279/2279 2284/2284
f 2284/2284 2279/2279 2281/2281
f 2284/2284 2281/2281 2282/2282
f 2527/2527 2539/2539 2530/2530
f 2527/2527 2512/2512 2521/2521
f 2521/2521 2512/2512 2507/2507
f 2508/2508 2494/2494 2492/2492
f 2492/2492 2493/2493 2490/2490
f 2490/2490 2547/2547 2488/2488
f 2445/2445 2381/2381 2376/2376
f 50/50 51/51 41/41
f 38/38 56/56 57/57
f 57/57 58/58 8/8
f 58/58 59/59 43/43
f 43/43 59/59 44/44
f 59/59 60/60 44/44
f 45/45 60/60 61/61
f 64/64 62/62 46/46
f 62/62 67/67 39/39
f 34/34 48/48 53/53
f 53/53 117/117 115/115
f 36/36 53/53 115/115
f 115/115 117/117 116/116
f 116/116 117/117 265/265
f 265/265 398/398 355/355
f 2592/2592 2581/2581 2557/2557
f 2361/2361 2360/2360 2358/2358
f 1839/1839 1831/1831 1823/1823
f 1823/1823 1831/1831 1827/1827
f 1828/1828 1829/1829 1826/1826
f 1826/1826 1829/1829 1825/1825
f 1825/1825 1829/1829 1869/1869
f 2311/2311 2317/2317 2323/2323
f 2173/2173 2172/2172 2168/2168
f 2168/2168 2172/2172 2167/2167
f 2167/2167 2172/2172 2170/2170
f 2169/2169 2170/2170 2171/2171
f 2521/2521 2507/2507 2522/2522
f 2491/2491 2492/2492 2490/2490
f 1698/1698 1683/1683 1708/1708
f 2488/2488 2547/2547 2458/2458
f 2458/2458 2547/2547 2445/2445
f 2475/2475 2591/2591 2590/2590
f 41/41 55/55 21/21
f 55/55 54/54 21/21
f 21/21 54/54 19/19
f 19/19 54/54 52/52
f 52/52 56/56 38/38
f 8/8 58/58 42/42
f 42/42 58/58 43/43
f 45/45 61/61 1/1
f 1/1 61/61 63/63
f 63/63 64/64 46/46
f 39/39 67/67 66/66
f 39/39 66/66 40/40
f 40/40 66/66 65/65
f 65/65 49/49 40/40
f 30/30 49/49 33/33
f 49/49 47/47 33/33
f 34/34 47/47 48/48
f 34/34 53/53 36/36
f 2557/2557 2361/2361 2434/2434
f 1823/1823 1827/1827 1824/1824
f 1827/1827 1830/1830 1824/1824
f 1830/1830 1828/1828 1824/1824
f 1824/1824 1828/1828 1826/1826
f 2439/2439 2470/2470 2539/2539
f 2319/2319 2312/2312 2321/2321
f 2312/2312 2311/2311 2321/2321
f 2321/2321 2311/2311 2322/2322
f 2322/2322 2311/2311 2323/2323
f 2324/2324 2313/2313 2319/2319
f 2539/2539 2527/2527 2555/2555
f 2167/2167 2170/2170 2169/2169
f 1693/1693 1711/1711 1712/1712
f 2166/2166 2173/2173 2168/2168
f 2522/2522 2507/2507 2519/2519
f 2507/2507 2508/2508 2519/2519
f 2519/2519 2508/2508 2525/2525
f 2525/2525 2508/2508 2492/2492
f 2375/2375 2376/2376 2378/2378
f 2469/2469 2475/2475 2590/2590
f 2637/2637 2590/2590 2591/2591
f 19/19 52/52 12/12
f 12/12 52/52 38/38
f 38/38 57/57 8/8
f 44/44 60/60 45/45
f 1/1 63/63 46/46
f 46/46 62/62 5/5
f 5/5 62/62 39/39
f 30/30 40/40 49/49
f 47/47 34/34 33/33
f 116/116 265/265 355/355
f 2434/2434 2361/2361 2358/2358
f 1853/1853 1839/1839 1821/1821
f 1821/1821 1839/1839 1823/1823
f 1824/1824 1826/1826 1820/1820
f 1820/1820 1826/1826 1825/1825
f 1820/1820 1825/1825 1822/1822
f 2387/2387 2470/2470 2439/2439
f 2211/2211 2222/2222 2213/2213
f 2162/2162 2166/2166 2168/2168
f 2162/2162 2168/2168 2167/2167
f 2167/2167 2169/2169 2164/2164
f 2164/2164 2169/2169 2165/2165
f 2525/2525 2492/2492 2491/2491
f 1683/1683 1696/1696 1709/1709
f 1996/1996 2006/2006 1995/1995
f 2491/2491 2490/2490 2489/2489
f 1893/1893 1896/1896 1909/1909
f 2458/2458 2445/2445 2374/2374
f 2374/2374 2445/2445 2376/2376
f 2378/2378 2475/2475 2469/2469
f 544/544 558/558 545/545
f 558/558 557/557 545/545
f 536/536 551/551 550/550
f 25/25 50/50 41/41
f 25/25 41/41 23/23
f 41/41 21/21 23/23
f 12/12 38/38 8/8
f 42/42 43/43 9/9
f 8/8 42/42 9/9
f 9/9 43/43 15/15
f 43/43 44/44 15/15
f 15/15 44/44 16/16
f 16/16 44/44 45/45
f 16/16 45/45 1/1
f 1/1 46/46 2/2
f 2/2 46/46 5/5
f 7/7 39/39 40/40
f 7/7 40/40 28/28
f 28/28 40/40 30/30
f 355/355 398/398 369/369
f 2359/2359 2387/2387 2356/2356
f 1821/1821 1823/1823 1818/1818
f 1823/1823 1824/1824 1818/1818
f 1818/1818 1824/1824 1819/1819
f 1824/1824 1820/1820 1819/1819
f 2356/2356 2387/2387 2439/2439
f 2322/2322 2323/2323 2333/2333
f 2211/2211 2213/2213 2212/2212
f 2162/2162 2167/2167 2163/2163
f 2163/2163 2167/2167 2164/2164
f 1694/1694 1693/1693 1712/1712
f 2489/2489 2490/2490 2488/2488
f 1894/1894 1895/1895 1893/1893
f 2374/2374 2376/2376 2375/2375
f 5/5 39/39 7/7
f 116/116 355/355 369/369
f 2640/2640 2592/2592 2596/2596
f 2596/2596 2592/2592 2557/2557
f 2358/2358 2359/2359 2356/2356
f 1838/1838 1853/1853 1821/1821
f 1819/1819 1820/1820 1816/1816
f 2539/2539 2555/2555 2452/2452
f 2209/2209 2212/2212 2208/2208
f 2208/2208 2212/2212 2214/2214
f 2208/2208 2214/2214 2210/2210
f 2209/2209 2211/2211 2212/2212
f 2555/2555 2527/2527 2521/2521
f 2158/2158 2166/2166 2162/2162
f 2158/2158 2162/2162 2157/2157
f 2162/2162 2163/2163 2157/2157
f 2157/2157 2163/2163 2159/2159
f 2159/2159 2163/2163 2164/2164
f 2164/2164 2165/2165 2159/2159
f 2183/2183 2166/2166 2160/2160
f 2160/2160 2166/2166 2158/2158
f 2236/2236 2239/2239 2243/2243
f 2239/2239 2235/2235 2241/2241
f 2241/2241 2235/2235 2242/2242
f 2242/2242 2235/2235 2234/2234
f 2035/2035 2064/2064 2041/2041
f 2042/2042 2043/2043 2031/2031
f 2372/2372 2458/2458 2374/2374
f 2374/2374 2375/2375 2373/2373
f 2377/2377 2375/2375 2378/2378
f 2590/2590 2637/2637 2638/2638
f 26/26 266/266 25/25
f 11/11 12/12 8/8
f 7/7 28/28 27/27
f 28/28 30/30 29/29
f 29/29 30/30 31/31
f 31/31 30/30 33/33
f 36/36 115/115 116/116
f 37/37 36/36 116/116
f 2434/2434 2358/2358 2357/2357
f 1814/1814 1821/1821 1818/1818
f 1813/1813 1818/1818 1816/1816
f 1818/1818 1819/1819 1816/1816
f 1816/1816 1820/1820 1815/1815
f 2356/2356 2439/2439 2351/2351
f 1815/1815 1820/1820 1822/1822
f 2452/2452 2439/2439 2539/2539
f 2205/2205 2211/2211 2209/2209
f 2206/2206 2211/2211 2205/2205
f 2555/2555 2521/2521 2554/2554
f 2157/2157 2159/2159 2151/2151
f 2160/2160 2158/2158 2153/2153
f 2153/2153 2158/2158 2157/2157
f 2153/2153 2157/2157 2151/2151
f 2151/2151 2159/2159 2149/2149
f 2554/2554 2521/2521 2553/2553
f 2553/2553 2521/2521 2522/2522
f 1696/1696 1704/1704 1713/1713
f 1696/1696 1713/1713 1714/1714
f 2236/2236 2228/2228 2226/2226
f 2226/2226 2227/2227 2235/2235
f 2235/2235 2227/2227 2234/2234
f 2244/2244 2234/2234 2231/2231
f 2244/2244 2231/2231 2238/2238
f 2373/2373 2375/2375 2377/2377
f 2377/2377 2378/2378 2469/2469
f 626/626 605/605 604/604
f 556/556 607/607 570/570
f 26/26 25/25 24/24
f 24/24 25/25 23/23
f 24/24 23/23 22/22
f 22/22 23/23 21/21
f 21/21 19/19 20/20
f 22/22 21/21 20/20
f 19/19 12/12 20/20
f 18/18 12/12 11/11
f 11/11 8/8 10/10
f 8/8 9/9 10/10
f 10/10 9/9 13/13
f 13/13 9/9 14/14
f 9/9 15/15 14/14
f 15/15 16/16 14/14
f 14/14 16/16 17/17
f 17/17 16/16 1/1
f 17/17 1/1 3/3
f 1/1 2/2 3/3
f 3/3 2/2 4/4
f 4/4 2/2 5/5
f 4/4 5/5 6/6
f 6/6 5/5 7/7
f 6/6 7/7 27/27
f 27/27 28/28 29/29
f 31/31 33/33 35/35
f 35/35 33/33 32/32
f 32/32 33/33 34/34
f 32/32 34/34 36/36
f 32/32 36/36 37/37
f 277/277 116/116 369/369
f 2596/2596 2557/2557 2578/2578
f 2578/2578 2557/2557 2434/2434
f 2357/2357 2358/2358 2356/2356
f 2357/2357 2356/2356 2350/2350
f 1838/1838 1821/1821 1810/1810
f 1810/1810 1821/1821 1814/1814
f 1814/1814 1818/1818 1813/1813
f 1815/1815 1822/1822 1817/1817
f 2351/2351 2439/2439 2452/2452
f 2205/2205 2209/2209 2200/2200
f 2200/2200 2209/2209 2208/2208
f 2200/2200 2208/2208 2201/2201
f 2160/2160 2153/2153 2152/2152
f 2148/2148 2151/2151 2149/2149
f 2155/2155 2160/2160 2152/2152
f 2152/2152 2153/2153 2151/2151
f 2152/2152 2151/2151 2148/2148
f 2148/2148 2149/2149 2150/2150
f 2150/2150 2149/2149 2156/2156
f 1674/1674 1695/1695 1707/1707
f 1705/1705 1674/1674 1707/1707
f 2551/2551 2519/2519 2525/2525
f 2189/2189 2187/2187 2226/2226
f 2226/2226 2187/2187 2186/2186
f 2186/2186 2188/2188 2227/2227
f 2228/2228 2233/2233 2189/2189
f 2226/2226 2186/2186 2227/2227
f 2525/2525 2491/2491 2549/2549
f 2240/2240 2232/2232 2237/2237
f 2491/2491 2489/2489 2549/2549
f 2489/2489 2488/2488 2457/2457
f 2488/2488 2458/2458 2457/2457
f 20/20 12/12 18/18
f 37/37 116/116 277/277
f 277/277 369/369 397/397
f 2578/2578 2434/2434 2357/2357
f 1813/1813 1816/1816 1815/1815
f 1838/1838 1810/1810 1832/1832
f 1812/1812 1815/1815 1817/1817
f 2452/2452 2555/2555 2554/2554
f 2208/2208 2210/2210 2201/2201
f 2205/2205 2200/2200 2192/2192
f 2206/2206 2205/2205 2192/2192
f 2206/2206 2192/2192 2190/2190
f 2155/2155 2152/2152 2154/2154
f 2154/2154 2152/2152 2148/2148
f 2154/2154 2148/2148 2150/2150
f 2155/2155 2154/2154 2161/2161
f 2553/2553 2522/2522 2550/2550
f 2184/2184 2155/2155 2174/2174
f 2155/2155 2161/2161 2174/2174
f 2174/2174 2161/2161 2175/2175
f 2161/2161 2154/2154 2175/2175
f 2154/2154 2150/2150 2176/2176
f 2176/2176 2150/2150 2177/2177
f 2177/2177 2150/2150 2156/2156
f 2175/2175 2154/2154 2176/2176
f 2550/2550 2522/2522 2519/2519
f 2550/2550 2519/2519 2551/2551
f 2185/2185 2184/2184 2180/2180
f 2185/2185 2180/2180 2182/2182
f 2182/2182 2180/2180 2178/2178
f 2182/2182 2178/2178 2181/2181
f 2181/2181 2178/2178 2179/2179
f 2551/2551 2525/2525 2552/2552
f 2189/2189 2185/2185 2182/2182
f 2189/2189 2182/2182 2187/2187
f 2182/2182 2181/2181 2186/2186
f 2187/2187 2182/2182 2186/2186
f 2186/2186 2181/2181 2188/2188
f 2229/2229 2224/2224 2231/2231
f 2231/2231 2224/2224 2223/2223
f 2232/2232 2225/2225 2237/2237
f 2237/2237 2225/2225 2230/2230
f 2549/2549 2489/2489 2457/2457
f 1936/1936 1922/1922 1898/1898
f 2457/2457 2458/2458 2372/2372
f 2370/2370 2457/2457 2372/2372
f 2372/2372 2374/2374 2373/2373
f 2469/2469 2590/2590 2598/2598
f 364/364 26/26 363/363
f 363/363 26/26 24/24
f 20/20 18/18 348/348
f 348/348 18/18 11/11
f 343/343 10/10 344/344
f 344/344 10/10 13/13
f 344/344 13/13 345/345
f 13/13 14/14 345/345
f 345/345 14/14 346/346
f 346/346 14/14 17/17
f 6/6 27/27 276/276
f 2607/2607 2640/2640 2596/2596
f 2647/2647 2640/2640 2607/2607
f 2607/2607 2596/2596 2578/2578
f 2350/2350 2356/2356 2351/2351
f 1810/1810 1814/1814 1813/1813
f 1810/1810 1813/1813 1811/1811
f 1811/1811 1813/1813 1812/1812
f 1812/1812 1813/1813 1815/1815
f 2351/2351 2452/2452 2352/2352
f 2192/2192 2200/2200 2195/2195
f 2200/2200 2201/2201 2195/2195
f 2196/2196 2195/2195 2201/2201
f 2191/2191 2190/2190 2192/2192
f 2180/2180 2174/2174 2178/2178
f 2178/2178 2174/2174 2175/2175
f 2178/2178 2175/2175 2176/2176
f 2178/2178 2176/2176 2179/2179
f 2179/2179 2176/2176 2177/2177
f 2179/2179 2177/2177 2181/2181
f 2181/2181 2177/2177 2216/2216
f 2552/2552 2525/2525 2549/2549
f 2461/2461 2549/2549 2457/2457
f 2377/2377 2469/2469 2567/2567
f 2567/2567 2469/2469 2598/2598
f 2598/2598 2638/2638 2642/2642
f 362/362 24/24 22/22
f 11/11 10/10 343/343
f 17/17 3/3 347/347
f 276/276 27/27 350/350
f 350/350 29/29 31/31
f 37/37 277/277 359/359
f 1832/1832 1810/1810 1798/1798
f 1798/1798 1810/1810 1796/1796
f 1796/1796 1810/1810 1811/1811
f 1811/1811 1812/1812 1797/1797
f 1797/1797 1812/1812 1801/1801
f 1801/1801 1812/1812 1817/1817
f 2467/2467 2452/2452 2554/2554
f 2467/2467 2554/2554 2553/2553
f 2192/2192 2195/2195 2194/2194
f 2195/2195 2196/2196 2194/2194
f 2194/2194 2196/2196 2199/2199
f 2191/2191 2192/2192 2193/2193
f 2193/2193 2192/2192 2194/2194
f 2193/2193 2194/2194 2197/2197
f 2216/2216 2191/2191 2207/2207
f 2207/2207 2191/2191 2193/2193
f 2220/2220 2216/2216 2207/2207
f 2220/2220 2207/2207 2218/2218
f 2224/2224 2218/2218 2219/2219
f 2224/2224 2219/2219 2223/2223
f 2223/2223 2219/2219 2221/2221
f 2556/2556 2552/2552 2549/2549
f 2223/2223 2221/2221 2225/2225
f 2225/2225 2221/2221 2217/2217
f 2225/2225 2217/2217 2230/2230
f 2461/2461 2457/2457 2355/2355
f 1904/1904 1910/1910 1908/1908
f 1903/1903 1907/1907 1904/1904
f 2371/2371 2372/2372 2373/2373
f 2373/2373 2377/2377 2380/2380
f 594/594 614/614 613/613
f 363/363 24/24 362/362
f 362/362 22/22 361/361
f 361/361 22/22 20/20
f 20/20 348/348 361/361
f 365/365 348/348 349/349
f 348/348 11/11 349/349
f 349/349 11/11 343/343
f 346/346 17/17 347/347
f 347/347 3/3 354/354
f 354/354 3/3 353/353
f 353/353 3/3 4/4
f 353/353 4/4 352/352
f 352/352 4/4 276/276
f 4/4 6/6 276/276
f 360/360 276/276 350/350
f 27/27 29/29 350/350
f 350/350 31/31 351/351
f 31/31 35/35 351/351
f 351/351 35/35 357/357
f 35/35 32/32 356/356
f 357/357 35/35 356/356
f 356/356 32/32 37/37
f 356/356 37/37 358/358
f 358/358 37/37 359/359
f 359/359 277/277 397/397
f 2647/2647 2607/2607 2646/2646
f 2607/2607 2578/2578 2580/2580
f 2578/2578 2357/2357 2580/2580
f 2580/2580 2357/2357 2441/2441
f 2357/2357 2350/2350 2441/2441
f 2350/2350 2351/2351 2349/2349
f 2349/2349 2351/2351 2352/2352
f 1798/1798 1796/1796 1795/1795
f 1795/1795 1796/1796 1797/1797
f 1796/1796 1811/1811 1797/1797
f 1801/1801 1817/1817 1807/1807
f 2352/2352 2452/2452 2467/2467
f 2197/2197 2194/2194 2198/2198
f 2198/2198 2194/2194 2199/2199
f 2193/2193 2197/2197 2202/2202
f 2197/2197 2198/2198 2203/2203
f 2203/2203 2198/2198 2204/2204
f 2202/2202 2197/2197 2203/2203
f 2207/2207 2202/2202 2218/2218
f 2218/2218 2202/2202 2219/2219
f 2202/2202 2203/2203 2215/2215
f 2203/2203 2204/2204 2215/2215
f 2215/2215 2204/2204 2217/2217
f 2219/2219 2202/2202 2215/2215
f 2219/2219 2215/2215 2221/2221
f 2221/2221 2215/2215 2217/2217
f 1911/1911 1907/1907 1905/1905
f 2370/2370 2372/2372 2371/2371
f 2371/2371 2373/2373 2380/2380
f 2377/2377 2567/2567 2487/2487
f 2598/2598 2642/2642 2645/2645
f 607/607 634/634 610/610
f 352/352 276/276 360/360
f 372/372 362/362 361/361
f 361/361 348/348 365/365
f 360/360 350/350 388/388
f 359/359 397/397 414/414
f 2441/2441 2350/2350 2384/2384
f 1840/1840 1832/1832 1798/1798
f 1799/1799 1795/1795 1797/1797
f 1797/1797 1801/1801 1800/1800
f 1800/1800 1801/1801 1807/1807
f 2467/2467 2553/2553 2476/2476
f 2476/2476 2553/2553 2550/2550
f 2556/2556 2549/2549 2461/2461
f 2355/2355 2457/2457 2370/2370
f 1906/1906 1911/1911 1905/1905
f 2348/2348 2370/2370 2371/2371
f 2380/2380 2377/2377 2487/2487
f 2487/2487 2567/2567 2598/2598
f 639/639 635/635 615/615
f 375/375 364/364 363/363
f 372/372 361/361 365/365
f 349/349 343/343 366/366
f 366/366 343/343 344/344
f 366/366 344/344 368/368
f 344/344 345/345 368/368
f 368/368 345/345 346/346
f 368/368 346/346 374/374
f 374/374 346/346 354/354
f 346/346 347/347 354/354
f 370/370 352/352 360/360
f 358/358 359/359 396/396
f 396/396 359/359 414/414
f 2601/2601 2607/2607 2580/2580
f 1803/1803 1840/1840 1798/1798
f 1803/1803 1798/1798 1802/1802
f 1802/1802 1798/1798 1795/1795
f 1802/1802 1795/1795 1799/1799
f 1799/1799 1797/1797 1800/1800
f 1800/1800 1807/1807 1806/1806
f 2368/2368 2352/2352 2467/2467
f 2833/2833 2766/2766 2803/2803
f 1918/1918 1920/1920 1914/1914
f 1914/1914 1920/1920 1915/1915
f 2755/2755 2749/2749 2750/2750
f 1929/1929 1917/1917 1906/1906
f 1917/1917 1916/1916 1906/1906
f 1913/1913 1916/1916 1919/1919
f 1913/1913 1919/1919 1918/1918
f 1906/1906 1916/1916 1911/1911
f 1911/1911 1916/1916 1913/1913
f 363/363 362/362 382/382
f 383/383 362/362 372/372
f 383/383 372/372 384/384
f 384/384 372/372 385/385
f 385/385 372/372 365/365
f 385/385 365/365 381/381
f 381/381 365/365 349/349
f 381/381 349/349 380/380
f 380/380 349/349 366/366
f 380/380 366/366 387/387
f 366/366 368/368 386/386
f 386/386 368/368 374/374
f 394/394 374/374 392/392
f 392/392 374/374 354/354
f 392/392 354/354 391/391
f 391/391 354/354 353/353
f 353/353 352/352 391/391
f 389/389 352/352 370/370
f 390/390 370/370 360/360
f 379/379 388/388 350/350
f 378/378 350/350 351/351
f 378/378 351/351 377/377
f 377/377 351/351 357/357
f 395/395 358/358 396/396
f 396/396 414/414 428/428
f 2601/2601 2646/2646 2607/2607
f 2384/2384 2350/2350 2341/2341
f 2336/2336 2349/2349 2352/2352
f 2336/2336 2352/2352 2368/2368
f 1846/1846 1803/1803 1808/1808
f 2550/2550 2551/2551 2451/2451
f 2451/2451 2551/2551 2552/2552
f 2460/2460 2556/2556 2461/2461
f 2355/2355 2370/2370 2348/2348
f 2371/2371 2380/2380 2388/2388
f 2388/2388 2380/2380 2487/2487
f 2600/2600 2487/2487 2598/2598
f 1091/1091 1078/1078 1079/1079
f 1092/1092 1079/1079 1075/1075
f 1087/1087 1067/1067 1088/1088
f 389/389 370/370 390/390
f 399/399 375/375 363/363
f 399/399 363/363 382/382
f 382/382 362/362 383/383
f 387/387 366/366 386/386
f 391/391 352/352 389/389
f 360/360 388/388 390/390
f 390/390 388/388 379/379
f 379/379 350/350 378/378
f 377/377 357/357 356/356
f 377/377 356/356 393/393
f 393/393 356/356 358/358
f 393/393 358/358 395/395
f 2646/2646 2601/2601 2650/2650
f 2477/2477 2580/2580 2441/2441
f 2601/2601 2580/2580 2477/2477
f 2477/2477 2441/2441 2384/2384
f 2341/2341 2350/2350 2349/2349
f 2349/2349 2336/2336 2341/2341
f 1804/1804 1802/1802 1799/1799
f 1808/1808 1803/1803 1802/1802
f 1808/1808 1802/1802 1804/1804
f 1804/1804 1799/1799 1800/1800
f 1804/1804 1800/1800 1805/1805
f 1805/1805 1800/1800 1806/1806
f 1805/1805 1806/1806 1809/1809
f 2368/2368 2467/2467 2476/2476
f 2446/2446 2476/2476 2550/2550
f 2451/2451 2552/2552 2460/2460
f 2460/2460 2552/2552 2556/2556
f 2460/2460 2461/2461 2354/2354
f 2461/2461 2355/2355 2354/2354
f 1933/1933 1918/1918 1932/1932
f 1918/1918 1933/1933 1920/1920
f 1920/1920 1933/1933 1956/1956
f 2749/2749 2747/2747 2748/2748
f 1917/1917 1934/1934 1931/1931
f 1919/1919 1931/1931 1932/1932
f 1919/1919 1932/1932 1918/1918
f 1917/1917 1931/1931 1916/1916
f 1916/1916 1931/1931 1919/1919
f 2345/2345 2355/2355 2348/2348
f 2348/2348 2371/2371 2388/2388
f 2644/2644 2600/2600 2598/2598
f 1072/1072 1063/1063 1071/1071
f 1074/1074 1055/1055 1077/1077
f 386/386 374/374 394/394
f 393/393 395/395 404/404
f 395/395 396/396 421/421
f 425/425 396/396 428/428
f 2477/2477 2384/2384 2341/2341
f 1852/1852 1808/1808 1843/1843
f 1808/1808 1804/1804 1842/1842
f 1843/1843 1808/1808 1842/1842
f 1804/1804 1805/1805 1842/1842
f 1842/1842 1805/1805 1841/1841
f 1841/1841 1805/1805 1809/1809
f 1845/1845 1841/1841 1809/1809
f 2368/2368 2476/2476 2446/2446
f 2446/2446 2550/2550 2451/2451
f 2752/2752 2799/2799 2753/2753
f 1940/1940 1941/1941 1933/1933
f 1933/1933 1941/1941 1946/1946
f 1938/1938 1937/1937 1934/1934
f 1931/1931 1939/1939 1932/1932
f 1932/1932 1940/1940 1933/1933
f 1933/1933 1946/1946 1956/1956
f 2748/2748 2747/2747 2746/2746
f 1934/1934 1937/1937 1931/1931
f 2345/2345 2354/2354 2355/2355
f 2568/2568 2388/2388 2487/2487
f 1071/1071 1050/1050 1058/1058
f 1057/1057 1054/1054 1078/1078
f 1054/1054 1060/1060 1079/1079
f 1046/1046 1055/1055 1074/1074
f 409/409 383/383 384/384
f 385/385 381/381 407/407
f 411/411 381/381 380/380
f 418/418 380/380 387/387
f 387/387 386/386 419/419
f 406/406 386/386 394/394
f 416/416 394/394 392/392
f 416/416 392/392 415/415
f 415/415 392/392 391/391
f 391/391 389/389 417/417
f 405/405 389/389 390/390
f 405/405 390/390 413/413
f 413/413 390/390 412/412
f 412/412 390/390 379/379
f 412/412 379/379 401/401
f 401/401 379/379 378/378
f 401/401 378/378 377/377
f 402/402 377/377 393/393
f 402/402 393/393 403/403
f 403/403 393/393 404/404
f 404/404 395/395 421/421
f 421/421 396/396 425/425
f 2650/2650 2601/2601 2639/2639
f 2336/2336 2368/2368 2369/2369
f 1858/1858 1852/1852 1843/1843
f 1844/1844 1843/1843 1842/1842
f 1847/1847 1842/1842 1841/1841
f 1850/1850 1843/1843 1844/1844
f 1844/1844 1842/1842 1847/1847
f 1847/1847 1841/1841 1848/1848
f 1848/1848 1841/1841 1849/1849
f 1849/1849 1841/1841 1845/1845
f 1849/1849 1845/1845 1851/1851
f 2368/2368 2446/2446 2369/2369
f 2353/2353 2451/2451 2460/2460
f 1945/1945 1947/1947 1946/1946
f 1941/1941 1945/1945 1946/1946
f 1944/1944 1945/1945 1940/1940
f 1940/1940 1945/1945 1941/1941
f 2747/2747 2744/2744 2746/2746
f 1939/1939 1940/1940 1932/1932
f 2348/2348 2388/2388 2453/2453
f 2453/2453 2388/2388 2568/2568
f 2568/2568 2487/2487 2600/2600
f 2600/2600 2644/2644 2649/2649
f 399/399 382/382 400/400
f 382/382 383/383 410/410
f 410/410 383/383 409/409
f 409/409 384/384 408/408
f 408/408 384/384 385/385
f 408/408 385/385 407/407
f 407/407 381/381 411/411
f 411/411 380/380 418/418
f 418/418 387/387 419/419
f 419/419 386/386 420/420
f 420/420 386/386 406/406
f 416/416 415/415 429/429
f 415/415 391/391 417/417
f 417/417 389/389 405/405
f 401/401 377/377 402/402
f 2601/2601 2477/2477 2610/2610
f 2392/2392 2477/2477 2341/2341
f 2341/2341 2336/2336 2335/2335
f 2392/2392 2341/2341 2335/2335
f 1858/1858 1843/1843 1850/1850
f 1850/1850 1844/1844 1847/1847
f 1858/1858 1850/1850 1859/1859
f 1856/1856 1850/1850 1854/1854
f 1854/1854 1850/1850 1847/1847
f 1847/1847 1848/1848 1854/1854
f 1854/1854 1848/1848 1855/1855
f 1848/1848 1849/1849 1855/1855
f 1855/1855 1849/1849 1857/1857
f 1857/1857 1849/1849 1851/1851
f 1877/1877 1858/1858 1859/1859
f 872/872 742/742 745/745
f 2369/2369 2446/2446 2337/2337
f 1877/1877 1859/1859 1878/1878
f 2337/2337 2446/2446 2451/2451
f 1952/1952 1953/1953 1945/1945
f 1945/1945 1953/1953 1947/1947
f 869/869 863/863 746/746
f 1951/1951 1952/1952 1945/1945
f 2354/2354 2353/2353 2460/2460
f 2744/2744 2743/2743 2745/2745
f 1943/1943 1949/1949 1944/1944
f 1944/1944 1951/1951 1945/1945
f 858/858 869/869 746/746
f 2744/2744 2745/2745 2746/2746
f 1938/1938 1942/1942 1937/1937
f 1942/1942 1943/1943 1937/1937
f 1937/1937 1943/1943 1939/1939
f 1939/1939 1943/1943 1940/1940
f 1940/1940 1943/1943 1944/1944
f 2343/2343 2354/2354 2345/2345
f 2343/2343 2345/2345 2344/2344
f 2345/2345 2348/2348 2346/2346
f 2344/2344 2345/2345 2346/2346
f 2346/2346 2348/2348 2453/2453
f 2614/2614 2568/2568 2600/2600
f 1054/1054 1042/1042 1060/1060
f 1046/1046 1043/1043 1055/1055
f 1055/1055 1043/1043 1051/1051
f 1051/1051 1025/1025 1052/1052
f 1033/1033 1034/1034 1052/1052
f 1052/1052 1034/1034 1053/1053
f 1048/1048 1032/1032 1061/1061
f 400/400 382/382 410/410
f 419/419 420/420 427/427
f 406/406 394/394 416/416
f 405/405 413/413 417/417
f 423/423 413/413 412/412
f 423/423 412/412 422/422
f 422/422 412/412 401/401
f 422/422 401/401 402/402
f 404/404 421/421 425/425
f 434/434 404/404 425/425
f 425/425 428/428 437/437
f 2610/2610 2639/2639 2601/2601
f 2610/2610 2477/2477 2588/2588
f 2588/2588 2477/2477 2392/2392
f 2335/2335 2336/2336 2337/2337
f 2337/2337 2336/2336 2369/2369
f 1859/1859 1850/1850 1856/1856
f 1856/1856 1854/1854 1872/1872
f 1872/1872 1854/1854 1871/1871
f 1871/1871 1854/1854 1855/1855
f 867/867 872/872 745/745
f 1878/1878 1859/1859 1873/1873
f 1873/1873 1859/1859 1856/1856
f 1873/1873 1856/1856 1872/1872
f 1871/1871 1855/1855 1874/1874
f 1855/1855 1857/1857 1875/1875
f 1872/1872 1871/1871 1874/1874
f 1874/1874 1855/1855 1875/1875
f 867/867 745/745 744/744
f 2353/2353 2337/2337 2451/2451
f 1873/1873 1872/1872 1876/1876
f 1876/1876 1872/1872 1874/1874
f 1969/1969 1966/1966 1950/1950
f 1963/1963 1964/1964 1952/1952
f 2742/2742 2760/2760 2743/2743
f 1950/1950 1966/1966 1954/1954
f 863/863 867/867 744/744
f 1954/1954 1966/1966 1965/1965
f 1954/1954 1965/1965 1949/1949
f 1949/1949 1965/1965 1963/1963
f 1949/1949 1963/1963 1952/1952
f 1952/1952 1964/1964 1953/1953
f 2353/2353 2354/2354 2343/2343
f 1950/1950 1954/1954 1949/1949
f 1949/1949 1952/1952 1951/1951
f 1942/1942 1950/1950 1943/1943
f 1943/1943 1950/1950 1949/1949
f 2614/2614 2600/2600 2641/2641
f 2600/2600 2649/2649 2641/2641
f 1050/1050 1029/1029 1027/1027
f 1050/1050 1027/1027 1049/1049
f 1054/1054 1038/1038 1042/1042
f 1042/1042 1023/1023 1046/1046
f 1046/1046 1023/1023 1043/1043
f 1051/1051 1043/1043 1025/1025
f 1025/1025 1022/1022 1033/1033
f 1034/1034 1035/1035 1045/1045
f 1045/1045 1036/1036 1065/1065
f 1047/1047 1031/1031 1048/1048
f 1031/1031 1030/1030 1048/1048
f 1030/1030 1032/1032 1048/1048
f 1247/1247 1256/1256 1257/1257
f 433/433 408/408 407/407
f 433/433 407/407 411/411
f 432/432 420/420 406/406
f 406/406 416/416 432/432
f 429/429 415/415 424/424
f 415/415 417/417 424/424
f 417/417 413/413 431/431
f 431/431 413/413 423/423
f 434/434 425/425 437/437
f 2588/2588 2392/2392 2391/2391
f 2392/2392 2335/2335 2391/2391
f 1084/1084 1195/1195 1107/1107
f 1041/1041 1107/1107 1099/1099
f 1042/1042 1038/1038 1023/1023
f 1022/1022 1021/1021 1033/1033
f 1003/1003 1041/1041 1044/1044
f 1044/1044 1041/1041 1099/1099
f 1029/1029 1017/1017 1027/1027
f 1037/1037 1003/1003 1044/1044
f 1247/1247 1257/1257 1246/1246
f 1246/1246 1257/1257 1259/1259
f 1246/1246 1259/1259 1243/1243
f 1243/1243 1259/1259 1258/1258
f 1243/1243 1258/1258 1254/1254
f 1255/1255 1262/1262 1239/1239
f 1263/1263 1261/1261 1240/1240
f 1261/1261 1274/1274 1241/1241
f 1240/1240 1261/1261 1241/1241
f 1241/1241 1274/1274 1260/1260
f 1260/1260 1273/1273 1235/1235
f 1235/1235 1273/1273 1272/1272
f 1236/1236 1271/1271 1275/1275
f 1236/1236 1275/1275 1264/1264
f 1264/1264 1265/1265 1231/1231
f 1231/1231 1265/1265 1230/1230
f 1265/1265 1266/1266 1232/1232
f 1267/1267 1268/1268 1233/1233
f 1233/1233 1268/1268 1238/1238
f 1238/1238 1268/1268 1269/1269
f 1250/1250 1269/1269 1270/1270
f 1270/1270 1277/1277 1253/1253
f 2652/2652 2639/2639 2610/2610
f 2610/2610 2588/2588 2618/2618
f 2584/2584 2588/2588 2391/2391
f 2391/2391 2335/2335 2390/2390
f 2335/2335 2337/2337 2338/2338
f 2338/2338 2337/2337 2339/2339
f 2339/2339 2337/2337 2353/2353
f 2339/2339 2353/2353 2343/2343
f 2339/2339 2343/2343 2342/2342
f 2343/2343 2344/2344 2342/2342
f 2342/2342 2344/2344 2347/2347
f 2347/2347 2344/2344 2346/2346
f 2453/2453 2568/2568 2614/2614
f 1041/1041 1084/1084 1107/1107
f 1038/1038 996/996 1023/1023
f 1012/1012 1022/1022 1025/1025
f 1040/1040 1014/1014 1015/1015
f 1040/1040 1015/1015 1029/1029
f 1029/1029 1016/1016 1017/1017
f 1017/1017 1019/1019 1027/1027
f 1027/1027 1019/1019 1026/1026
f 1028/1028 1000/1000 1039/1039
f 1000/1000 999/999 1039/1039
f 1039/1039 999/999 1038/1038
f 1023/1023 1013/1013 1024/1024
f 1024/1024 1012/1012 1025/1025
f 1020/1020 1007/1007 1034/1034
f 1034/1034 1007/1007 1035/1035
f 1007/1007 1008/1008 1035/1035
f 1008/1008 1011/1011 1031/1031
f 1031/1031 1011/1011 1001/1001
f 1031/1031 1001/1001 1030/1030
f 1001/1001 1002/1002 1030/1030
f 1276/1276 1256/1256 1245/1245
f 1245/1245 1256/1256 1247/1247
f 1242/1242 1243/1243 1254/1254
f 1244/1244 1255/1255 1239/1239
f 1239/1239 1262/1262 1263/1263
f 1239/1239 1263/1263 1240/1240
f 1241/1241 1260/1260 1235/1235
f 1235/1235 1272/1272 1234/1234
f 1272/1272 1271/1271 1234/1234
f 1234/1234 1271/1271 1237/1237
f 1237/1237 1271/1271 1236/1236
f 1236/1236 1264/1264 1231/1231
f 1230/1230 1265/1265 1232/1232
f 1232/1232 1266/1266 1233/1233
f 1266/1266 1267/1267 1233/1233
f 1238/1238 1269/1269 1250/1250
f 1242/1242 1254/1254 1244/1244
f 1244/1244 1254/1254 1255/1255
f 1250/1250 1270/1270 1249/1249
f 1249/1249 1270/1270 1253/1253
f 2652/2652 2610/2610 2648/2648
f 2648/2648 2610/2610 2618/2618
f 2618/2618 2588/2588 2584/2584
f 2584/2584 2391/2391 2390/2390
f 2335/2335 2338/2338 2390/2390
f 2347/2347 2346/2346 2570/2570
f 2570/2570 2346/2346 2453/2453
f 2570/2570 2453/2453 2605/2605
f 2453/2453 2614/2614 2605/2605
f 1023/1023 996/996 1013/1013
f 1024/1024 1013/1013 1012/1012
f 1022/1022 1012/1012 1005/1005
f 1022/1022 1005/1005 1021/1021
f 1021/1021 1005/1005 1006/1006
f 1021/1021 1006/1006 1020/1020
f 1009/1009 1004/1004 1011/1011
f 1008/1008 1009/1009 1011/1011
f 1019/1019 1018/1018 1026/1026
f 999/999 996/996 1038/1038
f 1020/1020 1006/1006 1007/1007
f 1241/1241 1235/1235 1225/1225
f 1234/1234 1237/1237 1222/1222
f 1207/1207 1236/1236 1231/1231
f 1228/1228 1245/1245 1247/1247
f 1221/1221 1243/1243 1242/1242
f 1239/1239 1240/1240 1229/1229
f 1240/1240 1241/1241 1224/1224
f 1224/1224 1241/1241 1225/1225
f 1237/1237 1236/1236 1222/1222
f 1209/1209 1222/1222 1236/1236
f 1209/1209 1236/1236 1207/1207
f 1207/1207 1231/1231 1226/1226
f 1226/1226 1231/1231 1206/1206
f 1231/1231 1230/1230 1206/1206
f 1233/1233 1238/1238 1201/1201
f 1201/1201 1238/1238 1202/1202
f 1238/1238 1250/1250 1202/1202
f 1202/1202 1250/1250 1249/1249
f 1219/1219 1249/1249 1253/1253
f 2618/2618 2584/2584 2624/2624
f 2584/2584 2390/2390 2585/2585
f 2585/2585 2390/2390 2456/2456
f 2456/2456 2390/2390 2338/2338
f 2338/2338 2339/2339 2340/2340
f 2340/2340 2339/2339 2342/2342
f 2340/2340 2342/2342 2347/2347
f 2576/2576 2347/2347 2570/2570
f 1073/1073 1174/1174 1084/1084
f 1015/1015 976/976 1016/1016
f 1018/1018 998/998 1000/1000
f 996/996 997/997 1013/1013
f 1013/1013 997/997 984/984
f 1013/1013 984/984 1012/1012
f 1005/1005 990/990 1006/1006
f 1007/1007 968/968 1008/1008
f 1004/1004 988/988 1011/1011
f 1011/1011 988/988 1001/1001
f 1218/1218 1245/1245 1228/1228
f 1228/1228 1247/1247 1246/1246
f 1228/1228 1246/1246 1204/1204
f 1246/1246 1243/1243 1204/1204
f 1204/1204 1243/1243 1221/1221
f 1242/1242 1244/1244 1217/1217
f 1221/1221 1242/1242 1217/1217
f 1217/1217 1244/1244 1239/1239
f 1217/1217 1239/1239 1229/1229
f 1229/1229 1240/1240 1224/1224
f 1225/1225 1235/1235 1210/1210
f 1235/1235 1234/1234 1210/1210
f 1210/1210 1234/1234 1223/1223
f 1223/1223 1234/1234 1222/1222
f 1206/1206 1230/1230 1208/1208
f 1208/1208 1230/1230 1232/1232
f 1199/1199 1208/1208 1232/1232
f 1232/1232 1233/1233 1199/1199
f 1199/1199 1233/1233 1200/1200
f 1200/1200 1233/1233 1201/1201
f 1202/1202 1249/1249 1219/1219
f 1219/1219 1253/1253 1248/1248
f 1219/1219 1248/1248 1214/1214
f 2643/2643 2648/2648 2618/2618
f 2643/2643 2618/2618 2624/2624
f 2624/2624 2584/2584 2585/2585
f 2456/2456 2338/2338 2385/2385
f 2385/2385 2338/2338 2340/2340
f 2385/2385 2340/2340 2433/2433
f 2340/2340 2347/2347 2576/2576
f 2576/2576 2570/2570 2611/2611
f 2570/2570 2605/2605 2611/2611
f 992/992 1073/1073 1084/1084
f 1041/1041 992/992 1084/1084
f 1010/1010 986/986 1014/1014
f 1014/1014 986/986 1015/1015
f 1015/1015 986/986 976/976
f 1016/1016 976/976 1017/1017
f 976/976 977/977 1017/1017
f 1017/1017 977/977 1019/1019
f 1019/1019 977/977 1018/1018
f 1018/1018 977/977 998/998
f 998/998 979/979 1000/1000
f 1000/1000 979/979 980/980
f 1000/1000 980/980 999/999
f 999/999 980/980 996/996
f 996/996 982/982 997/997
f 984/984 983/983 1012/1012
f 1012/1012 983/983 991/991
f 991/991 990/990 1005/1005
f 1006/1006 990/990 972/972
f 1006/1006 972/972 1007/1007
f 972/972 968/968 1007/1007
f 1008/1008 989/989 1009/1009
f 1009/1009 989/989 1004/1004
f 988/988 971/971 1001/1001
f 1001/1001 971/971 967/967
f 967/967 966/966 1002/1002
f 1002/1002 966/966 1003/1003
f 966/966 992/992 1003/1003
f 1003/1003 992/992 1041/1041
f 1218/1218 1228/1228 1205/1205
f 1205/1205 1228/1228 1204/1204
f 1204/1204 1221/1221 1213/1213
f 1217/1217 1229/1229 1215/1215
f 1215/1215 1229/1229 1224/1224
f 1215/1215 1224/1224 1216/1216
f 1224/1224 1225/1225 1211/1211
f 1211/1211 1225/1225 1210/1210
f 1212/1212 1210/1210 1223/1223
f 1223/1223 1222/1222 1212/1212
f 1212/1212 1222/1222 1209/1209
f 1207/1207 1226/1226 1206/1206
f 1204/1204 1213/1213 1203/1203
f 1213/1213 1221/1221 1217/1217
f 1197/1197 1217/1217 1215/1215
f 1224/1224 1211/1211 1216/1216
f 1214/1214 1248/1248 1227/1227
f 2624/2624 2585/2585 2613/2613
f 2613/2613 2585/2585 2589/2589
f 2573/2573 2456/2456 2385/2385
f 2573/2573 2385/2385 2562/2562
f 2562/2562 2385/2385 2433/2433
f 2433/2433 2340/2340 2579/2579
f 2579/2579 2340/2340 2576/2576
f 1168/1168 1174/1174 1106/1106
f 987/987 1073/1073 992/992
f 974/974 973/973 991/991
f 991/991 973/973 990/990
f 990/990 973/973 972/972
f 968/968 969/969 989/989
f 989/989 969/969 988/988
f 969/969 970/970 988/988
f 988/988 970/970 971/971
f 1010/1010 985/985 986/986
f 998/998 977/977 978/978
f 998/998 978/978 979/979
f 980/980 981/981 996/996
f 996/996 981/981 982/982
f 997/997 975/975 984/984
f 983/983 974/974 991/991
f 1192/1192 1218/1218 1205/1205
f 1197/1197 1215/1215 1196/1196
f 1215/1215 1216/1216 1187/1187
f 1196/1196 1215/1215 1187/1187
f 1210/1210 1212/1212 1178/1178
f 1178/1178 1212/1212 1209/1209
f 1178/1178 1209/1209 1175/1175
f 1209/1209 1207/1207 1176/1176
f 1175/1175 1209/1209 1176/1176
f 1176/1176 1207/1207 1206/1206
f 1181/1181 1206/1206 1179/1179
f 1179/1179 1206/1206 1208/1208
f 1180/1180 1208/1208 1199/1199
f 1199/1199 1200/1200 1198/1198
f 1198/1198 1200/1200 1201/1201
f 1198/1198 1201/1201 1183/1183
f 1183/1183 1201/1201 1202/1202
f 1189/1189 1202/1202 1219/1219
f 1203/1203 1213/1213 1197/1197
f 1197/1197 1213/1213 1217/1217
f 1185/1185 1197/1197 1196/1196
f 1187/1187 1216/1216 1211/1211
f 1208/1208 1180/1180 1179/1179
f 1180/1180 1199/1199 1198/1198
f 1189/1189 1219/1219 1193/1193
f 1193/1193 1219/1219 1214/1214
f 1214/1214 1227/1227 1194/1194
f 1194/1194 1227/1227 1252/1252
f 1194/1194 1252/1252 1251/1251
f 2589/2589 2585/2585 2456/2456
f 2573/2573 2589/2589 2456/2456
f 2562/2562 2433/2433 2579/2579
f 2579/2579 2576/2576 2606/2606
f 2606/2606 2576/2576 2611/2611
f 995/995 1106/1106 987/987
f 1106/1106 1073/1073 987/987
f 958/958 946/946 973/973
f 969/969 949/949 951/951
f 1131/1131 961/961 985/985
f 985/985 961/961 976/976
f 985/985 976/976 986/986
f 954/954 965/965 976/976
f 976/976 965/965 977/977
f 965/965 964/964 977/977
f 977/977 964/964 978/978
f 978/978 964/964 979/979
f 979/979 964/964 980/980
f 975/975 982/982 962/962
f 975/975 960/960 984/984
f 984/984 960/960 959/959
f 984/984 959/959 983/983
f 974/974 957/957 973/973
f 957/957 958/958 973/973
f 973/973 946/946 972/972
f 946/946 947/947 972/972
f 972/972 947/947 968/968
f 968/968 950/950 969/969
f 951/951 970/970 969/969
f 970/970 952/952 971/971
f 952/952 948/948 971/971
f 971/971 948/948 967/967
f 967/967 948/948 966/966
f 966/966 953/953 992/992
f 953/953 987/987 992/992
f 1184/1184 1192/1192 1205/1205
f 1184/1184 1205/1205 1204/1204
f 1184/1184 1204/1204 1188/1188
f 1188/1188 1204/1204 1203/1203
f 1188/1188 1203/1203 1186/1186
f 1186/1186 1203/1203 1197/1197
f 1186/1186 1197/1197 1185/1185
f 1185/1185 1196/1196 1187/1187
f 1187/1187 1211/1211 1177/1177
f 1177/1177 1211/1211 1210/1210
f 1177/1177 1210/1210 1178/1178
f 1176/1176 1206/1206 1181/1181
f 1180/1180 1198/1198 1182/1182
f 1182/1182 1198/1198 1183/1183
f 1171/1171 1186/1186 1185/1185
f 1193/1193 1214/1214 1170/1170
f 1170/1170 1214/1214 1194/1194
f 1194/1194 1251/1251 1220/1220
f 1194/1194 1220/1220 1166/1166
f 2589/2589 2573/2573 2623/2623
f 2623/2623 2573/2573 2562/2562
f 2562/2562 2579/2579 2606/2606
f 1109/1109 1168/1168 1106/1106
f 995/995 1109/1109 1106/1106
f 948/948 953/953 966/966
f 961/961 954/954 976/976
f 964/964 965/965 956/956
f 964/964 963/963 980/980
f 980/980 963/963 981/981
f 963/963 962/962 981/981
f 975/975 962/962 960/960
f 959/959 957/957 974/974
f 947/947 950/950 968/968
f 950/950 949/949 969/969
f 970/970 951/951 952/952
f 1169/1169 1192/1192 1184/1184
f 1161/1161 1169/1169 1184/1184
f 1161/1161 1184/1184 1162/1162
f 1184/1184 1188/1188 1172/1172
f 1162/1162 1184/1184 1172/1172
f 1188/1188 1186/1186 1172/1172
f 1172/1172 1186/1186 1171/1171
f 1153/1153 1185/1185 1187/1187
f 1167/1167 1187/1187 1177/1177
f 1149/1149 1178/1178 1175/1175
f 1150/1150 1175/1175 1176/1176
f 1150/1150 1176/1176 1151/1151
f 1151/1151 1176/1176 1181/1181
f 1156/1156 1180/1180 1182/1182
f 1157/1157 1182/1182 1183/1183
f 1157/1157 1183/1183 1158/1158
f 1158/1158 1183/1183 1189/1189
f 1158/1158 1189/1189 1159/1159
f 1189/1189 1193/1193 1164/1164
f 1171/1171 1185/1185 1154/1154
f 1154/1154 1185/1185 1153/1153
f 1153/1153 1187/1187 1167/1167
f 1167/1167 1177/1177 1149/1149
f 1149/1149 1177/1177 1178/1178
f 1149/1149 1175/1175 1150/1150
f 1151/1151 1181/1181 1179/1179
f 1151/1151 1179/1179 1152/1152
f 1152/1152 1179/1179 1180/1180
f 1152/1152 1180/1180 1156/1156
f 1156/1156 1182/1182 1157/1157
f 1159/1159 1189/1189 1164/1164
f 1164/1164 1193/1193 1170/1170
f 1170/1170 1194/1194 1166/1166
f 1166/1166 1220/1220 1146/1146
f 1146/1146 1220/1220 1191/1191
f 1146/1146 1191/1191 1190/1190
f 2623/2623 2562/2562 2628/2628
f 2628/2628 2562/2562 2606/2606
f 1190/1190 1173/1173 1112/1112
f 1112/1112 1173/1173 1110/1110
f 1109/1109 1110/1110 1173/1173
f 995/995 1110/1110 1109/1109
f 955/955 932/932 956/956
f 956/956 932/932 933/933
f 956/956 933/933 964/964
f 964/964 933/933 963/963
f 963/963 933/933 942/942
f 942/942 962/962 963/963
f 927/927 938/938 946/946
f 946/946 938/938 947/947
f 947/947 938/938 943/943
f 943/943 937/937 949/949
f 937/937 934/934 949/949
f 949/949 934/934 951/951
f 951/951 934/934 952/952
f 952/952 935/935 948/948
f 948/948 935/935 936/936
f 945/945 995/995 987/987
f 931/931 930/930 954/954
f 961/961 931/931 954/954
f 954/954 930/930 965/965
f 930/930 955/955 965/965
f 960/960 941/941 959/959
f 941/941 940/940 959/959
f 959/959 940/940 957/957
f 957/957 927/927 958/958
f 958/958 927/927 946/946
f 950/950 947/947 943/943
f 950/950 943/943 949/949
f 948/948 936/936 953/953
f 936/936 939/939 953/953
f 939/939 945/945 953/953
f 953/953 945/945 987/987
f 1163/1163 1162/1162 1172/1172
f 1163/1163 1172/1172 1171/1171
f 1165/1165 1169/1169 1161/1161
f 1147/1147 1161/1161 1162/1162
f 1147/1147 1162/1162 1163/1163
f 1163/1163 1171/1171 1160/1160
f 1160/1160 1171/1171 1154/1154
f 1153/1153 1167/1167 1155/1155
f 1155/1155 1167/1167 1149/1149
f 1142/1142 1150/1150 1151/1151
f 1142/1142 1151/1151 1148/1148
f 1148/1148 1151/1151 1152/1152
f 1147/1147 1163/1163 1160/1160
f 1140/1140 1155/1155 1149/1149
f 1149/1149 1150/1150 1143/1143
f 1143/1143 1150/1150 1142/1142
f 1148/1148 1152/1152 1139/1139
f 1139/1139 1152/1152 1156/1156
f 1134/1134 1157/1157 1158/1158
f 1164/1164 1170/1170 1145/1145
f 1145/1145 1170/1170 1166/1166
f 1132/1132 1164/1164 1145/1145
f 1146/1146 1145/1145 1166/1166
f 1129/1129 1146/1146 1190/1190
f 1129/1129 1190/1190 1112/1112
f 993/993 1112/1112 1110/1110
f 993/993 995/995 890/890
f 995/995 993/993 1110/1110
f 930/930 924/924 932/932
f 929/929 896/896 941/941
f 941/941 896/896 940/940
f 927/927 926/926 938/938
f 937/937 884/884 934/934
f 933/933 929/929 942/942
f 942/942 929/929 941/941
f 928/928 927/927 940/940
f 938/938 925/925 937/937
f 930/930 932/932 955/955
f 938/938 937/937 943/943
f 1138/1138 1161/1161 1147/1147
f 1144/1144 1160/1160 1154/1154
f 1144/1144 1154/1154 1137/1137
f 1137/1137 1154/1154 1153/1153
f 1137/1137 1153/1153 1136/1136
f 1136/1136 1153/1153 1155/1155
f 1155/1155 1140/1140 1136/1136
f 1139/1139 1156/1156 1134/1134
f 1134/1134 1156/1156 1157/1157
f 1158/1158 1159/1159 1132/1132
f 1132/1132 1159/1159 1164/1164
f 1165/1165 1161/1161 1138/1138
f 1147/1147 1160/1160 1135/1135
f 1135/1135 1160/1160 1144/1144
f 1140/1140 1149/1149 1143/1143
f 1142/1142 1148/1148 1141/1141
f 1148/1148 1139/1139 1141/1141
f 1133/1133 1134/1134 1158/1158
f 1158/1158 1132/1132 1133/1133
f 1138/1138 1147/1147 1121/1121
f 1121/1121 1147/1147 1130/1130
f 1147/1147 1135/1135 1130/1130
f 1135/1135 1144/1144 1137/1137
f 1165/1165 1138/1138 1122/1122
f 1135/1135 1137/1137 1118/1118
f 1117/1117 1137/1137 1136/1136
f 1116/1116 1136/1136 1140/1140
f 1116/1116 1140/1140 1123/1123
f 1123/1123 1140/1140 1143/1143
f 1123/1123 1143/1143 1142/1142
f 1123/1123 1142/1142 1124/1124
f 1124/1124 1142/1142 1141/1141
f 1124/1124 1141/1141 1125/1125
f 1125/1125 1141/1141 1139/1139
f 1139/1139 1134/1134 1115/1115
f 1114/1114 1139/1139 1115/1115
f 1115/1115 1134/1134 1126/1126
f 1126/1126 1134/1134 1133/1133
f 1126/1126 1133/1133 1132/1132
f 1125/1125 1139/1139 1114/1114
f 1126/1126 1132/1132 1127/1127
f 1132/1132 1145/1145 1128/1128
f 1127/1127 1132/1132 1128/1128
f 1128/1128 1145/1145 1146/1146
f 1127/1127 1128/1128 1111/1111
f 1111/1111 1128/1128 1146/1146
f 1111/1111 1146/1146 1129/1129
f 1127/1127 1111/1111 908/908
f 994/994 1111/1111 1129/1129
f 994/994 1129/1129 1112/1112
f 993/993 994/994 1112/1112
f 884/884 883/883 885/885
f 891/891 994/994 993/993
f 944/944 913/913 920/920
f 896/896 902/902 895/895
f 894/894 893/893 892/892
f 892/892 879/879 878/878
f 879/879 876/876 878/878
f 880/880 878/878 877/877
f 880/880 881/881 882/882
f 882/882 881/881 883/883
f 882/882 883/883 884/884
f 884/884 885/885 886/886
f 886/886 887/887 888/888
f 887/887 891/891 890/890
f 888/888 887/887 890/890
f 890/890 891/891 993/993
f 924/924 919/919 917/917
f 924/924 917/917 923/923
f 923/923 917/917 918/918
f 894/894 892/892 928/928
f 923/923 918/918 929/929
f 928/928 892/892 927/927
f 927/927 892/892 926/926
f 926/926 892/892 878/878
f 926/926 878/878 925/925
f 925/925 878/878 880/880
f 925/925 880/880 882/882
f 920/920 919/919 930/930
f 919/919 924/924 930/930
f 932/932 924/924 933/933
f 933/933 924/924 923/923
f 933/933 923/923 929/929
f 929/929 918/918 896/896
f 940/940 896/896 894/894
f 940/940 894/894 928/928
f 926/926 925/925 938/938
f 934/934 884/884 886/886
f 935/935 886/886 888/888
f 935/935 888/888 936/936
f 936/936 888/888 939/939
f 888/888 890/890 939/939
f 939/939 890/890 945/945
f 944/944 920/920 931/931
f 931/931 920/920 930/930
f 1122/1122 1138/1138 1121/1121
f 1121/1121 1130/1130 1120/1120
f 1120/1120 1130/1130 1119/1119
f 1119/1119 1130/1130 1135/1135
f 1119/1119 1135/1135 1118/1118
f 1118/1118 1137/1137 1117/1117
f 1117/1117 1136/1136 1116/1116
f 1122/1122 1121/1121 921/921
f 1120/1120 1119/1119 915/915
f 1117/1117 1116/1116 903/903
f 1125/1125 1114/1114 900/900
f 1121/1121 1120/1120 911/911
f 915/915 1119/1119 916/916
f 916/916 1119/1119 1118/1118
f 1118/1118 1117/1117 904/904
f 904/904 1117/1117 903/903
f 898/898 1123/1123 1124/1124
f 922/922 1124/1124 1125/1125
f 922/922 1125/1125 900/900
f 1114/1114 1115/1115 907/907
f 906/906 1115/1115 1126/1126
f 908/908 1126/1126 1127/1127
f 921/921 1121/1121 911/911
f 916/916 1118/1118 905/905
f 905/905 1118/1118 904/904
f 1116/1116 1123/1123 897/897
f 903/903 1116/1116 897/897
f 1123/1123 898/898 897/897
f 899/899 898/898 1124/1124
f 899/899 1124/1124 922/922
f 900/900 1114/1114 901/901
f 901/901 1114/1114 907/907
f 907/907 1115/1115 906/906
f 906/906 1126/1126 908/908
f 911/911 1120/1120 915/915
f 910/910 921/921 911/911
f 899/899 922/922 900/900
f 889/889 900/900 901/901
f 885/885 907/907 906/906
f 885/885 906/906 887/887
f 910/910 911/911 912/912
f 912/912 911/911 914/914
f 911/911 915/915 914/914
f 914/914 915/915 916/916
f 914/914 916/916 909/909
f 909/909 916/916 905/905
f 905/905 904/904 902/902
f 904/904 903/903 902/902
f 902/902 903/903 895/895
f 895/895 903/903 897/897
f 895/895 897/897 893/893
f 893/893 897/897 879/879
f 876/876 898/898 899/899
f 899/899 900/900 881/881
f 901/901 907/907 889/889
f 913/913 910/910 912/912
f 909/909 905/905 902/902
f 879/879 897/897 876/876
f 897/897 898/898 876/876
f 876/876 899/899 877/877
f 877/877 899/899 881/881
f 900/900 889/889 881/881
f 889/889 907/907 885/885
f 906/906 908/908 887/887
f 887/887 908/908 891/891
f 891/891 908/908 994/994
f 908/908 1111/1111 994/994
f 892/892 893/893 879/879
f 883/883 881/881 889/889
f 889/889 885/885 883/883
f 886/886 885/885 887/887
f 913/913 912/912 919/919
f 919/919 912/912 917/917
f 912/912 914/914 917/917
f 914/914 909/909 917/917
f 880/880 877/877 881/881
f 920/920 913/913 919/919

